kepid,kepoi_name,koi_disposition,prediction_label
10797460,K00752.01,CONFIRMED,Exoplanet Candidate
10797460,K00752.02,CONFIRMED,Exoplanet Candidate
10811496,K00753.01,CANDIDATE,Exoplanet Candidate
10848459,K00754.01,FALSE POSITIVE,False Positive
10854555,K00755.01,CONFIRMED,Exoplanet Candidate
10872983,K00756.01,CONFIRMED,Exoplanet Candidate
10872983,K00756.02,CONFIRMED,Exoplanet Candidate
10872983,K00756.03,CONFIRMED,Exoplanet Candidate
6721123,K00114.01,FALSE POSITIVE,False Positive
10910878,K00757.01,CONFIRMED,Exoplanet Candidate
11446443,K00001.01,CONFIRMED,Exoplanet Candidate
10666592,K00002.01,CONFIRMED,Exoplanet Candidate
6922244,K00010.01,CONFIRMED,Exoplanet Candidate
10984090,K00112.02,CONFIRMED,Exoplanet Candidate
10419211,K00742.01,FALSE POSITIVE,False Positive
10464078,K00743.01,FALSE POSITIVE,False Positive
10480982,K00744.01,FALSE POSITIVE,False Positive
10485250,K00745.01,FALSE POSITIVE,False Positive
10526549,K00746.01,CONFIRMED,Exoplanet Candidate
10583066,K00747.01,CONFIRMED,Exoplanet Candidate
10583180,K00748.01,FALSE POSITIVE,False Positive
10601284,K00749.01,CONFIRMED,Exoplanet Candidate
10601284,K00749.02,CONFIRMED,Exoplanet Candidate
10601284,K00749.03,CONFIRMED,Exoplanet Candidate
2306756,K00113.01,FALSE POSITIVE,False Positive
10662202,K00750.01,CONFIRMED,Exoplanet Candidate
10682541,K00751.01,CONFIRMED,Exoplanet Candidate
11460018,K00769.01,CONFIRMED,Exoplanet Candidate
11463211,K00770.01,FALSE POSITIVE,False Positive
11465813,K00771.01,FALSE POSITIVE,False Positive
11493732,K00772.01,FALSE POSITIVE,False Positive
11507101,K00773.01,CONFIRMED,Exoplanet Candidate
10910878,K00757.02,CONFIRMED,Exoplanet Candidate
10910878,K00757.03,CONFIRMED,Exoplanet Candidate
10987985,K00758.01,CONFIRMED,Exoplanet Candidate
11018648,K00759.01,CONFIRMED,Exoplanet Candidate
11018648,K00759.02,CONFIRMED,Exoplanet Candidate
11138155,K00760.01,CONFIRMED,Exoplanet Candidate
11152159,K00761.01,FALSE POSITIVE,False Positive
11153539,K00762.01,CONFIRMED,Exoplanet Candidate
11242721,K00763.01,FALSE POSITIVE,False Positive
9579641,K00115.01,CONFIRMED,Exoplanet Candidate
11304958,K00764.01,CONFIRMED,Exoplanet Candidate
11391957,K00765.01,CONFIRMED,Exoplanet Candidate
11403044,K00766.01,CONFIRMED,Exoplanet Candidate
11414511,K00767.01,CONFIRMED,Exoplanet Candidate
11442465,K00768.01,FALSE POSITIVE,False Positive
12110942,K00786.01,CONFIRMED,Exoplanet Candidate
12366084,K00787.01,CONFIRMED,Exoplanet Candidate
12366084,K00787.02,CONFIRMED,Exoplanet Candidate
12404086,K00788.01,CONFIRMED,Exoplanet Candidate
8395660,K00116.01,CONFIRMED,Exoplanet Candidate
9579641,K00115.02,CONFIRMED,Exoplanet Candidate
11656840,K00774.01,FALSE POSITIVE,False Positive
11754553,K00775.01,CONFIRMED,Exoplanet Candidate
11754553,K00775.02,CONFIRMED,Exoplanet Candidate
11754553,K00775.03,CONFIRMED,Exoplanet Candidate
11812062,K00776.01,CONFIRMED,Exoplanet Candidate
11818800,K00777.01,CANDIDATE,Exoplanet Candidate
11853255,K00778.01,CONFIRMED,Exoplanet Candidate
11909839,K00779.01,FALSE POSITIVE,False Positive
11918099,K00780.01,CONFIRMED,Exoplanet Candidate
11918099,K00780.02,CANDIDATE,Exoplanet Candidate
9579641,K00115.03,CANDIDATE,Exoplanet Candidate
11923270,K00781.01,CONFIRMED,Exoplanet Candidate
11960862,K00782.01,CONFIRMED,Exoplanet Candidate
12020329,K00783.01,CONFIRMED,Exoplanet Candidate
12066335,K00784.01,CONFIRMED,Exoplanet Candidate
12066335,K00784.02,CONFIRMED,Exoplanet Candidate
12070811,K00785.01,CONFIRMED,Exoplanet Candidate
8395660,K00116.02,CONFIRMED,Exoplanet Candidate
3120431,K00798.01,FALSE POSITIVE,False Positive
3246984,K00799.01,FALSE POSITIVE,False Positive
3342970,K00800.01,CONFIRMED,Exoplanet Candidate
3342970,K00800.02,CONFIRMED,Exoplanet Candidate
12459725,K00789.01,FALSE POSITIVE,False Positive
12470844,K00790.01,CONFIRMED,Exoplanet Candidate
12470844,K00790.02,CONFIRMED,Exoplanet Candidate
12644822,K00791.01,CONFIRMED,Exoplanet Candidate
2440757,K00792.01,FALSE POSITIVE,False Positive
2445129,K00793.01,FALSE POSITIVE,False Positive
2713049,K00794.01,CONFIRMED,Exoplanet Candidate
3114167,K00795.01,CONFIRMED,Exoplanet Candidate
3114661,K00796.01,FALSE POSITIVE,False Positive
3115833,K00797.01,CANDIDATE,Exoplanet Candidate
4139816,K00812.02,CONFIRMED,Exoplanet Candidate
4139816,K00812.03,CONFIRMED,Exoplanet Candidate
8395660,K00116.04,CONFIRMED,Exoplanet Candidate
4139816,K00812.04,CONFIRMED,Exoplanet Candidate
4275191,K00813.01,CONFIRMED,Exoplanet Candidate
4476123,K00814.01,CONFIRMED,Exoplanet Candidate
3351888,K00801.01,CONFIRMED,Exoplanet Candidate
3453214,K00802.01,CANDIDATE,Exoplanet Candidate
3554600,K00803.01,FALSE POSITIVE,False Positive
3641726,K00804.01,CONFIRMED,Exoplanet Candidate
3734868,K00805.01,FALSE POSITIVE,False Positive
3832474,K00806.01,CONFIRMED,Exoplanet Candidate
8395660,K00116.03,CONFIRMED,Exoplanet Candidate
3832474,K00806.02,CONFIRMED,Exoplanet Candidate
3832474,K00806.03,CONFIRMED,Exoplanet Candidate
3836375,K00807.01,FALSE POSITIVE,False Positive
3838486,K00808.01,FALSE POSITIVE,False Positive
3935914,K00809.01,CONFIRMED,Exoplanet Candidate
3940418,K00810.01,CONFIRMED,Exoplanet Candidate
4049131,K00811.01,CONFIRMED,Exoplanet Candidate
4139816,K00812.01,CONFIRMED,Exoplanet Candidate
5287983,K00828.01,FALSE POSITIVE,False Positive
5358241,K00829.01,CONFIRMED,Exoplanet Candidate
10875245,K00117.02,CONFIRMED,Exoplanet Candidate
5358241,K00829.02,CONFIRMED,Exoplanet Candidate
5358241,K00829.03,CONFIRMED,Exoplanet Candidate
5358624,K00830.01,CONFIRMED,Exoplanet Candidate
4544670,K00815.01,CANDIDATE,Exoplanet Candidate
4664847,K00816.01,CONFIRMED,Exoplanet Candidate
4725681,K00817.01,CONFIRMED,Exoplanet Candidate
4725681,K00817.02,CONFIRMED,Exoplanet Candidate
4913852,K00818.01,CONFIRMED,Exoplanet Candidate
4932348,K00819.01,FALSE POSITIVE,False Positive
4936180,K00820.01,CANDIDATE,False Positive
11913073,K00011.01,FALSE POSITIVE,False Positive
10875245,K00117.01,CONFIRMED,Exoplanet Candidate
5021899,K00821.01,CONFIRMED,Exoplanet Candidate
5077629,K00822.01,FALSE POSITIVE,False Positive
5115978,K00823.01,CANDIDATE,False Positive
5164255,K00824.01,CONFIRMED,Exoplanet Candidate
5252423,K00825.01,CONFIRMED,Exoplanet Candidate
5252423,K00825.02,CONFIRMED,Exoplanet Candidate
5272878,K00826.01,CONFIRMED,Exoplanet Candidate
5283542,K00827.01,FALSE POSITIVE,False Positive
5649215,K00839.01,FALSE POSITIVE,False Positive
5651104,K00840.01,CONFIRMED,Exoplanet Candidate
5792202,K00841.01,CONFIRMED,Exoplanet Candidate
10875245,K00117.04,CONFIRMED,Exoplanet Candidate
5792202,K00841.02,CONFIRMED,Exoplanet Candidate
5370302,K00831.01,FALSE POSITIVE,False Positive
5372966,K00832.01,FALSE POSITIVE,False Positive
5376067,K00833.01,FALSE POSITIVE,False Positive
5436502,K00834.01,CONFIRMED,Exoplanet Candidate
5436502,K00834.02,CONFIRMED,Exoplanet Candidate
5436502,K00834.03,CONFIRMED,Exoplanet Candidate
5436502,K00834.04,CONFIRMED,Exoplanet Candidate
10875245,K00117.03,CONFIRMED,Exoplanet Candidate
5436502,K00834.05,CONFIRMED,Exoplanet Candidate
5456651,K00835.01,CONFIRMED,Exoplanet Candidate
5456651,K00835.02,CONFIRMED,Exoplanet Candidate
5481416,K00836.01,FALSE POSITIVE,False Positive
5531576,K00837.01,CONFIRMED,Exoplanet Candidate
5531576,K00837.02,CONFIRMED,Exoplanet Candidate
5534814,K00838.01,FALSE POSITIVE,False Positive
6291653,K00850.01,CONFIRMED,Exoplanet Candidate
6392727,K00851.01,CONFIRMED,Exoplanet Candidate
6422070,K00852.01,CONFIRMED,Exoplanet Candidate
6428700,K00853.01,CONFIRMED,Exoplanet Candidate
6428700,K00853.02,CONFIRMED,Exoplanet Candidate
5792202,K00841.03,CONFIRMED,Exoplanet Candidate
5794379,K00842.01,CONFIRMED,Exoplanet Candidate
5794379,K00842.02,CONFIRMED,Exoplanet Candidate
5881688,K00843.01,CONFIRMED,Exoplanet Candidate
6022556,K00844.01,CONFIRMED,Exoplanet Candidate
6032497,K00845.01,CONFIRMED,Exoplanet Candidate
6061119,K00846.01,CONFIRMED,Exoplanet Candidate
6191521,K00847.01,CONFIRMED,Exoplanet Candidate
6267425,K00848.01,FALSE POSITIVE,False Positive
3531558,K00118.01,CONFIRMED,Exoplanet Candidate
6276477,K00849.01,CONFIRMED,Exoplanet Candidate
6863998,K00867.01,CONFIRMED,Exoplanet Candidate
6867155,K00868.01,CANDIDATE,Exoplanet Candidate
6948054,K00869.01,CONFIRMED,Exoplanet Candidate
6948054,K00869.02,CONFIRMED,Exoplanet Candidate
6948054,K00869.03,CONFIRMED,Exoplanet Candidate
6435936,K00854.01,CONFIRMED,Exoplanet Candidate
6522242,K00855.01,CONFIRMED,Exoplanet Candidate
6526710,K00856.01,CANDIDATE,Exoplanet Candidate
6587280,K00857.01,CONFIRMED,Exoplanet Candidate
9471974,K00119.01,CONFIRMED,Exoplanet Candidate
6587280,K00857.02,CONFIRMED,Exoplanet Candidate
6599919,K00858.01,CANDIDATE,Exoplanet Candidate
6675056,K00859.01,FALSE POSITIVE,Exoplanet Candidate
6685526,K00861.01,CONFIRMED,Exoplanet Candidate
6756669,K00862.01,FALSE POSITIVE,False Positive
6784235,K00863.01,CONFIRMED,Exoplanet Candidate
6849310,K00864.01,CONFIRMED,Exoplanet Candidate
6849310,K00864.02,CONFIRMED,Exoplanet Candidate
6849310,K00864.03,CONFIRMED,Exoplanet Candidate
6862328,K00865.01,CANDIDATE,Exoplanet Candidate
9471974,K00119.02,CONFIRMED,Exoplanet Candidate
6862603,K00866.01,FALSE POSITIVE,False Positive
7366258,K00880.01,CONFIRMED,Exoplanet Candidate
7366258,K00880.02,CONFIRMED,Exoplanet Candidate
7366258,K00880.03,CONFIRMED,Exoplanet Candidate
7366258,K00880.04,CONFIRMED,Exoplanet Candidate
7373451,K00881.01,CONFIRMED,Exoplanet Candidate
6948054,K00869.04,CONFIRMED,Exoplanet Candidate
6949607,K00870.01,CONFIRMED,Exoplanet Candidate
6949607,K00870.02,CONFIRMED,Exoplanet Candidate
7031517,K00871.01,CANDIDATE,False Positive
11869052,K00120.01,FALSE POSITIVE,False Positive
7109675,K00872.01,CONFIRMED,Exoplanet Candidate
7109675,K00872.02,CONFIRMED,Exoplanet Candidate
7118364,K00873.01,CONFIRMED,Exoplanet Candidate
7134976,K00874.01,CONFIRMED,Exoplanet Candidate
7134976,K00874.02,CONFIRMED,Exoplanet Candidate
7135852,K00875.01,CONFIRMED,Exoplanet Candidate
7270230,K00876.01,FALSE POSITIVE,False Positive
7287995,K00877.01,CONFIRMED,Exoplanet Candidate
7287995,K00877.02,CONFIRMED,Exoplanet Candidate
7287995,K00877.03,CONFIRMED,Exoplanet Candidate
3247396,K00121.01,FALSE POSITIVE,False Positive
7303253,K00878.01,CONFIRMED,Exoplanet Candidate
5094751,K00123.01,CONFIRMED,Exoplanet Candidate
7678434,K00892.01,CONFIRMED,Exoplanet Candidate
7678434,K00892.02,CONFIRMED,Exoplanet Candidate
7685981,K00893.01,CONFIRMED,Exoplanet Candidate
7708215,K00894.01,FALSE POSITIVE,False Positive
7373451,K00881.02,CONFIRMED,Exoplanet Candidate
7377033,K00882.01,FALSE POSITIVE,False Positive
7380537,K00883.01,CANDIDATE,False Positive
7434875,K00884.01,CONFIRMED,Exoplanet Candidate
8349582,K00122.01,CONFIRMED,Exoplanet Candidate
7434875,K00884.02,CONFIRMED,Exoplanet Candidate
7434875,K00884.03,CONFIRMED,Exoplanet Candidate
7455287,K00886.01,CONFIRMED,Exoplanet Candidate
7455287,K00886.02,CONFIRMED,Exoplanet Candidate
7455287,K00886.03,CONFIRMED,Exoplanet Candidate
7458762,K00887.01,CONFIRMED,Exoplanet Candidate
7552344,K00888.01,FALSE POSITIVE,False Positive
757450,K00889.01,CONFIRMED,Exoplanet Candidate
7585481,K00890.01,CONFIRMED,Exoplanet Candidate
7663691,K00891.01,CONFIRMED,Exoplanet Candidate
5812701,K00012.01,CONFIRMED,Exoplanet Candidate
8013419,K00901.01,CANDIDATE,Exoplanet Candidate
8018547,K00902.01,CANDIDATE,Exoplanet Candidate
8039892,K00903.01,CONFIRMED,Exoplanet Candidate
8150320,K00904.01,CONFIRMED,Exoplanet Candidate
8150320,K00904.02,CONFIRMED,Exoplanet Candidate
11086270,K00124.01,CONFIRMED,Exoplanet Candidate
7767559,K00895.01,FALSE POSITIVE,False Positive
7825899,K00896.01,CONFIRMED,Exoplanet Candidate
7825899,K00896.02,CONFIRMED,Exoplanet Candidate
7849854,K00897.01,CONFIRMED,Exoplanet Candidate
7870390,K00898.01,CONFIRMED,Exoplanet Candidate
7870390,K00898.02,CONFIRMED,Exoplanet Candidate
5094751,K00123.02,CONFIRMED,Exoplanet Candidate
7870390,K00898.03,CONFIRMED,Exoplanet Candidate
7907423,K00899.01,CONFIRMED,Exoplanet Candidate
7907423,K00899.02,CONFIRMED,Exoplanet Candidate
7907423,K00899.03,CONFIRMED,Exoplanet Candidate
7938496,K00900.01,CONFIRMED,Exoplanet Candidate
8490993,K00911.01,CONFIRMED,Exoplanet Candidate
8490993,K00911.02,CONFIRMED,Exoplanet Candidate
8505670,K00912.01,CONFIRMED,Exoplanet Candidate
8505670,K00912.02,CONFIRMED,Exoplanet Candidate
8544996,K00913.01,CONFIRMED,Exoplanet Candidate
8552202,K00914.01,CANDIDATE,Exoplanet Candidate
8150320,K00904.03,CONFIRMED,Exoplanet Candidate
8150320,K00904.04,CONFIRMED,Exoplanet Candidate
8150320,K00904.05,CONFIRMED,Exoplanet Candidate
8180063,K00905.01,FALSE POSITIVE,False Positive
8226994,K00906.01,CONFIRMED,Exoplanet Candidate
8226994,K00906.02,CONFIRMED,Exoplanet Candidate
8226994,K00906.03,CONFIRMED,Exoplanet Candidate
8247638,K00907.01,CONFIRMED,Exoplanet Candidate
8247638,K00907.02,CONFIRMED,Exoplanet Candidate
8247638,K00907.03,CONFIRMED,Exoplanet Candidate
11086270,K00124.02,CONFIRMED,Exoplanet Candidate
8247638,K00907.04,CONFIRMED,Exoplanet Candidate
8255887,K00908.01,CONFIRMED,Exoplanet Candidate
8256049,K00909.01,FALSE POSITIVE,False Positive
8414716,K00910.01,CONFIRMED,Exoplanet Candidate
9140402,K00928.01,CANDIDATE,Exoplanet Candidate
9141746,K00929.01,CONFIRMED,Exoplanet Candidate
9159275,K00930.01,FALSE POSITIVE,False Positive
9166862,K00931.01,CONFIRMED,Exoplanet Candidate
9166870,K00932.01,FALSE POSITIVE,False Positive
11449844,K00125.01,CONFIRMED,Exoplanet Candidate
8605074,K00915.01,FALSE POSITIVE,False Positive
8628973,K00916.01,CONFIRMED,Exoplanet Candidate
8655354,K00917.01,FALSE POSITIVE,False Positive
8672910,K00918.01,CONFIRMED,Exoplanet Candidate
8686150,K00919.01,FALSE POSITIVE,False Positive
8689031,K00920.01,CONFIRMED,Exoplanet Candidate
8689373,K00921.01,CONFIRMED,Exoplanet Candidate
8689373,K00921.02,CONFIRMED,Exoplanet Candidate
8689373,K00921.03,CONFIRMED,Exoplanet Candidate
8826878,K00922.01,CONFIRMED,Exoplanet Candidate
5897826,K00126.01,FALSE POSITIVE,False Positive
8883593,K00923.01,CONFIRMED,Exoplanet Candidate
8951215,K00924.01,CANDIDATE,Exoplanet Candidate
9016295,K00925.01,FALSE POSITIVE,False Positive
9077124,K00926.01,CONFIRMED,Exoplanet Candidate
9097120,K00927.01,FALSE POSITIVE,False Positive
9466668,K00939.01,CONFIRMED,Exoplanet Candidate
9466668,K00939.02,CONFIRMED,Exoplanet Candidate
9466668,K00939.03,CONFIRMED,Exoplanet Candidate
9466668,K00939.04,CONFIRMED,Exoplanet Candidate
9479273,K00940.01,CONFIRMED,Exoplanet Candidate
8359498,K00127.01,CONFIRMED,Exoplanet Candidate
9171801,K00933.01,FALSE POSITIVE,False Positive
9334289,K00934.01,CONFIRMED,Exoplanet Candidate
9334289,K00934.02,CONFIRMED,Exoplanet Candidate
9334289,K00934.03,CONFIRMED,Exoplanet Candidate
9347899,K00935.01,CONFIRMED,Exoplanet Candidate
9347899,K00935.02,CONFIRMED,Exoplanet Candidate
9347899,K00935.03,CONFIRMED,Exoplanet Candidate
9347899,K00935.04,CANDIDATE,Exoplanet Candidate
9388479,K00936.01,CONFIRMED,Exoplanet Candidate
9388479,K00936.02,CONFIRMED,Exoplanet Candidate
11359879,K00128.01,CONFIRMED,Exoplanet Candidate
9406990,K00937.01,CONFIRMED,Exoplanet Candidate
9415172,K00938.01,CONFIRMED,Exoplanet Candidate
9415172,K00938.02,CONFIRMED,Exoplanet Candidate
9415172,K00938.03,CONFIRMED,Exoplanet Candidate
9904059,K00145.01,FALSE POSITIVE,False Positive
3231341,K01102.02,CONFIRMED,Exoplanet Candidate
3231341,K01102.03,CONFIRMED,False Positive
3231341,K01102.04,CONFIRMED,Exoplanet Candidate
2860866,K01103.01,CANDIDATE,Exoplanet Candidate
7626506,K00150.02,CONFIRMED,Exoplanet Candidate
10460629,K01168.01,CANDIDATE,Exoplanet Candidate
10319385,K01169.01,CANDIDATE,Exoplanet Candidate
10482160,K01170.01,CONFIRMED,Exoplanet Candidate
10485069,K01171.01,FALSE POSITIVE,False Positive
3233043,K00966.01,FALSE POSITIVE,False Positive
6579806,K00967.01,FALSE POSITIVE,False Positive
3560301,K00968.01,FALSE POSITIVE,False Positive
4044005,K00969.01,FALSE POSITIVE,Exoplanet Candidate
11502218,K00970.01,CANDIDATE,Exoplanet Candidate
11180361,K00971.01,CANDIDATE,False Positive
5802246,K01044.01,FALSE POSITIVE,False Positive
6066403,K01045.01,FALSE POSITIVE,False Positive
6209637,K01046.01,FALSE POSITIVE,False Positive
5988031,K01047.01,FALSE POSITIVE,False Positive
7684873,K00014.01,FALSE POSITIVE,False Positive
8559644,K00139.01,CONFIRMED,Exoplanet Candidate
2851100,K01104.01,FALSE POSITIVE,False Positive
3130300,K01105.01,FALSE POSITIVE,False Positive
3240158,K01106.01,CONFIRMED,Exoplanet Candidate
3240158,K01106.02,CONFIRMED,Exoplanet Candidate
3228959,K01107.01,FALSE POSITIVE,False Positive
3218908,K01108.01,CONFIRMED,Exoplanet Candidate
10341913,K01172.01,FALSE POSITIVE,False Positive
10480921,K01173.01,FALSE POSITIVE,False Positive
10287723,K01174.01,CANDIDATE,Exoplanet Candidate
10350571,K01175.01,CONFIRMED,Exoplanet Candidate
10350571,K01175.02,CONFIRMED,Exoplanet Candidate
3749365,K01176.01,CONFIRMED,Exoplanet Candidate
11013201,K00972.01,CONFIRMED,Exoplanet Candidate
11673674,K00133.01,FALSE POSITIVE,False Positive
11013201,K00972.02,CANDIDATE,Exoplanet Candidate
9414417,K00974.01,CANDIDATE,Exoplanet Candidate
3632418,K00975.01,CONFIRMED,Exoplanet Candidate
3441784,K00976.01,FALSE POSITIVE,False Positive
5820218,K01048.01,FALSE POSITIVE,False Positive
5876368,K01049.01,FALSE POSITIVE,False Positive
5809890,K01050.01,CONFIRMED,Exoplanet Candidate
5809890,K01050.02,CONFIRMED,Exoplanet Candidate
6131236,K01051.01,CONFIRMED,Exoplanet Candidate
9048161,K00146.01,FALSE POSITIVE,False Positive
3218908,K01108.02,CONFIRMED,Exoplanet Candidate
3218908,K01108.03,CONFIRMED,Exoplanet Candidate
3235672,K01109.01,FALSE POSITIVE,False Positive
2837111,K01110.01,CONFIRMED,Exoplanet Candidate
3120276,K01111.01,FALSE POSITIVE,False Positive
2307199,K00151.01,CANDIDATE,Exoplanet Candidate
3547091,K01177.01,FALSE POSITIVE,False Positive
3869825,K01178.01,FALSE POSITIVE,False Positive
3655332,K01179.01,FALSE POSITIVE,False Positive
4042026,K01180.01,FALSE POSITIVE,False Positive
3344419,K01181.01,FALSE POSITIVE,False Positive
11192141,K00977.01,FALSE POSITIVE,False Positive
11494130,K00978.01,FALSE POSITIVE,False Positive
5648449,K00979.01,FALSE POSITIVE,False Positive
12167361,K00980.01,FALSE POSITIVE,False Positive
8607720,K00981.01,FALSE POSITIVE,False Positive
1433962,K00982.01,FALSE POSITIVE,False Positive
9032900,K00134.01,CONFIRMED,Exoplanet Candidate
5956342,K01052.01,CONFIRMED,Exoplanet Candidate
5956342,K01052.02,CONFIRMED,Exoplanet Candidate
5956342,K01052.03,CONFIRMED,Exoplanet Candidate
5956342,K01052.04,CONFIRMED,Exoplanet Candidate
5956656,K01053.01,CONFIRMED,Exoplanet Candidate
3109930,K01112.01,CONFIRMED,Exoplanet Candidate
2854914,K01113.01,CONFIRMED,Exoplanet Candidate
2854914,K01113.02,CONFIRMED,Exoplanet Candidate
3337425,K01114.01,FALSE POSITIVE,False Positive
3116412,K01115.01,CONFIRMED,Exoplanet Candidate
3865567,K01182.01,FALSE POSITIVE,False Positive
3544689,K01183.01,FALSE POSITIVE,False Positive
4037164,K01184.01,FALSE POSITIVE,False Positive
3443790,K01185.01,FALSE POSITIVE,False Positive
3966912,K01186.01,FALSE POSITIVE,False Positive
8394721,K00152.01,CONFIRMED,Exoplanet Candidate
11607193,K00983.01,FALSE POSITIVE,False Positive
1161345,K00984.01,CONFIRMED,Exoplanet Candidate
10227501,K00985.01,FALSE POSITIVE,False Positive
2854698,K00986.01,CONFIRMED,Exoplanet Candidate
2854698,K00986.02,CONFIRMED,Exoplanet Candidate
8559644,K00139.02,CONFIRMED,Exoplanet Candidate
6032981,K01054.01,FALSE POSITIVE,False Positive
5866099,K01055.01,FALSE POSITIVE,False Positive
5964985,K01056.01,FALSE POSITIVE,False Positive
6066416,K01057.01,FALSE POSITIVE,False Positive
1996679,K00147.01,FALSE POSITIVE,False Positive
2849805,K01116.01,CONFIRMED,Exoplanet Candidate
3114811,K01117.01,CONFIRMED,Exoplanet Candidate
2853446,K01118.01,CANDIDATE,Exoplanet Candidate
3003992,K01119.01,FALSE POSITIVE,False Positive
3942446,K01193.01,CANDIDATE,Exoplanet Candidate
3554031,K01194.01,CONFIRMED,Exoplanet Candidate
3554031,K01194.02,CANDIDATE,Exoplanet Candidate
3554031,K01194.03,CONFIRMED,Exoplanet Candidate
8394721,K00152.02,CONFIRMED,Exoplanet Candidate
7295235,K00987.01,CONFIRMED,Exoplanet Candidate
2302548,K00988.01,CONFIRMED,Exoplanet Candidate
2302548,K00988.02,CONFIRMED,Exoplanet Candidate
10743597,K00989.01,FALSE POSITIVE,False Positive
10743597,K00989.02,FALSE POSITIVE,False Positive
9818381,K00135.01,CONFIRMED,Exoplanet Candidate
6124941,K01058.01,FALSE POSITIVE,False Positive
6060203,K01059.01,CONFIRMED,Exoplanet Candidate
5880320,K01060.01,CONFIRMED,Exoplanet Candidate
5880320,K01060.02,CONFIRMED,Exoplanet Candidate
5880320,K01060.03,CONFIRMED,Exoplanet Candidate
3003992,K01119.02,FALSE POSITIVE,False Positive
6307537,K01120.01,FALSE POSITIVE,False Positive
6359798,K01121.01,FALSE POSITIVE,False Positive
6311681,K01122.01,FALSE POSITIVE,False Positive
6365321,K01123.01,FALSE POSITIVE,False Positive
6301035,K01124.01,FALSE POSITIVE,False Positive
3859079,K01199.01,CONFIRMED,Exoplanet Candidate
3557493,K01200.01,FALSE POSITIVE,False Positive
4061149,K01201.01,CONFIRMED,Exoplanet Candidate
3444588,K01202.01,CONFIRMED,Exoplanet Candidate
8394721,K00152.03,CONFIRMED,Exoplanet Candidate
3962243,K01203.01,CONFIRMED,Exoplanet Candidate
10743597,K00989.03,CANDIDATE,Exoplanet Candidate
10015516,K00990.01,FALSE POSITIVE,False Positive
10154388,K00991.01,CONFIRMED,Exoplanet Candidate
1432789,K00992.01,CONFIRMED,Exoplanet Candidate
1718189,K00993.01,CONFIRMED,Exoplanet Candidate
5880320,K01060.04,CONFIRMED,Exoplanet Candidate
5130369,K00140.01,FALSE POSITIVE,False Positive
6037187,K01061.01,CONFIRMED,Exoplanet Candidate
6147122,K01062.01,FALSE POSITIVE,False Positive
8257407,K01063.01,FALSE POSITIVE,False Positive
8218274,K01064.01,FALSE POSITIVE,False Positive
3964562,K00015.01,FALSE POSITIVE,False Positive
5735762,K00148.01,CONFIRMED,Exoplanet Candidate
6292162,K01125.01,FALSE POSITIVE,False Positive
6307521,K01126.01,FALSE POSITIVE,False Positive
6359320,K01127.01,CONFIRMED,Exoplanet Candidate
3848972,K01187.01,FALSE POSITIVE,False Positive
3860441,K01188.01,FALSE POSITIVE,False Positive
3765771,K01189.01,FALSE POSITIVE,False Positive
3557341,K01190.01,FALSE POSITIVE,False Positive
3859628,K01191.01,CONFIRMED,Exoplanet Candidate
3644071,K01192.01,CANDIDATE,False Positive
1718189,K00993.02,CONFIRMED,Exoplanet Candidate
1431122,K00994.01,CANDIDATE,Exoplanet Candidate
3858949,K00995.01,FALSE POSITIVE,False Positive
3858824,K00996.01,FALSE POSITIVE,False Positive
2157247,K00997.01,FALSE POSITIVE,False Positive
7601633,K00136.01,FALSE POSITIVE,False Positive
8242681,K01065.01,FALSE POSITIVE,False Positive
8260218,K01066.01,CANDIDATE,Exoplanet Candidate
8246781,K01067.01,FALSE POSITIVE,False Positive
8264070,K01068.01,FALSE POSITIVE,False Positive
8222813,K01069.01,CONFIRMED,Exoplanet Candidate
6359320,K01127.02,CONFIRMED,Exoplanet Candidate
6359320,K01127.03,CANDIDATE,Exoplanet Candidate
6362874,K01128.01,CONFIRMED,Exoplanet Candidate
6272413,K01129.01,CONFIRMED,Exoplanet Candidate
8279765,K01130.01,FALSE POSITIVE,False Positive
8330548,K01132.01,FALSE POSITIVE,False Positive
3348082,K01196.01,FALSE POSITIVE,Exoplanet Candidate
3853673,K01197.01,FALSE POSITIVE,False Positive
3447722,K01198.01,CONFIRMED,Exoplanet Candidate
3447722,K01198.02,CONFIRMED,Exoplanet Candidate
3447722,K01198.03,CONFIRMED,Exoplanet Candidate
3447722,K01198.04,CANDIDATE,False Positive
1432214,K00998.01,FALSE POSITIVE,False Positive
2165002,K00999.01,CONFIRMED,Exoplanet Candidate
2165002,K00999.02,CONFIRMED,Exoplanet Candidate
2441728,K01000.01,FALSE POSITIVE,False Positive
1871056,K01001.01,CONFIRMED,Exoplanet Candidate
8222813,K01069.02,CONFIRMED,Exoplanet Candidate
12105051,K00141.01,CANDIDATE,Exoplanet Candidate
8240904,K01070.01,CONFIRMED,Exoplanet Candidate
8240904,K01070.02,CONFIRMED,Exoplanet Candidate
8240904,K01070.03,CANDIDATE,Exoplanet Candidate
8374494,K01133.01,FALSE POSITIVE,False Positive
5735762,K00148.02,CONFIRMED,Exoplanet Candidate
8414907,K01134.01,FALSE POSITIVE,False Positive
8414907,K01134.02,FALSE POSITIVE,False Positive
8397446,K01135.01,FALSE POSITIVE,False Positive
8386035,K01136.01,FALSE POSITIVE,False Positive
3962243,K01203.02,CONFIRMED,Exoplanet Candidate
3962243,K01203.03,CONFIRMED,Exoplanet Candidate
3438507,K01204.01,CONFIRMED,Exoplanet Candidate
3869014,K01205.01,CONFIRMED,Exoplanet Candidate
3756801,K01206.01,CANDIDATE,Exoplanet Candidate
1871056,K01001.02,CONFIRMED,Exoplanet Candidate
1865042,K01002.01,CONFIRMED,Exoplanet Candidate
2438502,K01003.01,FALSE POSITIVE,False Positive
2309585,K01004.01,FALSE POSITIVE,False Positive
5780460,K01005.01,CONFIRMED,Exoplanet Candidate
8244190,K01071.01,FALSE POSITIVE,False Positive
8229696,K01072.01,CONFIRMED,Exoplanet Candidate
8262210,K01073.01,FALSE POSITIVE,False Positive
10272640,K01074.01,CONFIRMED,Exoplanet Candidate
10232123,K01075.01,FALSE POSITIVE,False Positive
10223616,K01076.01,FALSE POSITIVE,False Positive
8415745,K01138.01,FALSE POSITIVE,False Positive
8378634,K01139.01,FALSE POSITIVE,False Positive
8397675,K01140.01,FALSE POSITIVE,False Positive
8346392,K01141.01,CONFIRMED,Exoplanet Candidate
8288947,K01142.01,CONFIRMED,Exoplanet Candidate
8312852,K01143.01,FALSE POSITIVE,False Positive
9480189,K00941.01,CONFIRMED,Exoplanet Candidate
11974540,K00129.01,CONFIRMED,Exoplanet Candidate
9480189,K00941.02,CONFIRMED,Exoplanet Candidate
9480189,K00941.03,CONFIRMED,Exoplanet Candidate
9512687,K00942.01,CONFIRMED,Exoplanet Candidate
8644288,K00137.01,CONFIRMED,Exoplanet Candidate
5738346,K01006.01,FALSE POSITIVE,False Positive
1725016,K01007.01,CONFIRMED,Exoplanet Candidate
1722276,K01008.01,FALSE POSITIVE,False Positive
892772,K01009.01,FALSE POSITIVE,False Positive
1027438,K01010.01,FALSE POSITIVE,False Positive
10268907,K01077.01,FALSE POSITIVE,False Positive
5446285,K00142.01,CONFIRMED,Exoplanet Candidate
10166274,K01078.01,CONFIRMED,Exoplanet Candidate
10166274,K01078.02,CONFIRMED,Exoplanet Candidate
10166274,K01078.03,CONFIRMED,Exoplanet Candidate
10153827,K01079.01,FALSE POSITIVE,False Positive
5735762,K00148.03,CONFIRMED,Exoplanet Candidate
8302450,K01144.01,FALSE POSITIVE,False Positive
8313667,K01145.01,CANDIDATE,Exoplanet Candidate
8351704,K01146.01,CONFIRMED,Exoplanet Candidate
8299955,K01147.01,FALSE POSITIVE,False Positive
9513865,K00943.01,CONFIRMED,Exoplanet Candidate
9595686,K00944.01,FALSE POSITIVE,False Positive
9605514,K00945.01,CONFIRMED,Exoplanet Candidate
9605514,K00945.02,CONFIRMED,Exoplanet Candidate
9661877,K00946.01,FALSE POSITIVE,False Positive
5728283,K01011.01,FALSE POSITIVE,False Positive
8127639,K01012.01,FALSE POSITIVE,False Positive
6047498,K01013.01,FALSE POSITIVE,False Positive
8125580,K01014.01,CONFIRMED,Exoplanet Candidate
8158127,K01015.01,CONFIRMED,Exoplanet Candidate
10158990,K01080.01,FALSE POSITIVE,False Positive
10149023,K01081.01,CANDIDATE,False Positive
10141900,K01082.01,CONFIRMED,Exoplanet Candidate
10141900,K01082.02,CONFIRMED,Exoplanet Candidate
10141900,K01082.03,CONFIRMED,Exoplanet Candidate
8410727,K01148.01,CONFIRMED,Exoplanet Candidate
8410727,K01148.02,CONFIRMED,Exoplanet Candidate
8349405,K01149.01,FALSE POSITIVE,False Positive
8278371,K01150.01,CONFIRMED,Exoplanet Candidate
8280511,K01151.01,CONFIRMED,Exoplanet Candidate
8280511,K01151.02,CONFIRMED,Exoplanet Candidate
9710326,K00947.01,CONFIRMED,Exoplanet Candidate
9761882,K00948.01,CONFIRMED,Exoplanet Candidate
5297298,K00130.01,FALSE POSITIVE,False Positive
9766437,K00949.01,CONFIRMED,Exoplanet Candidate
9772531,K00950.01,CANDIDATE,Exoplanet Candidate
9775938,K00951.01,CONFIRMED,Exoplanet Candidate
8644288,K00137.02,CONFIRMED,Exoplanet Candidate
8158127,K01015.02,CONFIRMED,Exoplanet Candidate
8176653,K01016.01,FALSE POSITIVE,False Positive
8174625,K01017.01,CONFIRMED,Exoplanet Candidate
8183911,K01018.01,FALSE POSITIVE,False Positive
8179973,K01019.01,FALSE POSITIVE,False Positive
10157458,K01083.01,CONFIRMED,Exoplanet Candidate
4649305,K00143.01,FALSE POSITIVE,False Positive
10148521,K01084.01,FALSE POSITIVE,False Positive
10118816,K01085.01,CONFIRMED,Exoplanet Candidate
10122255,K01086.01,CONFIRMED,Exoplanet Candidate
3124412,K01087.01,FALSE POSITIVE,False Positive
3835670,K00149.01,CONFIRMED,Exoplanet Candidate
10287248,K01152.01,FALSE POSITIVE,False Positive
10351767,K01153.01,FALSE POSITIVE,False Positive
10295951,K01154.01,CANDIDATE,Exoplanet Candidate
10342041,K01155.01,FALSE POSITIVE,False Positive
10514770,K01156.01,FALSE POSITIVE,False Positive
9775938,K00951.02,CONFIRMED,Exoplanet Candidate
9787239,K00952.01,CONFIRMED,Exoplanet Candidate
9787239,K00952.02,CONFIRMED,Exoplanet Candidate
9787239,K00952.03,CONFIRMED,Exoplanet Candidate
9787239,K00952.04,CONFIRMED,Exoplanet Candidate
9787239,K00952.05,CONFIRMED,Exoplanet Candidate
2309719,K01020.01,FALSE POSITIVE,False Positive
2558363,K01021.01,FALSE POSITIVE,False Positive
2716853,K01022.01,CONFIRMED,Exoplanet Candidate
2445154,K01023.01,FALSE POSITIVE,False Positive
2715135,K01024.01,CONFIRMED,Exoplanet Candidate
8644288,K00137.03,CONFIRMED,Exoplanet Candidate
3113266,K01088.01,FALSE POSITIVE,False Positive
3247268,K01089.01,CONFIRMED,Exoplanet Candidate
3247268,K01089.02,CONFIRMED,Exoplanet Candidate
3232859,K01090.01,FALSE POSITIVE,False Positive
3098184,K01091.01,FALSE POSITIVE,False Positive
2720309,K01092.01,FALSE POSITIVE,False Positive
10342065,K01157.01,FALSE POSITIVE,False Positive
10352945,K01158.01,FALSE POSITIVE,False Positive
10354039,K01159.01,CONFIRMED,Exoplanet Candidate
10330115,K01160.01,CONFIRMED,Exoplanet Candidate
10426656,K01161.01,CONFIRMED,Exoplanet Candidate
9820483,K00953.01,CONFIRMED,Exoplanet Candidate
9941662,K00013.01,CONFIRMED,Exoplanet Candidate
7778437,K00131.01,CONFIRMED,Exoplanet Candidate
9823457,K00954.01,CONFIRMED,Exoplanet Candidate
9823457,K00954.02,CONFIRMED,Exoplanet Candidate
2574201,K01025.01,FALSE POSITIVE,False Positive
2166206,K01028.01,FALSE POSITIVE,False Positive
2164169,K01029.01,CONFIRMED,Exoplanet Candidate
2574338,K01030.01,CONFIRMED,Exoplanet Candidate
2584163,K01031.01,CONFIRMED,Exoplanet Candidate
4180280,K00144.01,CONFIRMED,Exoplanet Candidate
3239636,K01093.01,FALSE POSITIVE,False Positive
2721030,K01094.01,CONFIRMED,Exoplanet Candidate
3329204,K01095.01,CANDIDATE,Exoplanet Candidate
3230491,K01096.01,CANDIDATE,Exoplanet Candidate
3340070,K01097.01,FALSE POSITIVE,False Positive
7626506,K00150.01,CONFIRMED,Exoplanet Candidate
10426656,K01161.02,CONFIRMED,Exoplanet Candidate
10426656,K01161.03,CONFIRMED,Exoplanet Candidate
10528068,K01162.01,CONFIRMED,Exoplanet Candidate
10468940,K01163.01,CONFIRMED,Exoplanet Candidate
9825625,K00955.01,CONFIRMED,Exoplanet Candidate
9875711,K00956.01,CONFIRMED,Exoplanet Candidate
7661409,K00957.01,FALSE POSITIVE,False Positive
1026957,K00958.01,CONFIRMED,Exoplanet Candidate
10002261,K00959.01,FALSE POSITIVE,Exoplanet Candidate
8176650,K00960.01,FALSE POSITIVE,False Positive
2162635,K01032.01,CANDIDATE,Exoplanet Candidate
5899544,K01034.01,FALSE POSITIVE,False Positive
5963222,K01035.01,FALSE POSITIVE,False Positive
5982353,K01036.01,FALSE POSITIVE,False Positive
6205468,K01037.01,FALSE POSITIVE,False Positive
8506766,K00138.01,FALSE POSITIVE,False Positive
3240706,K01098.01,FALSE POSITIVE,False Positive
2853093,K01099.01,CONFIRMED,Exoplanet Candidate
3228824,K01100.01,FALSE POSITIVE,False Positive
3245969,K01101.01,CONFIRMED,Exoplanet Candidate
3231341,K01102.01,CONFIRMED,Exoplanet Candidate
10468940,K01163.02,CONFIRMED,Exoplanet Candidate
10341831,K01164.01,FALSE POSITIVE,False Positive
10337517,K01165.01,CONFIRMED,Exoplanet Candidate
10337517,K01165.02,CONFIRMED,Exoplanet Candidate
10351231,K01166.01,CONFIRMED,Exoplanet Candidate
10485179,K01167.01,FALSE POSITIVE,False Positive
8561063,K00961.01,CONFIRMED,Exoplanet Candidate
8561063,K00961.02,CONFIRMED,Exoplanet Candidate
8892910,K00132.01,FALSE POSITIVE,False Positive
8561063,K00961.03,CONFIRMED,Exoplanet Candidate
10657664,K00964.01,FALSE POSITIVE,False Positive
3337351,K00965.01,FALSE POSITIVE,False Positive
6153201,K01038.01,FALSE POSITIVE,False Positive
5802486,K01039.01,FALSE POSITIVE,False Positive
5817553,K01040.01,FALSE POSITIVE,False Positive
5982368,K01041.01,FALSE POSITIVE,False Positive
5816811,K01042.01,FALSE POSITIVE,False Positive
5816165,K01043.01,FALSE POSITIVE,False Positive
7102227,K01360.01,CONFIRMED,Exoplanet Candidate
7102227,K01360.02,CONFIRMED,Exoplanet Candidate
7102227,K01360.03,CONFIRMED,Exoplanet Candidate
6960913,K01361.01,CONFIRMED,Exoplanet Candidate
6837146,K01362.01,CANDIDATE,Exoplanet Candidate
11122894,K01426.02,CONFIRMED,Exoplanet Candidate
11122894,K01426.03,CONFIRMED,Exoplanet Candidate
11129738,K01427.01,CONFIRMED,Exoplanet Candidate
11401182,K01428.01,CONFIRMED,Exoplanet Candidate
11030711,K01429.01,CONFIRMED,Exoplanet Candidate
11512246,K00168.03,CONFIRMED,Exoplanet Candidate
6607286,K01239.01,CANDIDATE,Exoplanet Candidate
6607286,K01239.02,CANDIDATE,Exoplanet Candidate
6690082,K01240.01,CONFIRMED,Exoplanet Candidate
6690082,K01240.02,CONFIRMED,Exoplanet Candidate
6448890,K01241.01,CONFIRMED,Exoplanet Candidate
6448890,K01241.02,CONFIRMED,Exoplanet Candidate
10730034,K01305.01,CONFIRMED,Exoplanet Candidate
10730034,K01305.02,CONFIRMED,Exoplanet Candidate
10858691,K01306.01,CONFIRMED,Exoplanet Candidate
10858691,K01306.02,CONFIRMED,Exoplanet Candidate
10858691,K01306.03,CONFIRMED,Exoplanet Candidate
8107380,K00162.01,CONFIRMED,Exoplanet Candidate
6936909,K01363.01,CONFIRMED,Exoplanet Candidate
6936909,K01363.02,CONFIRMED,Exoplanet Candidate
6962977,K01364.01,CONFIRMED,Exoplanet Candidate
6962977,K01364.02,CONFIRMED,Exoplanet Candidate
11176127,K01430.01,CONFIRMED,Exoplanet Candidate
11176127,K01430.02,CONFIRMED,Exoplanet Candidate
11176127,K01430.03,CONFIRMED,Exoplanet Candidate
11075279,K01431.01,CANDIDATE,Exoplanet Candidate
11014932,K01432.01,CONFIRMED,Exoplanet Candidate
6607447,K01242.01,CANDIDATE,Exoplanet Candidate
6677256,K01243.01,FALSE POSITIVE,False Positive
8030148,K00155.01,CONFIRMED,Exoplanet Candidate
6692833,K01244.01,FALSE POSITIVE,False Positive
6693640,K01245.01,CONFIRMED,Exoplanet Candidate
10858691,K01306.04,CONFIRMED,Exoplanet Candidate
10973814,K01307.01,CONFIRMED,Exoplanet Candidate
10973814,K01307.02,CONFIRMED,Exoplanet Candidate
6541920,K00157.05,CONFIRMED,Exoplanet Candidate
10586208,K01308.01,CONFIRMED,Exoplanet Candidate
6962977,K01364.03,CONFIRMED,Exoplanet Candidate
6962977,K01364.04,CONFIRMED,Exoplanet Candidate
6962977,K01364.05,CONFIRMED,Exoplanet Candidate
7174351,K01365.01,FALSE POSITIVE,False Positive
6932987,K01366.01,CONFIRMED,Exoplanet Candidate
11014932,K01432.02,CONFIRMED,Exoplanet Candidate
11014932,K01432.03,CONFIRMED,Exoplanet Candidate
11014932,K01432.04,CONFIRMED,Exoplanet Candidate
11288505,K01433.01,CONFIRMED,Exoplanet Candidate
11493431,K01434.01,CONFIRMED,Exoplanet Candidate
6441738,K01246.01,CANDIDATE,Exoplanet Candidate
8801343,K01247.01,FALSE POSITIVE,False Positive
8488878,K01248.01,FALSE POSITIVE,False Positive
8560285,K01249.01,FALSE POSITIVE,False Positive
8620565,K01250.01,FALSE POSITIVE,False Positive
8616873,K01251.01,CANDIDATE,False Positive
10854768,K01309.01,CONFIRMED,Exoplanet Candidate
10964440,K01310.01,CONFIRMED,Exoplanet Candidate
10713616,K01311.01,CONFIRMED,Exoplanet Candidate
10963242,K01312.01,CONFIRMED,Exoplanet Candidate
10785538,K01313.01,FALSE POSITIVE,False Positive
6932987,K01366.02,CONFIRMED,Exoplanet Candidate
8191672,K00018.01,CONFIRMED,Exoplanet Candidate
6851425,K00163.01,CONFIRMED,Exoplanet Candidate
6934291,K01367.01,CONFIRMED,Exoplanet Candidate
7357531,K01368.01,FALSE POSITIVE,False Positive
6185711,K00169.01,FALSE POSITIVE,False Positive
11037335,K01435.01,CONFIRMED,Exoplanet Candidate
11037335,K01435.02,CONFIRMED,Exoplanet Candidate
11389771,K01436.01,CONFIRMED,Exoplanet Candidate
11389771,K01436.02,CONFIRMED,Exoplanet Candidate
8737796,K01252.01,FALSE POSITIVE,False Positive
8462258,K01253.01,FALSE POSITIVE,False Positive
10925104,K00156.01,CONFIRMED,Exoplanet Candidate
8454250,K01254.01,FALSE POSITIVE,False Positive
8494263,K01255.01,CANDIDATE,Exoplanet Candidate
8848271,K01256.01,FALSE POSITIVE,False Positive
10585852,K01314.01,CONFIRMED,Exoplanet Candidate
10928043,K01315.01,CANDIDATE,Exoplanet Candidate
10794087,K01316.01,CONFIRMED,Exoplanet Candidate
10794087,K01316.02,CANDIDATE,Exoplanet Candidate
6541920,K00157.06,CONFIRMED,Exoplanet Candidate
4275739,K01317.01,FALSE POSITIVE,False Positive
7287415,K01369.01,CONFIRMED,Exoplanet Candidate
6924203,K01370.01,CONFIRMED,Exoplanet Candidate
6878167,K01371.01,FALSE POSITIVE,False Positive
6880531,K01372.01,FALSE POSITIVE,False Positive
6863839,K01373.01,FALSE POSITIVE,False Positive
7296086,K01374.01,FALSE POSITIVE,False Positive
11389771,K01436.03,CONFIRMED,Exoplanet Candidate
11599038,K01437.01,CONFIRMED,Exoplanet Candidate
11193263,K01438.01,CONFIRMED,Exoplanet Candidate
11027624,K01439.01,CONFIRMED,Exoplanet Candidate
11032227,K01440.01,CONFIRMED,Exoplanet Candidate
8751933,K01257.01,CONFIRMED,Exoplanet Candidate
8630788,K01258.01,CONFIRMED,Exoplanet Candidate
8630788,K01258.02,CONFIRMED,Exoplanet Candidate
8630788,K01258.03,CONFIRMED,Exoplanet Candidate
8823426,K01259.01,FALSE POSITIVE,False Positive
4070376,K01318.01,FALSE POSITIVE,False Positive
4078157,K01319.01,FALSE POSITIVE,False Positive
4164994,K01320.01,CONFIRMED,Exoplanet Candidate
4480676,K01321.01,FALSE POSITIVE,False Positive
4079535,K01322.01,FALSE POSITIVE,False Positive
6766634,K01375.01,CONFIRMED,Exoplanet Candidate
6774826,K01376.01,FALSE POSITIVE,False Positive
5652237,K00164.01,FALSE POSITIVE,False Positive
7211469,K01377.01,CONFIRMED,Exoplanet Candidate
7375795,K01378.01,FALSE POSITIVE,Exoplanet Candidate
7255336,K00019.01,FALSE POSITIVE,False Positive
7831264,K00171.01,CONFIRMED,Exoplanet Candidate
7802136,K01449.01,FALSE POSITIVE,False Positive
7532973,K01450.01,CONFIRMED,False Positive
9632895,K01451.01,FALSE POSITIVE,False Positive
7449844,K01452.01,FALSE POSITIVE,False Positive
8766222,K01260.01,FALSE POSITIVE,False Positive
8678594,K01261.01,CONFIRMED,Exoplanet Candidate
10925104,K00156.02,CONFIRMED,Exoplanet Candidate
8678594,K01261.02,CONFIRMED,Exoplanet Candidate
8703884,K01262.01,FALSE POSITIVE,Exoplanet Candidate
8560840,K01263.01,FALSE POSITIVE,False Positive
4076098,K01323.01,CONFIRMED,Exoplanet Candidate
4551328,K01324.01,FALSE POSITIVE,False Positive
4282872,K01325.01,CONFIRMED,Exoplanet Candidate
4639868,K01326.01,FALSE POSITIVE,False Positive
10555375,K00158.01,FALSE POSITIVE,False Positive
4372768,K01327.01,FALSE POSITIVE,False Positive
7375795,K01378.02,FALSE POSITIVE,False Positive
7211221,K01379.01,CONFIRMED,Exoplanet Candidate
7025526,K01380.01,FALSE POSITIVE,False Positive
9451127,K01381.01,FALSE POSITIVE,False Positive
9446824,K01382.01,FALSE POSITIVE,False Positive
11356260,K01441.01,CONFIRMED,Exoplanet Candidate
11044770,K00170.01,FALSE POSITIVE,False Positive
11600889,K01442.01,CONFIRMED,Exoplanet Candidate
11197126,K01443.01,FALSE POSITIVE,False Positive
11043167,K01444.01,CONFIRMED,Exoplanet Candidate
8612847,K01264.01,CONFIRMED,Exoplanet Candidate
8552583,K01265.01,FALSE POSITIVE,False Positive
8547140,K01266.01,CONFIRMED,Exoplanet Candidate
8519253,K01267.01,FALSE POSITIVE,False Positive
8813698,K01268.01,CANDIDATE,Exoplanet Candidate
8757910,K01269.01,FALSE POSITIVE,False Positive
4074736,K01328.01,CANDIDATE,Exoplanet Candidate
4072526,K01329.01,CONFIRMED,Exoplanet Candidate
4150539,K01330.01,FALSE POSITIVE,False Positive
4274548,K01331.01,CANDIDATE,Exoplanet Candidate
4455231,K01332.01,CONFIRMED,Exoplanet Candidate
8953257,K01383.01,FALSE POSITIVE,False Positive
8971432,K01384.01,FALSE POSITIVE,False Positive
9278553,K01385.01,FALSE POSITIVE,False Positive
9527915,K00165.01,CONFIRMED,Exoplanet Candidate
9143254,K01386.01,FALSE POSITIVE,False Positive
8949247,K01387.01,FALSE POSITIVE,False Positive
11336883,K01445.01,CONFIRMED,Exoplanet Candidate
11336883,K01445.02,CANDIDATE,Exoplanet Candidate
11336883,K01445.03,CANDIDATE,Exoplanet Candidate
12506351,K01446.01,FALSE POSITIVE,False Positive
7622486,K01447.01,FALSE POSITIVE,False Positive
7622486,K01447.02,FALSE POSITIVE,False Positive
9705459,K01448.01,FALSE POSITIVE,False Positive
8564587,K01270.01,CONFIRMED,Exoplanet Candidate
10925104,K00156.03,CONFIRMED,Exoplanet Candidate
8564587,K01270.02,CONFIRMED,Exoplanet Candidate
8631160,K01271.01,CANDIDATE,Exoplanet Candidate
8552498,K01272.01,FALSE POSITIVE,False Positive
8806072,K01273.01,CONFIRMED,Exoplanet Candidate
4455231,K01332.02,CONFIRMED,Exoplanet Candidate
4455231,K01332.03,CONFIRMED,Exoplanet Candidate
4285107,K01333.01,FALSE POSITIVE,False Positive
4150624,K01334.01,FALSE POSITIVE,False Positive
8972058,K00159.01,CONFIRMED,Exoplanet Candidate
9346253,K01388.01,FALSE POSITIVE,False Positive
9002237,K01389.01,FALSE POSITIVE,False Positive
9288786,K01390.01,FALSE POSITIVE,False Positive
8958035,K01391.01,FALSE POSITIVE,False Positive
9040849,K01392.01,FALSE POSITIVE,False Positive
9202151,K01393.01,CANDIDATE,Exoplanet Candidate
7842610,K01453.01,FALSE POSITIVE,False Positive
7830637,K01454.01,FALSE POSITIVE,False Positive
4760746,K01455.01,CANDIDATE,Exoplanet Candidate
7832356,K01456.01,CONFIRMED,Exoplanet Candidate
9643874,K01457.01,CONFIRMED,Exoplanet Candidate
8800954,K01274.01,CONFIRMED,Exoplanet Candidate
8583696,K01275.01,CONFIRMED,Exoplanet Candidate
8804283,K01276.01,CONFIRMED,Exoplanet Candidate
8804283,K01276.02,CONFIRMED,Exoplanet Candidate
8552565,K01277.01,FALSE POSITIVE,False Positive
4155328,K01335.01,CONFIRMED,Exoplanet Candidate
4077526,K01336.01,CONFIRMED,Exoplanet Candidate
4077526,K01336.02,CONFIRMED,Exoplanet Candidate
4077526,K01336.03,CONFIRMED,Exoplanet Candidate
4077526,K01336.04,CONFIRMED,Exoplanet Candidate
8937021,K01394.01,FALSE POSITIVE,False Positive
8935810,K01395.01,CONFIRMED,Exoplanet Candidate
2441495,K00166.01,CONFIRMED,Exoplanet Candidate
9455556,K01396.01,CONFIRMED,Exoplanet Candidate
9455556,K01396.02,CONFIRMED,Exoplanet Candidate
9427402,K01397.01,CANDIDATE,Exoplanet Candidate
3732821,K01207.01,CONFIRMED,Exoplanet Candidate
3962440,K01208.01,CANDIDATE,Exoplanet Candidate
3534076,K01209.01,CANDIDATE,Exoplanet Candidate
3962357,K01210.01,CONFIRMED,Exoplanet Candidate
9110357,K00016.01,FALSE POSITIVE,False Positive
8394721,K00152.04,CONFIRMED,Exoplanet Candidate
8609450,K01278.01,CONFIRMED,Exoplanet Candidate
6541920,K00157.01,CONFIRMED,Exoplanet Candidate
8609450,K01278.02,CONFIRMED,Exoplanet Candidate
8609450,K01278.03,CONFIRMED,Exoplanet Candidate
8609450,K01278.04,CONFIRMED,Exoplanet Candidate
4243911,K01337.01,CONFIRMED,Exoplanet Candidate
4466677,K01338.01,CONFIRMED,Exoplanet Candidate
4466677,K01338.02,CANDIDATE,Exoplanet Candidate
4466677,K01338.03,CANDIDATE,Exoplanet Candidate
4135665,K01339.01,CONFIRMED,Exoplanet Candidate
9269281,K01398.01,CONFIRMED,Exoplanet Candidate
9100484,K01399.01,CANDIDATE,Exoplanet Candidate
9157908,K01400.01,FALSE POSITIVE,False Positive
9030447,K01401.01,FALSE POSITIVE,False Positive
9034103,K01402.01,CONFIRMED,Exoplanet Candidate
9214942,K01403.01,CONFIRMED,Exoplanet Candidate
3858704,K01211.01,FALSE POSITIVE,False Positive
3749134,K01212.01,CONFIRMED,Exoplanet Candidate
3556220,K01213.01,FALSE POSITIVE,False Positive
3660924,K01214.01,CONFIRMED,Exoplanet Candidate
3939150,K01215.01,CONFIRMED,Exoplanet Candidate
8628758,K01279.01,CONFIRMED,Exoplanet Candidate
8628758,K01279.02,CONFIRMED,Exoplanet Candidate
8509361,K01280.01,FALSE POSITIVE,False Positive
8742590,K01281.01,CONFIRMED,Exoplanet Candidate
8822366,K01282.01,CONFIRMED,Exoplanet Candidate
8972058,K00159.02,CONFIRMED,Exoplanet Candidate
4386059,K01340.01,FALSE POSITIVE,False Positive
4650674,K01341.01,CONFIRMED,Exoplanet Candidate
4275721,K01342.01,CONFIRMED,Exoplanet Candidate
4275721,K01342.02,CONFIRMED,Exoplanet Candidate
8874090,K01404.01,CONFIRMED,Exoplanet Candidate
11666881,K00167.01,CONFIRMED,Exoplanet Candidate
9264949,K01405.01,CONFIRMED,Exoplanet Candidate
9271752,K01406.01,CONFIRMED,Exoplanet Candidate
9007866,K01407.01,FALSE POSITIVE,False Positive
9150827,K01408.01,CONFIRMED,Exoplanet Candidate
3939150,K01215.02,CONFIRMED,Exoplanet Candidate
3839488,K01216.01,CONFIRMED,Exoplanet Candidate
3542588,K01217.01,FALSE POSITIVE,False Positive
3442055,K01218.01,CONFIRMED,Exoplanet Candidate
3440861,K01219.01,FALSE POSITIVE,False Positive
12252424,K00153.01,CONFIRMED,Exoplanet Candidate
8700771,K01283.01,CONFIRMED,Exoplanet Candidate
10960993,K01284.01,FALSE POSITIVE,False Positive
6541920,K00157.02,CONFIRMED,Exoplanet Candidate
10599397,K01285.01,FALSE POSITIVE,False Positive
10879208,K01286.01,FALSE POSITIVE,False Positive
10843203,K01287.01,FALSE POSITIVE,False Positive
4570931,K01343.01,FALSE POSITIVE,False Positive
4136466,K01344.01,CONFIRMED,Exoplanet Candidate
7284688,K01345.01,FALSE POSITIVE,False Positive
7199774,K01346.01,FALSE POSITIVE,False Positive
7037540,K01347.01,FALSE POSITIVE,False Positive
6866228,K01348.01,FALSE POSITIVE,False Positive
9391208,K01409.01,CONFIRMED,Exoplanet Candidate
9391506,K01410.01,CONFIRMED,Exoplanet Candidate
8950853,K01412.01,CONFIRMED,Exoplanet Candidate
9006449,K01413.01,CONFIRMED,Exoplanet Candidate
9006449,K01413.02,CONFIRMED,Exoplanet Candidate
9006449,K01413.03,CONFIRMED,Exoplanet Candidate
4043190,K01220.01,CONFIRMED,Exoplanet Candidate
3640905,K01221.01,CONFIRMED,Exoplanet Candidate
3640905,K01221.02,CONFIRMED,Exoplanet Candidate
4060815,K01222.01,FALSE POSITIVE,False Positive
6613006,K01223.01,FALSE POSITIVE,False Positive
6606653,K01224.01,FALSE POSITIVE,False Positive
10790387,K01288.01,CONFIRMED,Exoplanet Candidate
10748393,K01289.01,FALSE POSITIVE,Exoplanet Candidate
10874226,K01290.01,FALSE POSITIVE,False Positive
10661771,K01291.01,FALSE POSITIVE,False Positive
10924853,K01292.01,FALSE POSITIVE,False Positive
10874926,K01293.01,FALSE POSITIVE,False Positive
6631721,K00160.01,FALSE POSITIVE,False Positive
6847018,K01349.01,FALSE POSITIVE,False Positive
7220322,K01350.01,FALSE POSITIVE,False Positive
6956233,K01352.01,FALSE POSITIVE,False Positive
7303287,K01353.01,CONFIRMED,Exoplanet Candidate
7303287,K01353.02,CONFIRMED,Exoplanet Candidate
11512246,K00168.01,CONFIRMED,Exoplanet Candidate
8916492,K01414.01,FALSE POSITIVE,False Positive
11193447,K01415.01,FALSE POSITIVE,False Positive
11517719,K01416.01,CONFIRMED,False Positive
11599264,K01417.01,FALSE POSITIVE,False Positive
11100657,K01418.01,FALSE POSITIVE,False Positive
6620003,K01225.01,CANDIDATE,False Positive
6621116,K01226.01,FALSE POSITIVE,False Positive
6629332,K01227.01,FALSE POSITIVE,False Positive
6387450,K01228.01,FALSE POSITIVE,False Positive
12252424,K00153.02,CONFIRMED,Exoplanet Candidate
6432059,K01229.01,FALSE POSITIVE,False Positive
6470149,K01230.01,FALSE POSITIVE,False Positive
10549562,K01294.01,FALSE POSITIVE,False Positive
10874614,K00017.01,CONFIRMED,Exoplanet Candidate
6541920,K00157.03,CONFIRMED,Exoplanet Candidate
10666230,K01295.01,FALSE POSITIVE,False Positive
10971674,K01296.01,FALSE POSITIVE,False Positive
6891543,K01354.01,FALSE POSITIVE,False Positive
7211141,K01355.01,CONFIRMED,Exoplanet Candidate
7363829,K01356.01,CANDIDATE,False Positive
6719086,K01357.01,CANDIDATE,Exoplanet Candidate
7376983,K01358.01,CONFIRMED,Exoplanet Candidate
5084942,K00161.01,CONFIRMED,Exoplanet Candidate
11125936,K01419.01,FALSE POSITIVE,False Positive
11026304,K01420.01,CANDIDATE,Exoplanet Candidate
11342550,K01421.01,CANDIDATE,Exoplanet Candidate
11497958,K01422.01,CONFIRMED,Exoplanet Candidate
11497958,K01422.02,CONFIRMED,Exoplanet Candidate
11512246,K00168.02,CONFIRMED,Exoplanet Candidate
6462874,K01231.01,FALSE POSITIVE,False Positive
6665223,K01232.01,FALSE POSITIVE,False Positive
6545358,K01233.01,FALSE POSITIVE,False Positive
6390824,K01234.01,FALSE POSITIVE,False Positive
6546528,K01235.01,FALSE POSITIVE,False Positive
10676923,K01297.01,FALSE POSITIVE,False Positive
10604335,K01298.01,CONFIRMED,Exoplanet Candidate
10604335,K01298.02,CONFIRMED,Exoplanet Candidate
10864656,K01299.01,CONFIRMED,Exoplanet Candidate
10975146,K01300.01,CONFIRMED,Exoplanet Candidate
10538176,K01301.01,CONFIRMED,Exoplanet Candidate
7376983,K01358.02,CONFIRMED,Exoplanet Candidate
7376983,K01358.03,CONFIRMED,Exoplanet Candidate
7376983,K01358.04,CONFIRMED,Exoplanet Candidate
6946199,K01359.01,CONFIRMED,Exoplanet Candidate
6946199,K01359.02,CANDIDATE,Exoplanet Candidate
11497958,K01422.03,CONFIRMED,Exoplanet Candidate
11177707,K01423.01,CONFIRMED,Exoplanet Candidate
11611600,K01424.01,CONFIRMED,Exoplanet Candidate
11254382,K01425.01,CONFIRMED,Exoplanet Candidate
11122894,K01426.01,CONFIRMED,Exoplanet Candidate
6677841,K01236.01,CONFIRMED,Exoplanet Candidate
6677841,K01236.02,CONFIRMED,Exoplanet Candidate
6677841,K01236.03,CONFIRMED,Exoplanet Candidate
9970525,K00154.01,FALSE POSITIVE,False Positive
6531491,K01237.01,FALSE POSITIVE,False Positive
6383821,K01238.01,CONFIRMED,Exoplanet Candidate
10538176,K01301.02,CONFIRMED,Exoplanet Candidate
10724369,K01302.01,CONFIRMED,Exoplanet Candidate
6541920,K00157.04,CONFIRMED,Exoplanet Candidate
10867062,K01303.01,CANDIDATE,Exoplanet Candidate
10744335,K01304.01,CONFIRMED,Exoplanet Candidate
4860678,K01602.01,CONFIRMED,Exoplanet Candidate
5177104,K01603.01,CONFIRMED,Exoplanet Candidate
7023960,K00187.01,FALSE POSITIVE,False Positive
10033279,K01604.01,FALSE POSITIVE,False Positive
5009189,K01605.01,FALSE POSITIVE,False Positive
8230616,K01713.02,CONFIRMED,Exoplanet Candidate
9836959,K01715.01,CONFIRMED,Exoplanet Candidate
9838949,K01716.01,CONFIRMED,Exoplanet Candidate
9895006,K01717.01,CONFIRMED,Exoplanet Candidate
9896558,K01718.01,CONFIRMED,Exoplanet Candidate
9589323,K01488.01,CONFIRMED,Exoplanet Candidate
9823487,K01489.01,CONFIRMED,Exoplanet Candidate
9602514,K01490.01,FALSE POSITIVE,False Positive
9726659,K01491.01,CONFIRMED,Exoplanet Candidate
12108312,K01492.01,FALSE POSITIVE,False Positive
5371776,K01557.01,CONFIRMED,Exoplanet Candidate
5371776,K01557.02,CONFIRMED,Exoplanet Candidate
5371776,K01557.03,CONFIRMED,Exoplanet Candidate
9573539,K00180.01,CONFIRMED,Exoplanet Candidate
5371776,K01557.04,CONFIRMED,Exoplanet Candidate
9886661,K01606.01,CONFIRMED,Exoplanet Candidate
5477805,K01607.01,FALSE POSITIVE,False Positive
10055126,K01608.01,CONFIRMED,Exoplanet Candidate
10055126,K01608.02,CONFIRMED,Exoplanet Candidate
5009743,K01609.01,CONFIRMED,Exoplanet Candidate
10015937,K01720.01,CONFIRMED,Exoplanet Candidate
10019065,K01721.01,CONFIRMED,Exoplanet Candidate
7950644,K00192.01,CONFIRMED,Exoplanet Candidate
10080248,K01722.01,CONFIRMED,Exoplanet Candidate
10213902,K01723.01,CONFIRMED,Exoplanet Candidate
9842906,K01493.01,FALSE POSITIVE,False Positive
11821363,K01494.01,CONFIRMED,Exoplanet Candidate
7629518,K01495.01,CONFIRMED,Exoplanet Candidate
10810838,K00174.01,CONFIRMED,Exoplanet Candidate
4828341,K01496.01,FALSE POSITIVE,False Positive
10019763,K01558.01,FALSE POSITIVE,False Positive
9899280,K01559.01,FALSE POSITIVE,False Positive
8046659,K01560.01,CANDIDATE,Exoplanet Candidate
4940438,K01561.01,FALSE POSITIVE,False Positive
5308663,K01562.01,FALSE POSITIVE,False Positive
5474733,K01610.01,FALSE POSITIVE,False Positive
10963065,K01612.01,CONFIRMED,Exoplanet Candidate
6268648,K01613.01,CONFIRMED,Exoplanet Candidate
10125352,K00021.01,FALSE POSITIVE,False Positive
5357901,K00188.01,CONFIRMED,Exoplanet Candidate
4278221,K01615.01,CONFIRMED,Exoplanet Candidate
10214162,K01724.01,CONFIRMED,Exoplanet Candidate
10905746,K01725.01,CONFIRMED,Exoplanet Candidate
8242434,K01726.01,CONFIRMED,Exoplanet Candidate
6185331,K01727.01,CONFIRMED,Exoplanet Candidate
11820830,K01728.01,FALSE POSITIVE,False Positive
11774387,K01497.01,FALSE POSITIVE,False Positive
9636135,K01498.01,CONFIRMED,Exoplanet Candidate
9636135,K01498.02,CONFIRMED,Exoplanet Candidate
7841925,K01499.01,CONFIRMED,Exoplanet Candidate
7841925,K01499.02,CANDIDATE,Exoplanet Candidate
7841925,K01499.03,CONFIRMED,Exoplanet Candidate
5219234,K01563.01,CONFIRMED,Exoplanet Candidate
5219234,K01563.02,CONFIRMED,Exoplanet Candidate
5219234,K01563.03,CONFIRMED,Exoplanet Candidate
5219234,K01563.04,CONFIRMED,Exoplanet Candidate
12504988,K00181.01,FALSE POSITIVE,False Positive
9015738,K01616.01,CONFIRMED,Exoplanet Candidate
7215603,K01618.01,CONFIRMED,Exoplanet Candidate
4276716,K01619.01,CANDIDATE,Exoplanet Candidate
5561278,K01621.01,CONFIRMED,Exoplanet Candidate
7287683,K01622.01,CANDIDATE,Exoplanet Candidate
6387542,K01626.01,CONFIRMED,Exoplanet Candidate
8266276,K01731.01,CANDIDATE,Exoplanet Candidate
6869184,K01732.01,CONFIRMED,Exoplanet Candidate
8396405,K01733.01,CANDIDATE,Exoplanet Candidate
10799735,K00193.01,FALSE POSITIVE,False Positive
6604328,K01736.01,CONFIRMED,Exoplanet Candidate
9719634,K01500.01,FALSE POSITIVE,Exoplanet Candidate
7439316,K01501.01,CONFIRMED,Exoplanet Candidate
12061238,K01502.01,FALSE POSITIVE,False Positive
8323753,K00175.01,FALSE POSITIVE,False Positive
12400538,K01503.01,CONFIRMED,Exoplanet Candidate
5184584,K01564.01,CONFIRMED,Exoplanet Candidate
5636648,K01565.01,FALSE POSITIVE,False Positive
5564247,K01566.01,FALSE POSITIVE,False Positive
5438099,K01567.01,CONFIRMED,Exoplanet Candidate
5438099,K01567.02,CONFIRMED,Exoplanet Candidate
6543893,K01627.01,CONFIRMED,Exoplanet Candidate
6543893,K01627.02,CONFIRMED,Exoplanet Candidate
6975129,K01628.01,CONFIRMED,Exoplanet Candidate
11391018,K00189.01,CONFIRMED,Exoplanet Candidate
8685497,K01629.01,CONFIRMED,Exoplanet Candidate
4365645,K01738.01,CONFIRMED,Exoplanet Candidate
7199906,K01739.01,CANDIDATE,False Positive
8197343,K01746.01,CONFIRMED,Exoplanet Candidate
7032421,K01747.01,FALSE POSITIVE,Exoplanet Candidate
6786348,K01749.01,CONFIRMED,Exoplanet Candidate
6209677,K01750.01,CONFIRMED,Exoplanet Candidate
9641018,K01504.01,FALSE POSITIVE,False Positive
9813499,K01505.01,CONFIRMED,Exoplanet Candidate
12254792,K01506.01,CONFIRMED,Exoplanet Candidate
12020218,K01507.01,CONFIRMED,Exoplanet Candidate
7690844,K01508.01,CONFIRMED,Exoplanet Candidate
9535080,K01509.01,FALSE POSITIVE,False Positive
5438099,K01567.03,CONFIRMED,Exoplanet Candidate
5438099,K01567.04,CONFIRMED,Exoplanet Candidate
5210475,K01568.01,FALSE POSITIVE,False Positive
8009350,K01569.01,CONFIRMED,Exoplanet Candidate
8082001,K01570.01,CONFIRMED,Exoplanet Candidate
9017682,K01630.01,CANDIDATE,Exoplanet Candidate
9277896,K01632.01,CONFIRMED,Exoplanet Candidate
9401997,K01633.01,CONFIRMED,Exoplanet Candidate
10686864,K01637.01,CONFIRMED,Exoplanet Candidate
10749128,K01639.02,CANDIDATE,Exoplanet Candidate
11904734,K01764.01,CANDIDATE,Exoplanet Candidate
8043714,K01765.01,FALSE POSITIVE,False Positive
7918217,K01770.01,FALSE POSITIVE,False Positive
10153011,K01773.01,CANDIDATE,False Positive
9631995,K00022.01,CONFIRMED,Exoplanet Candidate
11870545,K01510.01,CANDIDATE,Exoplanet Candidate
7901948,K01511.01,CONFIRMED,Exoplanet Candidate
11955499,K01512.01,FALSE POSITIVE,False Positive
6442377,K00176.01,CONFIRMED,Exoplanet Candidate
9784222,K01513.01,FALSE POSITIVE,False Positive
5376836,K00182.01,FALSE POSITIVE,False Positive
5557821,K01571.01,FALSE POSITIVE,False Positive
10004519,K01572.01,CONFIRMED,Exoplanet Candidate
5031857,K01573.01,CONFIRMED,Exoplanet Candidate
5031857,K01573.02,CANDIDATE,Exoplanet Candidate
10879038,K01641.01,CONFIRMED,Exoplanet Candidate
10990917,K01643.01,CONFIRMED,Exoplanet Candidate
11043136,K01644.01,FALSE POSITIVE,False Positive
11046025,K01646.01,CONFIRMED,Exoplanet Candidate
5771719,K00190.01,FALSE POSITIVE,False Positive
9729691,K01751.01,CONFIRMED,Exoplanet Candidate
9729691,K01751.02,CONFIRMED,Exoplanet Candidate
4950232,K01753.01,FALSE POSITIVE,False Positive
10904857,K00194.01,CONFIRMED,Exoplanet Candidate
8651389,K01754.01,CONFIRMED,Exoplanet Candidate
9520668,K01514.01,FALSE POSITIVE,Exoplanet Candidate
7871954,K01515.01,CONFIRMED,Exoplanet Candidate
7871954,K01515.02,CONFIRMED,Exoplanet Candidate
12418724,K01516.01,CONFIRMED,Exoplanet Candidate
7456001,K01517.01,CONFIRMED,Exoplanet Candidate
10028792,K01574.01,CONFIRMED,Exoplanet Candidate
10028792,K01574.02,CONFIRMED,Exoplanet Candidate
10028792,K01574.03,CANDIDATE,Exoplanet Candidate
5553652,K01575.01,FALSE POSITIVE,False Positive
5299459,K01576.01,CONFIRMED,Exoplanet Candidate
11153121,K01647.01,CONFIRMED,Exoplanet Candidate
11153121,K01647.02,CONFIRMED,Exoplanet Candidate
11153121,K01647.03,CANDIDATE,Exoplanet Candidate
11177543,K01648.01,CONFIRMED,Exoplanet Candidate
11337141,K01649.01,CONFIRMED,Exoplanet Candidate
6705142,K01758.01,CANDIDATE,Exoplanet Candidate
3967760,K01760.01,CONFIRMED,Exoplanet Candidate
3967760,K01760.02,CONFIRMED,Exoplanet Candidate
4067336,K01761.01,FALSE POSITIVE,False Positive
5387843,K01762.01,FALSE POSITIVE,False Positive
7549209,K01518.01,CONFIRMED,Exoplanet Candidate
7663405,K01519.01,CONFIRMED,Exoplanet Candidate
9765975,K01520.01,CONFIRMED,Exoplanet Candidate
9818462,K01521.01,CONFIRMED,Exoplanet Candidate
6803202,K00177.01,CONFIRMED,Exoplanet Candidate
5299459,K01576.02,CONFIRMED,Exoplanet Candidate
9651668,K00183.01,CONFIRMED,Exoplanet Candidate
5299459,K01576.03,CANDIDATE,Exoplanet Candidate
12506770,K01577.01,CONFIRMED,Exoplanet Candidate
5629985,K01578.01,FALSE POSITIVE,False Positive
9898364,K01579.01,FALSE POSITIVE,False Positive
11337372,K01650.01,CONFIRMED,Exoplanet Candidate
11337833,K01651.01,CONFIRMED,Exoplanet Candidate
11546211,K01654.01,FALSE POSITIVE,False Positive
11547505,K01655.01,CONFIRMED,Exoplanet Candidate
4471747,K01656.01,CANDIDATE,Exoplanet Candidate
11502867,K00195.01,CONFIRMED,Exoplanet Candidate
9909735,K01779.01,CONFIRMED,Exoplanet Candidate
9909735,K01779.02,CONFIRMED,Exoplanet Candidate
11551692,K01781.01,CONFIRMED,Exoplanet Candidate
11551692,K01781.02,CONFIRMED,Exoplanet Candidate
12266636,K01522.01,CONFIRMED,Exoplanet Candidate
9850893,K01523.01,FALSE POSITIVE,False Positive
4826110,K01524.01,FALSE POSITIVE,False Positive
7869917,K01525.01,CONFIRMED,Exoplanet Candidate
9824805,K01526.01,CONFIRMED,Exoplanet Candidate
5193400,K01580.01,FALSE POSITIVE,False Positive
7939330,K01581.01,CONFIRMED,Exoplanet Candidate
7939330,K01581.02,CONFIRMED,Exoplanet Candidate
4918309,K01582.01,CANDIDATE,Exoplanet Candidate
12602568,K01583.01,CONFIRMED,Exoplanet Candidate
9941066,K01584.01,CONFIRMED,Exoplanet Candidate
5972334,K00191.01,CONFIRMED,Exoplanet Candidate
4650733,K01659.01,CONFIRMED,Exoplanet Candidate
4830605,K01660.01,CANDIDATE,Exoplanet Candidate
4832197,K01661.01,FALSE POSITIVE,False Positive
4844004,K01662.01,FALSE POSITIVE,False Positive
12120943,K01458.01,CANDIDATE,Exoplanet Candidate
7831264,K00171.02,CONFIRMED,Exoplanet Candidate
9761199,K01459.01,FALSE POSITIVE,False Positive
7751571,K01460.01,FALSE POSITIVE,Exoplanet Candidate
9579499,K01461.01,FALSE POSITIVE,False Positive
11913013,K01462.01,FALSE POSITIVE,False Positive
7768451,K01527.01,CANDIDATE,Exoplanet Candidate
7691260,K01528.01,CONFIRMED,Exoplanet Candidate
9821454,K01529.01,CONFIRMED,Exoplanet Candidate
9821454,K01529.02,CONFIRMED,Exoplanet Candidate
11954842,K01530.01,CONFIRMED,Exoplanet Candidate
7972785,K00184.01,FALSE POSITIVE,False Positive
5470739,K01585.01,CONFIRMED,Exoplanet Candidate
10022908,K01586.01,CONFIRMED,Exoplanet Candidate
9932970,K01587.01,CANDIDATE,False Positive
5617854,K01588.01,CONFIRMED,Exoplanet Candidate
4932442,K01665.01,CONFIRMED,Exoplanet Candidate
4932442,K01665.02,CANDIDATE,Exoplanet Candidate
5183357,K01669.01,CONFIRMED,Exoplanet Candidate
5269467,K01672.01,CONFIRMED,Exoplanet Candidate
5360920,K01675.01,CANDIDATE,Exoplanet Candidate
7672940,K01463.01,FALSE POSITIVE,False Positive
7838655,K01464.01,FALSE POSITIVE,False Positive
11702948,K01465.01,CANDIDATE,Exoplanet Candidate
9512981,K01466.01,CANDIDATE,Exoplanet Candidate
7770450,K01467.01,FALSE POSITIVE,False Positive
11455491,K00178.01,FALSE POSITIVE,Exoplanet Candidate
11764462,K01531.01,CONFIRMED,Exoplanet Candidate
11656246,K01532.01,CONFIRMED,Exoplanet Candidate
7808587,K01533.01,CONFIRMED,Exoplanet Candidate
4741126,K01534.01,CONFIRMED,Exoplanet Candidate
5301750,K01589.01,CONFIRMED,Exoplanet Candidate
5301750,K01589.02,CONFIRMED,Exoplanet Candidate
5301750,K01589.03,CONFIRMED,Exoplanet Candidate
5301750,K01589.04,CONFIRMED,Exoplanet Candidate
5301750,K01589.05,CONFIRMED,Exoplanet Candidate
5526717,K01677.01,CONFIRMED,Exoplanet Candidate
5972334,K00191.02,CONFIRMED,Exoplanet Candidate
5526717,K01677.02,CANDIDATE,Exoplanet Candidate
5530882,K01680.01,FALSE POSITIVE,False Positive
5531953,K01681.01,CANDIDATE,Exoplanet Candidate
6034945,K01683.01,CONFIRMED,Exoplanet Candidate
9851226,K01468.01,FALSE POSITIVE,False Positive
8692861,K00172.01,CONFIRMED,Exoplanet Candidate
7543649,K01469.01,FALSE POSITIVE,False Positive
9480310,K01470.01,CONFIRMED,Exoplanet Candidate
11858748,K01471.01,FALSE POSITIVE,False Positive
4741126,K01534.02,CONFIRMED,Exoplanet Candidate
11669125,K01535.01,CONFIRMED,Exoplanet Candidate
12159249,K01536.01,CONFIRMED,Exoplanet Candidate
9872292,K01537.01,CANDIDATE,Exoplanet Candidate
9963461,K01538.01,FALSE POSITIVE,False Positive
8081482,K01539.01,FALSE POSITIVE,False Positive
5542466,K01590.01,CANDIDATE,Exoplanet Candidate
4178389,K00185.01,CANDIDATE,Exoplanet Candidate
5542466,K01590.02,CONFIRMED,Exoplanet Candidate
5542466,K01590.03,CANDIDATE,Exoplanet Candidate
10028140,K01591.01,CONFIRMED,Exoplanet Candidate
6048024,K01684.01,FALSE POSITIVE,False Positive
6049190,K01685.01,CONFIRMED,Exoplanet Candidate
6149553,K01686.01,FALSE POSITIVE,False Positive
6198999,K01687.01,CONFIRMED,Exoplanet Candidate
6310636,K01688.01,CONFIRMED,Exoplanet Candidate
6616218,K01692.01,CONFIRMED,Exoplanet Candidate
7761545,K01472.01,CONFIRMED,Exoplanet Candidate
7499398,K01473.01,CANDIDATE,Exoplanet Candidate
12365184,K01474.01,CONFIRMED,Exoplanet Candidate
4770365,K01475.01,CONFIRMED,Exoplanet Candidate
4770365,K01475.02,CONFIRMED,Exoplanet Candidate
4770365,K01475.03,CONFIRMED,Exoplanet Candidate
10748390,K00003.01,CONFIRMED,Exoplanet Candidate
11804465,K00020.01,CONFIRMED,Exoplanet Candidate
9663113,K00179.01,CONFIRMED,Exoplanet Candidate
5649956,K01540.01,FALSE POSITIVE,False Positive
4840513,K01541.01,FALSE POSITIVE,False Positive
5217586,K01592.01,FALSE POSITIVE,False Positive
5289854,K01593.01,CONFIRMED,Exoplanet Candidate
5289854,K01593.02,CONFIRMED,Exoplanet Candidate
9895709,K01594.01,FALSE POSITIVE,False Positive
10006581,K01595.01,CONFIRMED,Exoplanet Candidate
5972334,K00191.03,CANDIDATE,Exoplanet Candidate
6616218,K01692.02,CONFIRMED,Exoplanet Candidate
6696462,K01693.01,FALSE POSITIVE,False Positive
7220429,K01700.01,CONFIRMED,Exoplanet Candidate
7222086,K01701.01,FALSE POSITIVE,False Positive
12406749,K01476.01,CONFIRMED,Exoplanet Candidate
8692861,K00172.02,CONFIRMED,Exoplanet Candidate
7811397,K01477.01,CANDIDATE,Exoplanet Candidate
12403119,K01478.01,CONFIRMED,Exoplanet Candidate
9842890,K01479.01,FALSE POSITIVE,False Positive
8113154,K01542.01,FALSE POSITIVE,False Positive
5270698,K01543.01,FALSE POSITIVE,False Positive
5024450,K01544.01,FALSE POSITIVE,False Positive
5282049,K01545.01,FALSE POSITIVE,False Positive
5475431,K01546.01,CANDIDATE,Exoplanet Candidate
10027323,K01596.01,CONFIRMED,Exoplanet Candidate
10027323,K01596.02,CONFIRMED,Exoplanet Candidate
12019440,K00186.01,CONFIRMED,Exoplanet Candidate
5039228,K01597.01,CANDIDATE,Exoplanet Candidate
10004738,K01598.01,CONFIRMED,Exoplanet Candidate
10004738,K01598.02,CONFIRMED,Exoplanet Candidate
7304449,K01702.01,CONFIRMED,Exoplanet Candidate
7386827,K01704.01,CONFIRMED,Exoplanet Candidate
7522911,K01705.01,CONFIRMED,Exoplanet Candidate
7626370,K01706.01,CONFIRMED,Exoplanet Candidate
7703955,K01707.01,CONFIRMED,Exoplanet Candidate
7512982,K01480.01,CONFIRMED,Exoplanet Candidate
7512982,K01480.02,CANDIDATE,Exoplanet Candidate
9597806,K01481.01,CONFIRMED,Exoplanet Candidate
7812167,K01482.01,FALSE POSITIVE,False Positive
11760959,K01484.01,FALSE POSITIVE,False Positive
5283458,K01547.01,CANDIDATE,Exoplanet Candidate
9940565,K01548.01,FALSE POSITIVE,False Positive
8053552,K01549.01,CANDIDATE,Exoplanet Candidate
9663113,K00179.02,CONFIRMED,Exoplanet Candidate
8111381,K01550.01,FALSE POSITIVE,False Positive
5444549,K01551.01,FALSE POSITIVE,Exoplanet Candidate
10004738,K01598.03,CONFIRMED,Exoplanet Candidate
5474613,K01599.01,CONFIRMED,Exoplanet Candidate
4860932,K01600.01,FALSE POSITIVE,False Positive
5438757,K01601.01,CONFIRMED,Exoplanet Candidate
5438757,K01601.02,CONFIRMED,Exoplanet Candidate
7750419,K01708.01,CANDIDATE,Exoplanet Candidate
5972334,K00191.04,CONFIRMED,Exoplanet Candidate
7815744,K01710.01,CONFIRMED,Exoplanet Candidate
7955580,K01711.01,CONFIRMED,Exoplanet Candidate
8230616,K01713.01,CONFIRMED,Exoplanet Candidate
9692345,K01485.01,FALSE POSITIVE,False Positive
7898352,K01486.01,CONFIRMED,Exoplanet Candidate
11402995,K00173.01,CONFIRMED,Exoplanet Candidate
7898352,K01486.02,CONFIRMED,Exoplanet Candidate
12062667,K01487.01,FALSE POSITIVE,False Positive
7984047,K01552.01,CANDIDATE,Exoplanet Candidate
7951018,K01553.01,CONFIRMED,Exoplanet Candidate
9899355,K01554.01,FALSE POSITIVE,False Positive
12644774,K01555.01,FALSE POSITIVE,Exoplanet Candidate
9902856,K01556.01,FALSE POSITIVE,False Positive
7747425,K01952.04,CONFIRMED,Exoplanet Candidate
9892816,K01955.01,CONFIRMED,Exoplanet Candidate
9892816,K01955.02,CONFIRMED,Exoplanet Candidate
9836149,K01958.01,CONFIRMED,Exoplanet Candidate
4813563,K01959.01,CONFIRMED,Exoplanet Candidate
2985767,K02032.01,CONFIRMED,Exoplanet Candidate
2304320,K02033.01,CONFIRMED,Exoplanet Candidate
3657758,K02034.01,CONFIRMED,Exoplanet Candidate
9790806,K02035.01,CONFIRMED,Exoplanet Candidate
6382217,K02036.01,CONFIRMED,Exoplanet Candidate
5375194,K01825.01,CONFIRMED,Exoplanet Candidate
6468138,K01826.01,CONFIRMED,Exoplanet Candidate
10019708,K00199.01,CONFIRMED,Exoplanet Candidate
11875734,K01828.01,CONFIRMED,Exoplanet Candidate
7697568,K01829.01,FALSE POSITIVE,False Positive
7046804,K00205.01,CONFIRMED,Exoplanet Candidate
7449136,K01890.01,CONFIRMED,Exoplanet Candidate
8680979,K01891.01,CONFIRMED,Exoplanet Candidate
8680979,K01891.02,CONFIRMED,Exoplanet Candidate
9030537,K01892.01,CONFIRMED,Exoplanet Candidate
6949061,K01960.01,CONFIRMED,Exoplanet Candidate
7269493,K01961.01,CONFIRMED,Exoplanet Candidate
5513648,K01962.01,CANDIDATE,Exoplanet Candidate
9164836,K00213.01,FALSE POSITIVE,False Positive
7887791,K01964.01,CANDIDATE,Exoplanet Candidate
11657891,K01965.01,CONFIRMED,Exoplanet Candidate
6305192,K00219.01,CONFIRMED,Exoplanet Candidate
6382217,K02036.02,CONFIRMED,Exoplanet Candidate
9634821,K02037.01,CONFIRMED,Exoplanet Candidate
9634821,K02037.03,CANDIDATE,Exoplanet Candidate
8950568,K02038.01,CONFIRMED,Exoplanet Candidate
3326377,K01830.01,CONFIRMED,Exoplanet Candidate
11601584,K01831.01,CONFIRMED,Exoplanet Candidate
11601584,K01831.02,CONFIRMED,Exoplanet Candidate
11601584,K01831.03,CONFIRMED,Exoplanet Candidate
11601584,K01831.04,CONFIRMED,Exoplanet Candidate
8689793,K01893.01,CONFIRMED,Exoplanet Candidate
11673802,K01894.01,CONFIRMED,Exoplanet Candidate
4263293,K01895.01,CONFIRMED,Exoplanet Candidate
4263293,K01895.02,CONFIRMED,Exoplanet Candidate
4263293,K01895.03,CONFIRMED,Exoplanet Candidate
5695524,K01897.01,CONFIRMED,Exoplanet Candidate
6205897,K01967.01,CONFIRMED,Exoplanet Candidate
7948784,K01968.01,CONFIRMED,Exoplanet Candidate
9244756,K01969.01,CONFIRMED,Exoplanet Candidate
9650808,K01970.01,CONFIRMED,Exoplanet Candidate
9650808,K01970.02,CONFIRMED,Exoplanet Candidate
8950568,K02038.02,CONFIRMED,Exoplanet Candidate
8950568,K02038.03,CONFIRMED,Exoplanet Candidate
8950568,K02038.04,CONFIRMED,Exoplanet Candidate
8804845,K02039.01,CONFIRMED,Exoplanet Candidate
10480915,K02040.01,CONFIRMED,Exoplanet Candidate
11709244,K01832.01,CONFIRMED,Exoplanet Candidate
11709244,K01832.02,CONFIRMED,Exoplanet Candidate
11709244,K01832.03,CONFIRMED,Exoplanet Candidate
10019708,K00199.02,FALSE POSITIVE,Exoplanet Candidate
11853878,K01833.01,CONFIRMED,Exoplanet Candidate
5728139,K00206.01,CONFIRMED,Exoplanet Candidate
7668663,K01898.01,CONFIRMED,Exoplanet Candidate
7047922,K01899.01,CONFIRMED,Exoplanet Candidate
9353314,K01900.01,CONFIRMED,Exoplanet Candidate
3629967,K01901.01,CONFIRMED,Exoplanet Candidate
9347009,K01971.01,CONFIRMED,Exoplanet Candidate
11253711,K01972.01,CANDIDATE,Exoplanet Candidate
4917596,K01973.01,CONFIRMED,Exoplanet Candidate
4743513,K00024.01,FALSE POSITIVE,False Positive
11046458,K00214.01,CONFIRMED,Exoplanet Candidate
9111849,K02042.01,CANDIDATE,Exoplanet Candidate
7132798,K00220.01,CONFIRMED,Exoplanet Candidate
3448130,K02043.01,CONFIRMED,Exoplanet Candidate
9656252,K02044.01,CONFIRMED,Exoplanet Candidate
6026438,K02045.01,CONFIRMED,Exoplanet Candidate
9471268,K01835.01,CONFIRMED,Exoplanet Candidate
9471268,K01835.02,CONFIRMED,Exoplanet Candidate
9471268,K01835.03,CONFIRMED,Exoplanet Candidate
10657406,K01837.01,CONFIRMED,Exoplanet Candidate
5526527,K01838.01,CONFIRMED,Exoplanet Candidate
5809954,K01902.01,FALSE POSITIVE,False Positive
8766650,K01904.01,CONFIRMED,Exoplanet Candidate
10328393,K01905.01,CONFIRMED,Exoplanet Candidate
11773328,K01906.01,CANDIDATE,Exoplanet Candidate
7094486,K01907.01,CONFIRMED,Exoplanet Candidate
7289577,K01974.01,CONFIRMED,Exoplanet Candidate
8543100,K01975.01,CONFIRMED,Exoplanet Candidate
2693736,K01976.01,CONFIRMED,Exoplanet Candidate
9412760,K01977.01,CONFIRMED,Exoplanet Candidate
9412760,K01977.02,CONFIRMED,Exoplanet Candidate
6026438,K02045.02,CONFIRMED,Exoplanet Candidate
10663396,K02046.01,CONFIRMED,Exoplanet Candidate
11457726,K02047.01,CONFIRMED,Exoplanet Candidate
8956206,K02048.01,CONFIRMED,Exoplanet Candidate
9649706,K02049.01,CONFIRMED,Exoplanet Candidate
5856571,K01839.01,CONFIRMED,Exoplanet Candidate
7765528,K01840.01,CONFIRMED,Exoplanet Candidate
11760231,K01841.01,CONFIRMED,Exoplanet Candidate
7779077,K01842.01,CONFIRMED,Exoplanet Candidate
6046540,K00200.01,CONFIRMED,Exoplanet Candidate
5706966,K01908.01,CONFIRMED,Exoplanet Candidate
3762468,K00208.01,CONFIRMED,Exoplanet Candidate
5706966,K01908.02,CONFIRMED,Exoplanet Candidate
10130039,K01909.01,CONFIRMED,Exoplanet Candidate
10130039,K01909.02,CONFIRMED,Exoplanet Candidate
9518318,K01978.01,CONFIRMED,Exoplanet Candidate
9518318,K01978.02,CONFIRMED,Exoplanet Candidate
7273277,K01979.01,CONFIRMED,Exoplanet Candidate
11769890,K01980.01,CONFIRMED,Exoplanet Candidate
6862721,K01982.01,CONFIRMED,Exoplanet Candidate
12301181,K02059.01,CONFIRMED,Exoplanet Candidate
9279354,K02060.01,CONFIRMED,Exoplanet Candidate
6774880,K02062.01,CONFIRMED,Exoplanet Candidate
3937519,K00221.01,CONFIRMED,Exoplanet Candidate
7449541,K02063.01,CONFIRMED,Exoplanet Candidate
5080636,K01843.01,CONFIRMED,Exoplanet Candidate
5080636,K01843.02,CANDIDATE,Exoplanet Candidate
3338885,K01845.01,CONFIRMED,Exoplanet Candidate
3338885,K01845.02,CONFIRMED,Exoplanet Candidate
6776401,K01847.01,CONFIRMED,Exoplanet Candidate
10130039,K01909.03,CONFIRMED,Exoplanet Candidate
8226050,K01910.01,CONFIRMED,Exoplanet Candidate
9965957,K01911.01,CONFIRMED,Exoplanet Candidate
9704384,K01913.01,CONFIRMED,Exoplanet Candidate
8426567,K01914.01,CONFIRMED,Exoplanet Candidate
12508335,K00215.01,FALSE POSITIVE,False Positive
10094670,K01984.01,CONFIRMED,Exoplanet Candidate
8142942,K01985.01,CONFIRMED,Exoplanet Candidate
8257205,K01986.01,CONFIRMED,Exoplanet Candidate
9044228,K01988.01,CONFIRMED,Exoplanet Candidate
7265298,K02051.01,CONFIRMED,Exoplanet Candidate
7265298,K02051.02,CONFIRMED,Exoplanet Candidate
7132798,K00220.02,CONFIRMED,Exoplanet Candidate
3248501,K02052.01,CANDIDATE,Exoplanet Candidate
2307415,K02053.01,CONFIRMED,Exoplanet Candidate
7430034,K01848.01,CONFIRMED,Exoplanet Candidate
9735426,K01849.01,CONFIRMED,Exoplanet Candidate
8826168,K01850.01,CONFIRMED,Exoplanet Candidate
10464050,K01851.01,CONFIRMED,Exoplanet Candidate
9763348,K01852.01,CONFIRMED,Exoplanet Candidate
9101496,K01915.01,CONFIRMED,Exoplanet Candidate
6037581,K01916.01,CONFIRMED,Exoplanet Candidate
10723750,K00209.01,CONFIRMED,Exoplanet Candidate
6037581,K01916.02,CONFIRMED,Exoplanet Candidate
6037581,K01916.03,CONFIRMED,Exoplanet Candidate
10779233,K01989.01,CONFIRMED,Exoplanet Candidate
11614617,K01990.01,CONFIRMED,Exoplanet Candidate
11450414,K01992.01,CONFIRMED,Exoplanet Candidate
4736569,K01996.01,CONFIRMED,Exoplanet Candidate
10384798,K01997.01,CONFIRMED,Exoplanet Candidate
2307415,K02053.02,CONFIRMED,Exoplanet Candidate
3128552,K02055.01,CONFIRMED,Exoplanet Candidate
10134152,K02056.01,CONFIRMED,Exoplanet Candidate
9573685,K02057.01,CONFIRMED,Exoplanet Candidate
10329835,K02058.01,CONFIRMED,Exoplanet Candidate
6849046,K00201.01,CONFIRMED,Exoplanet Candidate
8804397,K01853.01,CONFIRMED,Exoplanet Candidate
9662811,K01854.01,CONFIRMED,Exoplanet Candidate
11570749,K01856.01,CANDIDATE,Exoplanet Candidate
11297236,K01857.01,CONFIRMED,Exoplanet Candidate
10074466,K01917.01,CONFIRMED,Exoplanet Candidate
8218379,K01920.01,CONFIRMED,Exoplanet Candidate
7755636,K01921.01,CONFIRMED,Exoplanet Candidate
9411166,K01922.01,CONFIRMED,Exoplanet Candidate
9411166,K01922.02,CANDIDATE,Exoplanet Candidate
4989057,K01923.01,CONFIRMED,Exoplanet Candidate
9834040,K01998.01,CONFIRMED,Exoplanet Candidate
6152974,K00216.01,CONFIRMED,Exoplanet Candidate
8802693,K02000.01,CONFIRMED,Exoplanet Candidate
6061773,K02001.01,CONFIRMED,Exoplanet Candidate
10024701,K02002.01,CONFIRMED,Exoplanet Candidate
2579043,K02064.01,CANDIDATE,Exoplanet Candidate
3239671,K02066.01,CONFIRMED,Exoplanet Candidate
9304101,K02067.01,CONFIRMED,Exoplanet Candidate
11360571,K02069.01,CONFIRMED,Exoplanet Candidate
6035124,K02071.01,CONFIRMED,Exoplanet Candidate
8160953,K01858.01,CONFIRMED,Exoplanet Candidate
8160953,K01858.02,CANDIDATE,False Positive
4157325,K01860.01,CONFIRMED,Exoplanet Candidate
4157325,K01860.02,CONFIRMED,Exoplanet Candidate
4157325,K01860.03,CONFIRMED,Exoplanet Candidate
5108214,K01924.01,FALSE POSITIVE,False Positive
9955598,K01925.01,CONFIRMED,Exoplanet Candidate
10723750,K00209.02,CONFIRMED,Exoplanet Candidate
7219761,K01927.01,FALSE POSITIVE,False Positive
5770074,K01928.01,CONFIRMED,Exoplanet Candidate
10136549,K01929.01,CONFIRMED,Exoplanet Candidate
9851271,K02003.01,FALSE POSITIVE,False Positive
12154526,K02004.01,CONFIRMED,Exoplanet Candidate
6665512,K02005.01,CONFIRMED,Exoplanet Candidate
10525027,K02006.01,CONFIRMED,Exoplanet Candidate
11069176,K02007.01,CONFIRMED,Exoplanet Candidate
10005758,K01783.01,CONFIRMED,Exoplanet Candidate
10158418,K01784.01,CANDIDATE,Exoplanet Candidate
3128793,K01786.01,FALSE POSITIVE,False Positive
5864975,K01787.01,CONFIRMED,Exoplanet Candidate
2975770,K01788.01,CONFIRMED,Exoplanet Candidate
3648437,K01861.01,CANDIDATE,Exoplanet Candidate
7877496,K00202.01,CONFIRMED,Exoplanet Candidate
7286173,K01862.01,CONFIRMED,Exoplanet Candidate
11126381,K01863.01,CONFIRMED,Exoplanet Candidate
4149450,K01864.01,CONFIRMED,Exoplanet Candidate
10136549,K01929.02,CONFIRMED,Exoplanet Candidate
5511081,K01930.01,CONFIRMED,Exoplanet Candidate
5511081,K01930.02,CONFIRMED,Exoplanet Candidate
5511081,K01930.03,CONFIRMED,Exoplanet Candidate
5511081,K01930.04,CONFIRMED,Exoplanet Candidate
10978763,K01931.01,CONFIRMED,Exoplanet Candidate
11069176,K02007.02,CONFIRMED,Exoplanet Candidate
8098728,K02008.01,FALSE POSITIVE,False Positive
6152974,K00216.02,CONFIRMED,Exoplanet Candidate
2449431,K02009.01,CANDIDATE,Exoplanet Candidate
5631630,K02010.01,CONFIRMED,Exoplanet Candidate
6504954,K01790.01,CONFIRMED,Exoplanet Candidate
9410930,K00196.01,CONFIRMED,Exoplanet Candidate
5731623,K01793.01,CANDIDATE,Exoplanet Candidate
6153672,K01794.01,FALSE POSITIVE,False Positive
10676014,K01797.01,CONFIRMED,Exoplanet Candidate
9520838,K01866.01,CONFIRMED,Exoplanet Candidate
8167996,K01867.01,CONFIRMED,Exoplanet Candidate
8167996,K01867.02,CONFIRMED,Exoplanet Candidate
8167996,K01867.03,CONFIRMED,Exoplanet Candidate
6773862,K01868.01,CONFIRMED,Exoplanet Candidate
10978763,K01931.02,CONFIRMED,Exoplanet Candidate
10602291,K00210.01,CANDIDATE,False Positive
10978763,K01931.03,CONFIRMED,Exoplanet Candidate
5202905,K01932.01,CONFIRMED,Exoplanet Candidate
9072190,K01933.01,CONFIRMED,Exoplanet Candidate
5384079,K02011.01,CONFIRMED,Exoplanet Candidate
9839821,K02012.01,CONFIRMED,Exoplanet Candidate
4056616,K02013.01,CONFIRMED,Exoplanet Candidate
6707908,K02014.01,FALSE POSITIVE,False Positive
8492026,K02016.01,CONFIRMED,Exoplanet Candidate
6867766,K01798.01,FALSE POSITIVE,False Positive
6058614,K01799.01,FALSE POSITIVE,False Positive
11017901,K01800.01,CONFIRMED,Exoplanet Candidate
5088591,K01801.01,CONFIRMED,Exoplanet Candidate
11298298,K01802.01,CONFIRMED,Exoplanet Candidate
10187159,K01870.01,CONFIRMED,Exoplanet Candidate
9758089,K01871.01,CONFIRMED,Exoplanet Candidate
10619192,K00203.01,CONFIRMED,Exoplanet Candidate
9883311,K01872.01,CANDIDATE,Exoplanet Candidate
4939346,K01873.01,CONFIRMED,Exoplanet Candidate
4242147,K01934.01,CANDIDATE,Exoplanet Candidate
5396122,K01935.01,FALSE POSITIVE,False Positive
10190777,K01937.01,CONFIRMED,Exoplanet Candidate
9651234,K01938.01,CONFIRMED,Exoplanet Candidate
7045496,K01939.01,CONFIRMED,Exoplanet Candidate
8750043,K02017.01,CONFIRMED,Exoplanet Candidate
9973109,K02018.01,CONFIRMED,Exoplanet Candidate
6226290,K02019.01,CONFIRMED,Exoplanet Candidate
9595827,K00217.01,CONFIRMED,Exoplanet Candidate
9349482,K02020.01,CONFIRMED,Exoplanet Candidate
4349442,K01803.01,CANDIDATE,Exoplanet Candidate
4644952,K01805.01,CONFIRMED,Exoplanet Candidate
2987027,K00197.01,CONFIRMED,Exoplanet Candidate
4644952,K01805.02,CONFIRMED,Exoplanet Candidate
4644952,K01805.03,CONFIRMED,Exoplanet Candidate
8978528,K01874.01,CONFIRMED,Exoplanet Candidate
8978528,K01874.02,CONFIRMED,Exoplanet Candidate
9967771,K01875.01,CONFIRMED,Exoplanet Candidate
11622600,K01876.01,CONFIRMED,Exoplanet Candidate
10454632,K01877.01,CONFIRMED,Exoplanet Candidate
10005788,K01940.01,CONFIRMED,Exoplanet Candidate
10005788,K01940.02,CANDIDATE,Exoplanet Candidate
10656508,K00211.01,CANDIDATE,Exoplanet Candidate
5213902,K01941.01,FALSE POSITIVE,False Positive
2832589,K01942.01,CONFIRMED,Exoplanet Candidate
2438513,K01944.01,CONFIRMED,Exoplanet Candidate
6356207,K02021.01,CONFIRMED,Exoplanet Candidate
8564674,K02022.01,CONFIRMED,Exoplanet Candidate
8564674,K02022.02,CONFIRMED,Exoplanet Candidate
8578780,K02023.01,CONFIRMED,Exoplanet Candidate
4544907,K02024.01,CONFIRMED,Exoplanet Candidate
7761918,K01808.01,CONFIRMED,Exoplanet Candidate
8240797,K01809.01,CONFIRMED,Exoplanet Candidate
8240797,K01809.02,CONFIRMED,Exoplanet Candidate
8164262,K01810.01,FALSE POSITIVE,False Positive
6279974,K01812.01,FALSE POSITIVE,False Positive
9455325,K01813.01,CONFIRMED,Exoplanet Candidate
3098810,K01878.01,CONFIRMED,Exoplanet Candidate
8367644,K01879.01,CONFIRMED,Exoplanet Candidate
10332883,K01880.01,CONFIRMED,Exoplanet Candidate
9071386,K00023.01,FALSE POSITIVE,False Positive
9305831,K00204.01,CONFIRMED,Exoplanet Candidate
2438513,K01944.02,FALSE POSITIVE,Exoplanet Candidate
11656918,K01945.01,CONFIRMED,Exoplanet Candidate
11656918,K01945.02,CANDIDATE,Exoplanet Candidate
10844890,K01946.01,CANDIDATE,Exoplanet Candidate
9536692,K01948.01,FALSE POSITIVE,False Positive
4636578,K02025.01,CONFIRMED,Exoplanet Candidate
4636578,K02025.02,CONFIRMED,Exoplanet Candidate
4636578,K02025.03,CONFIRMED,Exoplanet Candidate
11923284,K02026.01,CONFIRMED,Exoplanet Candidate
9838975,K00218.01,FALSE POSITIVE,False Positive
5621125,K01814.01,CONFIRMED,False Positive
9872283,K01815.01,CONFIRMED,Exoplanet Candidate
10666242,K00198.01,FALSE POSITIVE,False Positive
8624520,K01816.01,CANDIDATE,Exoplanet Candidate
7870032,K01818.01,CONFIRMED,Exoplanet Candidate
9597058,K01819.01,CONFIRMED,Exoplanet Candidate
4035640,K01881.01,CONFIRMED,Exoplanet Candidate
6205228,K01882.01,CONFIRMED,Exoplanet Candidate
11758544,K01883.01,CONFIRMED,Exoplanet Candidate
4851530,K01884.01,CANDIDATE,Exoplanet Candidate
4851530,K01884.02,CANDIDATE,Exoplanet Candidate
3118797,K01950.01,CONFIRMED,Exoplanet Candidate
7747425,K01952.01,CONFIRMED,Exoplanet Candidate
6300348,K00212.01,CANDIDATE,Exoplanet Candidate
7747425,K01952.02,CONFIRMED,Exoplanet Candidate
7747425,K01952.03,CONFIRMED,Exoplanet Candidate
7102316,K02028.01,CONFIRMED,Exoplanet Candidate
7102316,K02028.02,CONFIRMED,Exoplanet Candidate
9489524,K02029.01,CONFIRMED,Exoplanet Candidate
9489524,K02029.02,CONFIRMED,Exoplanet Candidate
5940165,K02031.01,CONFIRMED,Exoplanet Candidate
8277797,K01820.01,CONFIRMED,Exoplanet Candidate
8277797,K01820.02,CONFIRMED,Exoplanet Candidate
5124667,K01822.01,CONFIRMED,Exoplanet Candidate
2989404,K01824.01,CONFIRMED,Exoplanet Candidate
2989404,K01824.02,CONFIRMED,Exoplanet Candidate
11413812,K01885.01,CONFIRMED,Exoplanet Candidate
9549648,K01886.01,CONFIRMED,Exoplanet Candidate
10063802,K01888.01,CONFIRMED,Exoplanet Candidate
11074178,K01889.01,CONFIRMED,Exoplanet Candidate
11074178,K01889.02,CONFIRMED,Exoplanet Candidate
11030475,K02248.04,CANDIDATE,Exoplanet Candidate
5942808,K02250.01,CONFIRMED,Exoplanet Candidate
6206214,K02252.01,CONFIRMED,Exoplanet Candidate
8959839,K02253.01,CONFIRMED,Exoplanet Candidate
7672097,K02255.01,CONFIRMED,Exoplanet Candidate
6142862,K02336.01,FALSE POSITIVE,False Positive
5599774,K02337.01,CONFIRMED,Exoplanet Candidate
8099138,K02338.01,CONFIRMED,Exoplanet Candidate
7033233,K02339.01,CONFIRMED,Exoplanet Candidate
7033233,K02339.02,CANDIDATE,Exoplanet Candidate
6383785,K00239.02,CONFIRMED,Exoplanet Candidate
9411412,K02101.01,CONFIRMED,Exoplanet Candidate
7008211,K02102.01,CONFIRMED,Exoplanet Candidate
7620413,K02103.01,CONFIRMED,Exoplanet Candidate
4545187,K00223.01,CONFIRMED,Exoplanet Candidate
10854546,K02104.01,CONFIRMED,Exoplanet Candidate
11774991,K02173.01,CONFIRMED,Exoplanet Candidate
11774991,K02173.02,CONFIRMED,Exoplanet Candidate
8261920,K02174.01,CANDIDATE,Exoplanet Candidate
8261920,K02174.02,CONFIRMED,Exoplanet Candidate
8261920,K02174.03,CONFIRMED,Exoplanet Candidate
9112931,K02256.01,CONFIRMED,Exoplanet Candidate
9071593,K02257.01,CONFIRMED,Exoplanet Candidate
8126558,K02259.01,CONFIRMED,Exoplanet Candidate
11811193,K02260.01,CONFIRMED,Exoplanet Candidate
3734418,K02261.01,CONFIRMED,Exoplanet Candidate
8681734,K02340.01,CONFIRMED,Exoplanet Candidate
10232693,K02341.01,FALSE POSITIVE,False Positive
10212441,K02342.01,CONFIRMED,Exoplanet Candidate
6119141,K02343.01,CANDIDATE,Exoplanet Candidate
8247771,K02344.01,CONFIRMED,Exoplanet Candidate
8165946,K02105.01,CONFIRMED,Exoplanet Candidate
12017109,K02106.01,CONFIRMED,Exoplanet Candidate
9225395,K02107.01,CONFIRMED,Exoplanet Candidate
10709622,K02108.01,CONFIRMED,Exoplanet Candidate
11499228,K02109.01,CONFIRMED,Exoplanet Candidate
9022166,K02175.01,CONFIRMED,Exoplanet Candidate
10965588,K02177.01,CONFIRMED,Exoplanet Candidate
10670119,K02179.01,CONFIRMED,Exoplanet Candidate
10670119,K02179.02,CONFIRMED,Exoplanet Candidate
4043443,K00231.01,FALSE POSITIVE,False Positive
8491277,K00234.01,CONFIRMED,Exoplanet Candidate
3734418,K02261.02,CANDIDATE,Exoplanet Candidate
8613535,K02263.01,CONFIRMED,Exoplanet Candidate
12256520,K02264.01,CONFIRMED,Exoplanet Candidate
3337432,K02265.01,FALSE POSITIVE,False Positive
5629538,K02345.01,CONFIRMED,Exoplanet Candidate
8561231,K02346.01,CONFIRMED,Exoplanet Candidate
8235924,K02347.01,CONFIRMED,Exoplanet Candidate
6941084,K02348.01,CONFIRMED,Exoplanet Candidate
6200235,K02350.01,CONFIRMED,Exoplanet Candidate
11460462,K02110.01,CONFIRMED,Exoplanet Candidate
8612275,K02111.01,CONFIRMED,Exoplanet Candidate
8612275,K02111.02,CONFIRMED,Exoplanet Candidate
7207061,K02113.01,CONFIRMED,Exoplanet Candidate
4545187,K00223.02,CONFIRMED,Exoplanet Candidate
7286911,K02180.01,CONFIRMED,Exoplanet Candidate
8591173,K02181.01,CONFIRMED,Exoplanet Candidate
6962109,K02182.01,CONFIRMED,Exoplanet Candidate
5706595,K02183.01,CONFIRMED,Exoplanet Candidate
5706595,K02183.02,CONFIRMED,Exoplanet Candidate
10489345,K02266.01,CONFIRMED,Exoplanet Candidate
11774303,K02269.01,FALSE POSITIVE,False Positive
10329469,K02271.01,CONFIRMED,Exoplanet Candidate
9654875,K02272.01,CANDIDATE,False Positive
9717943,K02273.01,CONFIRMED,Exoplanet Candidate
8026752,K00240.01,CONFIRMED,Exoplanet Candidate
1872821,K02351.01,CONFIRMED,Exoplanet Candidate
8013439,K02352.01,CONFIRMED,Exoplanet Candidate
8013439,K02352.02,CONFIRMED,Exoplanet Candidate
8013439,K02352.03,CONFIRMED,Exoplanet Candidate
7207061,K02113.02,CONFIRMED,Exoplanet Candidate
6921944,K02114.01,CONFIRMED,Exoplanet Candidate
9532052,K02115.01,CONFIRMED,Exoplanet Candidate
8164012,K02116.01,CONFIRMED,False Positive
4140813,K02117.01,CONFIRMED,Exoplanet Candidate
8611781,K02185.01,CONFIRMED,Exoplanet Candidate
3097926,K02186.01,CANDIDATE,Exoplanet Candidate
10518424,K02188.02,CANDIDATE,Exoplanet Candidate
5730445,K02189.01,CANDIDATE,Exoplanet Candidate
5601258,K02191.01,CONFIRMED,Exoplanet Candidate
7960980,K02274.01,CONFIRMED,Exoplanet Candidate
8107225,K00235.01,CONFIRMED,Exoplanet Candidate
3458028,K02276.01,CONFIRMED,False Positive
3342794,K02278.01,CONFIRMED,Exoplanet Candidate
3342794,K02278.02,CONFIRMED,Exoplanet Candidate
5716932,K02358.01,CONFIRMED,Exoplanet Candidate
11288051,K00241.01,CONFIRMED,Exoplanet Candidate
7515670,K02360.01,FALSE POSITIVE,False Positive
11566256,K02361.01,CONFIRMED,Exoplanet Candidate
8495415,K02362.02,CONFIRMED,Exoplanet Candidate
4055304,K02119.01,CONFIRMED,Exoplanet Candidate
4857213,K02120.01,CONFIRMED,Exoplanet Candidate
9415108,K02121.01,CONFIRMED,Exoplanet Candidate
4262581,K02122.01,CONFIRMED,Exoplanet Candidate
8591693,K02123.01,CONFIRMED,Exoplanet Candidate
4833421,K00232.01,CONFIRMED,Exoplanet Candidate
8282651,K02193.01,CONFIRMED,Exoplanet Candidate
3548044,K02194.01,CONFIRMED,Exoplanet Candidate
11401767,K02195.01,CONFIRMED,Exoplanet Candidate
10909127,K02200.01,CONFIRMED,Exoplanet Candidate
3661886,K02279.01,CONFIRMED,Exoplanet Candidate
3661886,K02279.02,CONFIRMED,Exoplanet Candidate
2439243,K02280.01,CONFIRMED,Exoplanet Candidate
9221517,K02281.01,CONFIRMED,Exoplanet Candidate
6751874,K02282.01,CONFIRMED,Exoplanet Candidate
10863608,K02368.01,CONFIRMED,Exoplanet Candidate
5602588,K02369.01,CONFIRMED,Exoplanet Candidate
11288051,K00241.02,CONFIRMED,Exoplanet Candidate
5602588,K02369.02,CANDIDATE,Exoplanet Candidate
5385304,K02370.01,CANDIDATE,Exoplanet Candidate
5547480,K00224.01,FALSE POSITIVE,False Positive
11462341,K02124.01,CANDIDATE,Exoplanet Candidate
9405595,K02125.01,CONFIRMED,Exoplanet Candidate
3546060,K02126.01,CONFIRMED,Exoplanet Candidate
7019489,K02128.01,FALSE POSITIVE,False Positive
2141783,K02201.01,FALSE POSITIVE,False Positive
4144576,K02202.01,CONFIRMED,Exoplanet Candidate
8494542,K02204.01,CONFIRMED,Exoplanet Candidate
9992325,K02205.01,CONFIRMED,Exoplanet Candidate
11073656,K02206.01,CANDIDATE,False Positive
10206675,K02283.01,FALSE POSITIVE,False Positive
9945370,K02285.01,CONFIRMED,Exoplanet Candidate
3832716,K00027.01,FALSE POSITIVE,False Positive
8453211,K00236.01,FALSE POSITIVE,False Positive
8973129,K02286.01,CONFIRMED,Exoplanet Candidate
12505654,K02353.01,CONFIRMED,Exoplanet Candidate
7215678,K02354.01,CANDIDATE,Exoplanet Candidate
11670125,K02355.01,CONFIRMED,Exoplanet Candidate
11461844,K02356.01,CONFIRMED,Exoplanet Candidate
7449554,K02357.01,CANDIDATE,Exoplanet Candidate
9351920,K02129.01,CONFIRMED,Exoplanet Candidate
2161536,K02130.01,CONFIRMED,Exoplanet Candidate
10549023,K02131.01,CONFIRMED,Exoplanet Candidate
9661979,K02132.01,CONFIRMED,Exoplanet Candidate
8219268,K02133.01,CONFIRMED,Exoplanet Candidate
10531955,K02208.01,CONFIRMED,Exoplanet Candidate
4833421,K00232.02,CONFIRMED,Exoplanet Candidate
8168187,K02209.01,CONFIRMED,Exoplanet Candidate
4142847,K02210.01,CONFIRMED,Exoplanet Candidate
10203349,K02212.01,CONFIRMED,Exoplanet Candidate
9718066,K02287.01,CONFIRMED,Exoplanet Candidate
3440978,K02288.01,CANDIDATE,Exoplanet Candidate
3867615,K02289.01,CONFIRMED,Exoplanet Candidate
12121570,K02290.01,CONFIRMED,Exoplanet Candidate
8410415,K02291.01,CONFIRMED,Exoplanet Candidate
7987866,K02363.01,CONFIRMED,Exoplanet Candidate
9532710,K02364.01,CANDIDATE,Exoplanet Candidate
11560897,K02365.01,CONFIRMED,Exoplanet Candidate
11342416,K02366.01,CONFIRMED,Exoplanet Candidate
9086251,K02367.01,CONFIRMED,Exoplanet Candidate
4254466,K02134.01,CONFIRMED,Exoplanet Candidate
5801571,K00225.01,FALSE POSITIVE,False Positive
9904006,K02135.01,CONFIRMED,Exoplanet Candidate
5288570,K02136.01,FALSE POSITIVE,False Positive
9364609,K02137.01,CONFIRMED,Exoplanet Candidate
7457296,K02213.01,CONFIRMED,Exoplanet Candidate
10328458,K02214.01,CONFIRMED,Exoplanet Candidate
7050060,K02215.01,FALSE POSITIVE,False Positive
4248120,K02216.01,CONFIRMED,Exoplanet Candidate
9580992,K02217.01,CANDIDATE,Exoplanet Candidate
8321314,K02293.01,CONFIRMED,Exoplanet Candidate
6934986,K02294.01,CANDIDATE,Exoplanet Candidate
4049901,K02295.01,CANDIDATE,Exoplanet Candidate
11498128,K02296.01,CONFIRMED,Exoplanet Candidate
8041216,K00237.01,CONFIRMED,Exoplanet Candidate
11824786,K02371.01,CONFIRMED,Exoplanet Candidate
12254909,K02372.01,CONFIRMED,Exoplanet Candidate
10798331,K02373.01,CANDIDATE,Exoplanet Candidate
9364290,K02374.01,CONFIRMED,Exoplanet Candidate
9364290,K02374.02,CONFIRMED,Exoplanet Candidate
5022828,K02138.01,CONFIRMED,Exoplanet Candidate
8233702,K02140.01,CONFIRMED,Exoplanet Candidate
11403339,K02143.01,CONFIRMED,Exoplanet Candidate
8260902,K02144.01,CONFIRMED,Exoplanet Candidate
8381204,K02145.01,CONFIRMED,Exoplanet Candidate
12058204,K02218.01,CONFIRMED,Exoplanet Candidate
12058204,K02218.02,CONFIRMED,Exoplanet Candidate
4833421,K00232.03,CONFIRMED,Exoplanet Candidate
5357545,K02219.01,CONFIRMED,Exoplanet Candidate
6871071,K02220.01,CONFIRMED,Exoplanet Candidate
5342473,K02297.01,CONFIRMED,Exoplanet Candidate
9334893,K02298.01,CANDIDATE,Exoplanet Candidate
9963265,K02299.01,CONFIRMED,Exoplanet Candidate
10583761,K02300.01,CONFIRMED,Exoplanet Candidate
7542813,K02302.01,CONFIRMED,Exoplanet Candidate
12058147,K02072.01,CONFIRMED,Exoplanet Candidate
8164257,K02073.01,CONFIRMED,Exoplanet Candidate
8164257,K02073.02,CONFIRMED,Exoplanet Candidate
8164257,K02073.03,CONFIRMED,Exoplanet Candidate
10593759,K00025.01,FALSE POSITIVE,False Positive
6774537,K02146.01,CONFIRMED,Exoplanet Candidate
10404582,K02147.01,CONFIRMED,Exoplanet Candidate
5959753,K00226.01,CONFIRMED,Exoplanet Candidate
6021193,K02148.01,CONFIRMED,Exoplanet Candidate
6021193,K02148.02,CONFIRMED,Exoplanet Candidate
6871071,K02220.02,CONFIRMED,Exoplanet Candidate
6871071,K02220.03,CONFIRMED,Exoplanet Candidate
6287313,K02221.01,CONFIRMED,Exoplanet Candidate
9289704,K02222.01,CANDIDATE,Exoplanet Candidate
9278725,K02223.01,CONFIRMED,False Positive
4458082,K02303.01,CONFIRMED,Exoplanet Candidate
8042453,K02304.01,CONFIRMED,Exoplanet Candidate
10874215,K02305.01,CONFIRMED,Exoplanet Candidate
6666233,K02306.01,FALSE POSITIVE,False Positive
7661065,K02307.01,FALSE POSITIVE,Exoplanet Candidate
3937519,K00221.02,CONFIRMED,Exoplanet Candidate
8866137,K02074.01,CONFIRMED,Exoplanet Candidate
10857519,K02075.01,CONFIRMED,False Positive
9517393,K02076.01,CONFIRMED,Exoplanet Candidate
9351316,K02078.01,CONFIRMED,Exoplanet Candidate
6021193,K02148.03,CONFIRMED,Exoplanet Candidate
10617017,K02149.01,CONFIRMED,Exoplanet Candidate
3229150,K02150.01,CONFIRMED,False Positive
7989422,K02151.01,FALSE POSITIVE,False Positive
9641481,K02152.01,CONFIRMED,Exoplanet Candidate
8892157,K02224.01,CONFIRMED,Exoplanet Candidate
8892157,K02224.02,CANDIDATE,Exoplanet Candidate
11569782,K02225.01,CONFIRMED,Exoplanet Candidate
4833421,K00232.04,CONFIRMED,Exoplanet Candidate
11520459,K02226.01,CANDIDATE,Exoplanet Candidate
7219825,K00238.01,CONFIRMED,Exoplanet Candidate
3749978,K02308.01,CONFIRMED,Exoplanet Candidate
10010440,K02309.01,CONFIRMED,Exoplanet Candidate
11718144,K02310.01,CONFIRMED,Exoplanet Candidate
4247991,K02311.01,CANDIDATE,Exoplanet Candidate
4247991,K02311.02,CANDIDATE,Exoplanet Candidate
10026544,K02312.01,CANDIDATE,Exoplanet Candidate
9473078,K02079.01,CONFIRMED,False Positive
10864531,K02080.01,CONFIRMED,Exoplanet Candidate
10864531,K02080.02,CONFIRMED,Exoplanet Candidate
2853780,K02081.01,CANDIDATE,Exoplanet Candidate
9472000,K02082.01,CONFIRMED,Exoplanet Candidate
10253547,K02153.01,CONFIRMED,Exoplanet Candidate
10253547,K02153.02,CONFIRMED,Exoplanet Candidate
12505076,K02154.01,CONFIRMED,Exoplanet Candidate
6185476,K00227.01,CANDIDATE,Exoplanet Candidate
12116380,K02155.01,CONFIRMED,Exoplanet Candidate
2556650,K02156.01,CONFIRMED,Exoplanet Candidate
10600955,K02227.01,CONFIRMED,Exoplanet Candidate
10801100,K02228.01,FALSE POSITIVE,False Positive
4473226,K02229.01,CONFIRMED,Exoplanet Candidate
8914779,K02230.01,FALSE POSITIVE,False Positive
2854181,K02232.01,CONFIRMED,Exoplanet Candidate
8963721,K02233.01,FALSE POSITIVE,False Positive
10132832,K02313.01,CONFIRMED,Exoplanet Candidate
3219995,K02314.01,CONFIRMED,Exoplanet Candidate
6062929,K02315.01,CONFIRMED,Exoplanet Candidate
7504778,K02316.01,CONFIRMED,Exoplanet Candidate
7219825,K00238.02,CONFIRMED,Exoplanet Candidate
7097965,K02083.01,CONFIRMED,Exoplanet Candidate
4249725,K00222.01,CONFIRMED,Exoplanet Candidate
3967326,K02084.01,CONFIRMED,Exoplanet Candidate
6768394,K02086.01,CONFIRMED,Exoplanet Candidate
6768394,K02086.02,CONFIRMED,Exoplanet Candidate
5211199,K02158.01,CONFIRMED,Exoplanet Candidate
8804455,K02159.01,CANDIDATE,Exoplanet Candidate
8804455,K02159.02,FALSE POSITIVE,Exoplanet Candidate
5546761,K02160.01,CONFIRMED,Exoplanet Candidate
5546761,K02160.02,CANDIDATE,Exoplanet Candidate
9205938,K02162.01,CONFIRMED,Exoplanet Candidate
10723367,K02236.01,CONFIRMED,Exoplanet Candidate
10723367,K02236.02,CONFIRMED,Exoplanet Candidate
5005121,K02237.01,CONFIRMED,Exoplanet Candidate
4833421,K00232.05,CONFIRMED,Exoplanet Candidate
8229458,K02238.01,CONFIRMED,Exoplanet Candidate
10684670,K02317.01,CONFIRMED,Exoplanet Candidate
11495458,K02318.01,CONFIRMED,Exoplanet Candidate
9003401,K02319.01,CONFIRMED,Exoplanet Candidate
5978559,K02321.01,CONFIRMED,Exoplanet Candidate
8872048,K02323.01,CANDIDATE,False Positive
7746958,K02324.01,CANDIDATE,Exoplanet Candidate
6768394,K02086.03,CONFIRMED,Exoplanet Candidate
6922710,K02087.01,CONFIRMED,Exoplanet Candidate
11348997,K02090.01,CONFIRMED,Exoplanet Candidate
5705819,K02091.01,CONFIRMED,Exoplanet Candidate
6696580,K02092.01,CONFIRMED,Exoplanet Candidate
11358389,K02163.01,CONFIRMED,Exoplanet Candidate
7204981,K02164.01,CONFIRMED,Exoplanet Candidate
3847907,K00229.01,CONFIRMED,Exoplanet Candidate
4370527,K02166.01,CONFIRMED,Exoplanet Candidate
6041734,K02167.01,CONFIRMED,Exoplanet Candidate
5125347,K02241.01,CONFIRMED,Exoplanet Candidate
9336200,K02242.01,CONFIRMED,Exoplanet Candidate
4770617,K02243.01,CONFIRMED,Exoplanet Candidate
4454934,K02245.01,CONFIRMED,Exoplanet Candidate
9458343,K02246.01,CONFIRMED,Exoplanet Candidate
7120108,K02325.01,CONFIRMED,Exoplanet Candidate
10730703,K02327.01,CONFIRMED,Exoplanet Candidate
8007644,K02328.01,CONFIRMED,Exoplanet Candidate
11192235,K02329.01,CONFIRMED,Exoplanet Candidate
6383785,K00239.01,CONFIRMED,Exoplanet Candidate
6696580,K02092.02,CONFIRMED,Exoplanet Candidate
6525946,K02093.01,CANDIDATE,Exoplanet Candidate
4249725,K00222.02,CONFIRMED,Exoplanet Candidate
8505920,K02094.01,CONFIRMED,Exoplanet Candidate
7918992,K02095.01,CONFIRMED,Exoplanet Candidate
6041734,K02167.02,CANDIDATE,Exoplanet Candidate
11308499,K02168.01,CONFIRMED,Exoplanet Candidate
11308499,K02168.02,CONFIRMED,Exoplanet Candidate
9006186,K02169.01,CONFIRMED,Exoplanet Candidate
9006186,K02169.02,CONFIRMED,Exoplanet Candidate
7802719,K02247.01,CONFIRMED,Exoplanet Candidate
11030475,K02248.01,CONFIRMED,Exoplanet Candidate
11030475,K02248.02,CANDIDATE,Exoplanet Candidate
11030475,K02248.03,CANDIDATE,Exoplanet Candidate
5023956,K00233.01,FALSE POSITIVE,False Positive
12401863,K02331.01,CONFIRMED,Exoplanet Candidate
5534941,K02332.01,CONFIRMED,False Positive
11121752,K02333.01,CONFIRMED,Exoplanet Candidate
11121752,K02333.02,CONFIRMED,Exoplanet Candidate
2990873,K02335.01,CONFIRMED,Exoplanet Candidate
9307509,K02096.01,CONFIRMED,Exoplanet Candidate
10158729,K02097.01,CONFIRMED,Exoplanet Candidate
6105462,K02098.01,CONFIRMED,Exoplanet Candidate
3120355,K02099.01,CONFIRMED,Exoplanet Candidate
6047072,K02100.01,CONFIRMED,Exoplanet Candidate
9006186,K02169.03,CONFIRMED,Exoplanet Candidate
9006186,K02169.04,CANDIDATE,Exoplanet Candidate
11410904,K02171.01,CONFIRMED,Exoplanet Candidate
5021737,K00026.01,FALSE POSITIVE,False Positive
3862246,K00230.01,FALSE POSITIVE,False Positive
4173026,K02172.01,CONFIRMED,Exoplanet Candidate
10471621,K02554.01,CANDIDATE,Exoplanet Candidate
10471621,K02554.02,CANDIDATE,Exoplanet Candidate
5350244,K02555.01,CONFIRMED,Exoplanet Candidate
5374403,K02556.01,CONFIRMED,Exoplanet Candidate
10925113,K02557.01,FALSE POSITIVE,False Positive
11769801,K02633.01,FALSE POSITIVE,False Positive
11752906,K00253.02,CONFIRMED,Exoplanet Candidate
1995519,K02634.01,CONFIRMED,Exoplanet Candidate
4914566,K02635.01,CONFIRMED,Exoplanet Candidate
6198182,K02636.01,CONFIRMED,Exoplanet Candidate
10024051,K02409.01,CONFIRMED,False Positive
8676038,K02410.01,FALSE POSITIVE,False Positive
4349452,K00244.01,CONFIRMED,Exoplanet Candidate
8676038,K02410.02,FALSE POSITIVE,False Positive
8073806,K02411.01,CONFIRMED,Exoplanet Candidate
10419312,K02412.01,FALSE POSITIVE,False Positive
3234598,K02413.01,CONFIRMED,Exoplanet Candidate
10453588,K02484.01,CONFIRMED,Exoplanet Candidate
11125613,K02485.01,CONFIRMED,Exoplanet Candidate
8074328,K02486.01,CANDIDATE,Exoplanet Candidate
7212184,K02487.01,CONFIRMED,Exoplanet Candidate
6956014,K00031.01,FALSE POSITIVE,False Positive
9757613,K00250.02,CONFIRMED,Exoplanet Candidate
5307858,K02558.01,FALSE POSITIVE,False Positive
6605493,K02559.01,CONFIRMED,Exoplanet Candidate
4670217,K02560.01,CANDIDATE,Exoplanet Candidate
7259298,K02561.01,CONFIRMED,Exoplanet Candidate
9574179,K02637.01,CANDIDATE,Exoplanet Candidate
6211812,K02638.01,CONFIRMED,Exoplanet Candidate
11391755,K02639.01,CANDIDATE,Exoplanet Candidate
11391755,K02639.02,CANDIDATE,Exoplanet Candidate
9088780,K02640.01,CANDIDATE,False Positive
8894646,K02641.01,CANDIDATE,Exoplanet Candidate
3234598,K02413.02,CONFIRMED,Exoplanet Candidate
8611832,K02414.01,CONFIRMED,Exoplanet Candidate
8611832,K02414.02,CONFIRMED,Exoplanet Candidate
5621586,K02415.01,CONFIRMED,Exoplanet Candidate
9210387,K02416.01,CONFIRMED,Exoplanet Candidate
11852982,K00247.01,CONFIRMED,Exoplanet Candidate
8559152,K02488.01,CONFIRMED,Exoplanet Candidate
2718778,K02489.01,CONFIRMED,Exoplanet Candidate
3122913,K02490.01,CONFIRMED,Exoplanet Candidate
9229657,K02491.01,CONFIRMED,Exoplanet Candidate
10415227,K02562.01,FALSE POSITIVE,False Positive
5175024,K02563.01,CONFIRMED,Exoplanet Candidate
9026749,K02564.01,CONFIRMED,Exoplanet Candidate
12216278,K02565.01,FALSE POSITIVE,False Positive
9159242,K02566.01,FALSE POSITIVE,False Positive
12061096,K02642.01,FALSE POSITIVE,False Positive
5794240,K00254.01,CONFIRMED,Exoplanet Candidate
6933567,K02643.01,CONFIRMED,Exoplanet Candidate
9993529,K02644.01,FALSE POSITIVE,False Positive
11303815,K02645.01,FALSE POSITIVE,Exoplanet Candidate
6044553,K02646.01,FALSE POSITIVE,False Positive
9654468,K02417.01,CONFIRMED,Exoplanet Candidate
4349452,K00244.02,CONFIRMED,Exoplanet Candidate
10027247,K02418.01,CONFIRMED,Exoplanet Candidate
6343170,K02419.01,CONFIRMED,Exoplanet Candidate
7107802,K02420.01,CONFIRMED,Exoplanet Candidate
11752632,K02492.01,CONFIRMED,Exoplanet Candidate
10028535,K02493.01,CONFIRMED,Exoplanet Candidate
7047207,K02494.01,CONFIRMED,Exoplanet Candidate
5212220,K02495.01,FALSE POSITIVE,False Positive
9964748,K02496.01,FALSE POSITIVE,False Positive
9842937,K02567.01,FALSE POSITIVE,False Positive
9757613,K00250.03,CONFIRMED,Exoplanet Candidate
8247770,K02569.01,CANDIDATE,Exoplanet Candidate
6867588,K02571.01,CANDIDATE,Exoplanet Candidate
7501646,K02572.01,CANDIDATE,Exoplanet Candidate
11962284,K02647.01,CONFIRMED,Exoplanet Candidate
2573056,K02648.01,FALSE POSITIVE,False Positive
6842682,K02649.01,CONFIRMED,Exoplanet Candidate
8890150,K02650.01,CONFIRMED,Exoplanet Candidate
8890150,K02650.02,CONFIRMED,Exoplanet Candidate
8838950,K02421.01,CANDIDATE,Exoplanet Candidate
11360805,K02422.01,CONFIRMED,Exoplanet Candidate
9845898,K02423.01,CONFIRMED,Exoplanet Candidate
12453581,K02424.01,CONFIRMED,Exoplanet Candidate
11922678,K02425.01,FALSE POSITIVE,False Positive
11179076,K02497.01,CONFIRMED,Exoplanet Candidate
5364071,K00248.01,CONFIRMED,Exoplanet Candidate
5959719,K02498.01,CONFIRMED,Exoplanet Candidate
5544903,K02499.01,FALSE POSITIVE,False Positive
5542983,K02501.01,FALSE POSITIVE,False Positive
8256453,K02573.01,FALSE POSITIVE,False Positive
9474493,K02574.01,FALSE POSITIVE,False Positive
4551663,K02576.01,FALSE POSITIVE,Exoplanet Candidate
12257999,K02577.01,CANDIDATE,False Positive
6922203,K02578.01,CANDIDATE,Exoplanet Candidate
11752908,K02651.01,FALSE POSITIVE,False Positive
7021681,K00255.01,CONFIRMED,Exoplanet Candidate
4346178,K02652.01,CONFIRMED,Exoplanet Candidate
9664142,K02654.01,CONFIRMED,Exoplanet Candidate
10018233,K02655.01,CONFIRMED,Exoplanet Candidate
8081899,K02426.01,CONFIRMED,Exoplanet Candidate
10189557,K02427.01,FALSE POSITIVE,False Positive
8478994,K00245.01,CONFIRMED,Exoplanet Candidate
9965184,K02428.01,FALSE POSITIVE,Exoplanet Candidate
9911882,K02429.01,FALSE POSITIVE,False Positive
8631504,K02503.01,CONFIRMED,Exoplanet Candidate
8110767,K02504.01,CONFIRMED,Exoplanet Candidate
5471574,K02505.01,FALSE POSITIVE,False Positive
6767840,K02506.01,CONFIRMED,Exoplanet Candidate
8379705,K02507.01,CONFIRMED,Exoplanet Candidate
9896018,K02579.01,CONFIRMED,Exoplanet Candidate
11037511,K02580.01,CONFIRMED,Exoplanet Candidate
9757613,K00250.04,CONFIRMED,Exoplanet Candidate
11818872,K02581.01,CONFIRMED,Exoplanet Candidate
11771430,K02582.01,CONFIRMED,Exoplanet Candidate
5513012,K02668.01,CONFIRMED,Exoplanet Candidate
11761199,K02669.01,FALSE POSITIVE,False Positive
8074805,K02670.01,FALSE POSITIVE,False Positive
2437505,K02671.01,CANDIDATE,False Positive
2437505,K02671.02,FALSE POSITIVE,False Positive
11253827,K02672.01,CONFIRMED,Exoplanet Candidate
3533469,K02430.01,FALSE POSITIVE,False Positive
8956706,K02431.01,FALSE POSITIVE,False Positive
7047363,K02432.01,CONFIRMED,Exoplanet Candidate
11968463,K02433.01,CONFIRMED,Exoplanet Candidate
11968463,K02433.02,CONFIRMED,Exoplanet Candidate
8836888,K02508.01,CANDIDATE,Exoplanet Candidate
9880190,K02509.01,CONFIRMED,Exoplanet Candidate
5364071,K00248.02,CONFIRMED,Exoplanet Candidate
5392702,K02510.01,FALSE POSITIVE,False Positive
8429566,K02511.01,FALSE POSITIVE,False Positive
10387742,K02583.01,CONFIRMED,Exoplanet Candidate
7673841,K02585.01,CONFIRMED,Exoplanet Candidate
9827149,K02586.01,CONFIRMED,Exoplanet Candidate
5546691,K02587.01,CONFIRMED,Exoplanet Candidate
12156347,K02588.01,CONFIRMED,Exoplanet Candidate
8636539,K02656.01,CANDIDATE,Exoplanet Candidate
9283156,K02657.01,CANDIDATE,Exoplanet Candidate
8547429,K02658.01,CONFIRMED,Exoplanet Candidate
8803882,K02659.01,FALSE POSITIVE,Exoplanet Candidate
9893318,K02660.01,CONFIRMED,Exoplanet Candidate
6864885,K02434.01,FALSE POSITIVE,False Positive
5097868,K02435.01,FALSE POSITIVE,False Positive
8570333,K02436.01,CONFIRMED,Exoplanet Candidate
8478994,K00245.02,CONFIRMED,Exoplanet Candidate
5036705,K02437.01,CONFIRMED,Exoplanet Candidate
9574158,K02512.01,CANDIDATE,Exoplanet Candidate
9653622,K02513.01,CONFIRMED,Exoplanet Candidate
4391348,K02514.01,FALSE POSITIVE,False Positive
7294743,K02516.01,CANDIDATE,Exoplanet Candidate
8947520,K02517.01,CONFIRMED,Exoplanet Candidate
10468885,K02589.01,CONFIRMED,Exoplanet Candidate
12016267,K02590.01,FALSE POSITIVE,Exoplanet Candidate
6765135,K02592.01,CANDIDATE,Exoplanet Candidate
3861595,K00004.01,CONFIRMED,Exoplanet Candidate
5725087,K00033.01,FALSE POSITIVE,False Positive
10489206,K00251.01,CONFIRMED,Exoplanet Candidate
3426367,K02662.01,CONFIRMED,Exoplanet Candidate
5562090,K02664.01,CONFIRMED,Exoplanet Candidate
11548140,K00256.01,FALSE POSITIVE,False Positive
12110786,K02665.01,FALSE POSITIVE,False Positive
5342061,K02666.01,CANDIDATE,Exoplanet Candidate
3654095,K02667.01,FALSE POSITIVE,False Positive
5078939,K02438.01,FALSE POSITIVE,False Positive
6867555,K02439.01,CONFIRMED,Exoplanet Candidate
5339567,K02440.01,CONFIRMED,Exoplanet Candidate
4459924,K02441.01,FALSE POSITIVE,False Positive
11080405,K02442.01,CONFIRMED,Exoplanet Candidate
5529738,K02518.01,FALSE POSITIVE,False Positive
4047631,K02519.01,CANDIDATE,Exoplanet Candidate
10059645,K02520.01,CONFIRMED,Exoplanet Candidate
5364071,K00248.03,CONFIRMED,Exoplanet Candidate
7183745,K02521.01,CONFIRMED,Exoplanet Candidate
8212002,K02593.01,CONFIRMED,Exoplanet Candidate
8004903,K02594.01,CONFIRMED,Exoplanet Candidate
8883329,K02595.01,CONFIRMED,Exoplanet Candidate
8883329,K02595.02,CONFIRMED,Exoplanet Candidate
3644653,K02596.01,FALSE POSITIVE,False Positive
11253827,K02672.02,CONFIRMED,Exoplanet Candidate
5514383,K00257.01,CONFIRMED,Exoplanet Candidate
10747445,K02673.01,FALSE POSITIVE,False Positive
8022489,K02674.01,CONFIRMED,Exoplanet Candidate
8022489,K02674.02,CONFIRMED,Exoplanet Candidate
8022489,K02674.03,CONFIRMED,Exoplanet Candidate
9209624,K02443.01,CONFIRMED,Exoplanet Candidate
9209624,K02443.02,CONFIRMED,Exoplanet Candidate
3354846,K02444.01,CONFIRMED,Exoplanet Candidate
6516185,K02445.01,CANDIDATE,Exoplanet Candidate
8478994,K00245.03,CONFIRMED,Exoplanet Candidate
3946023,K02447.01,FALSE POSITIVE,False Positive
7183745,K02521.02,CONFIRMED,Exoplanet Candidate
9177629,K02522.01,CONFIRMED,Exoplanet Candidate
7778767,K02523.01,CONFIRMED,Exoplanet Candidate
7515762,K02524.01,CONFIRMED,Exoplanet Candidate
5942949,K02525.01,CONFIRMED,Exoplanet Candidate
12120307,K02597.01,CONFIRMED,Exoplanet Candidate
12120307,K02597.02,CONFIRMED,Exoplanet Candidate
12120307,K02597.03,CONFIRMED,Exoplanet Candidate
7446631,K02598.01,CANDIDATE,Exoplanet Candidate
9777251,K02600.01,FALSE POSITIVE,False Positive
6864893,K02375.01,FALSE POSITIVE,False Positive
11701407,K02376.01,CONFIRMED,Exoplanet Candidate
5906426,K02377.01,CANDIDATE,Exoplanet Candidate
11288051,K00241.03,CONFIRMED,Exoplanet Candidate
10813132,K02378.01,CONFIRMED,Exoplanet Candidate
5857540,K02448.01,CONFIRMED,Exoplanet Candidate
12208631,K02449.01,CANDIDATE,Exoplanet Candidate
7289317,K02450.01,CONFIRMED,Exoplanet Candidate
6500206,K02451.01,FALSE POSITIVE,False Positive
5545815,K02452.01,FALSE POSITIVE,False Positive
3116302,K02526.01,FALSE POSITIVE,False Positive
7879433,K02527.01,CONFIRMED,Exoplanet Candidate
9205907,K02528.01,CONFIRMED,Exoplanet Candidate
8463346,K02529.01,CONFIRMED,Exoplanet Candidate
5364071,K00248.04,CONFIRMED,Exoplanet Candidate
10489206,K00251.02,CONFIRMED,Exoplanet Candidate
7531677,K02601.01,FALSE POSITIVE,False Positive
10068659,K02602.01,CONFIRMED,Exoplanet Candidate
2443393,K02603.01,CANDIDATE,Exoplanet Candidate
9019191,K02604.01,CANDIDATE,Exoplanet Candidate
9718379,K02379.01,FALSE POSITIVE,False Positive
3002478,K02380.01,CANDIDATE,Exoplanet Candidate
4055774,K02381.01,FALSE POSITIVE,False Positive
6670075,K02382.01,FALSE POSITIVE,False Positive
9395024,K02383.01,CONFIRMED,Exoplanet Candidate
8631751,K02453.01,CANDIDATE,Exoplanet Candidate
11401822,K02454.01,FALSE POSITIVE,False Positive
6507427,K02455.01,FALSE POSITIVE,Exoplanet Candidate
5521300,K02456.01,FALSE POSITIVE,False Positive
8478994,K00245.04,CONFIRMED,Exoplanet Candidate
9753154,K02457.01,CONFIRMED,Exoplanet Candidate
9011825,K02530.01,CONFIRMED,Exoplanet Candidate
4172746,K02531.01,CANDIDATE,Exoplanet Candidate
5174858,K02532.01,CONFIRMED,Exoplanet Candidate
11074835,K02533.01,CONFIRMED,Exoplanet Candidate
1996180,K02534.01,CONFIRMED,Exoplanet Candidate
10407221,K02605.01,FALSE POSITIVE,False Positive
5991936,K02606.01,FALSE POSITIVE,False Positive
5095635,K02607.01,CANDIDATE,Exoplanet Candidate
6269070,K02608.01,CONFIRMED,Exoplanet Candidate
6705137,K02609.01,FALSE POSITIVE,False Positive
12254688,K02384.01,CANDIDATE,Exoplanet Candidate
8345172,K02385.01,FALSE POSITIVE,False Positive
4172013,K02386.01,CANDIDATE,Exoplanet Candidate
12254378,K02387.01,CONFIRMED,Exoplanet Candidate
4247791,K00028.01,FALSE POSITIVE,False Positive
7604328,K02458.01,CONFIRMED,Exoplanet Candidate
11236244,K02460.01,CONFIRMED,Exoplanet Candidate
9837685,K02461.01,CONFIRMED,Exoplanet Candidate
5042210,K02462.01,CONFIRMED,Exoplanet Candidate
12454461,K02463.01,CONFIRMED,Exoplanet Candidate
1996180,K02534.02,CANDIDATE,Exoplanet Candidate
9635606,K02535.01,CONFIRMED,Exoplanet Candidate
3728701,K02536.01,CONFIRMED,Exoplanet Candidate
10861715,K02537.01,FALSE POSITIVE,False Positive
1849702,K02538.01,CONFIRMED,Exoplanet Candidate
9390653,K00249.01,CONFIRMED,Exoplanet Candidate
2305866,K02610.01,CANDIDATE,Exoplanet Candidate
11187837,K00252.01,CONFIRMED,Exoplanet Candidate
8885673,K02611.01,FALSE POSITIVE,False Positive
9712350,K02613.01,CANDIDATE,Exoplanet Candidate
8025596,K02615.01,CONFIRMED,Exoplanet Candidate
5956787,K02616.01,FALSE POSITIVE,False Positive
3642741,K00242.01,FALSE POSITIVE,False Positive
12071037,K02388.01,FALSE POSITIVE,False Positive
8494617,K02389.01,CONFIRMED,Exoplanet Candidate
10289119,K02390.01,CONFIRMED,Exoplanet Candidate
7382313,K02392.01,CONFIRMED,Exoplanet Candidate
9887224,K02464.01,FALSE POSITIVE,False Positive
7542369,K02465.01,FALSE POSITIVE,False Positive
8544992,K02466.01,CONFIRMED,Exoplanet Candidate
8544992,K02466.02,CONFIRMED,Exoplanet Candidate
11295426,K00246.01,CONFIRMED,Exoplanet Candidate
7289162,K02539.01,FALSE POSITIVE,False Positive
3001885,K02540.01,FALSE POSITIVE,False Positive
12306058,K02541.01,CONFIRMED,Exoplanet Candidate
6183511,K02542.01,CONFIRMED,Exoplanet Candidate
12469800,K02543.01,CONFIRMED,Exoplanet Candidate
4915638,K02617.01,CONFIRMED,Exoplanet Candidate
6351097,K02618.01,FALSE POSITIVE,False Positive
8081905,K02619.01,CONFIRMED,Exoplanet Candidate
11465950,K02620.01,CONFIRMED,Exoplanet Candidate
9996632,K02621.01,FALSE POSITIVE,False Positive
4665571,K02393.01,CONFIRMED,Exoplanet Candidate
4829935,K02395.01,FALSE POSITIVE,False Positive
9269042,K02397.01,CONFIRMED,Exoplanet Candidate
6199056,K02398.01,FALSE POSITIVE,False Positive
11461433,K02399.01,CONFIRMED,Exoplanet Candidate
11818607,K02467.01,CONFIRMED,Exoplanet Candidate
8380709,K02468.01,CONFIRMED,Exoplanet Candidate
6149910,K02469.01,CONFIRMED,Exoplanet Candidate
9108085,K02470.01,FALSE POSITIVE,False Positive
5436013,K02471.01,CONFIRMED,Exoplanet Candidate
8676148,K02544.01,CONFIRMED,Exoplanet Candidate
9696358,K02545.01,CONFIRMED,Exoplanet Candidate
5039129,K02546.01,FALSE POSITIVE,False Positive
4484336,K02547.01,CONFIRMED,Exoplanet Candidate
9580167,K02548.01,CANDIDATE,False Positive
9757613,K00250.01,CONFIRMED,Exoplanet Candidate
10527135,K02622.01,FALSE POSITIVE,False Positive
11752906,K00253.01,CONFIRMED,Exoplanet Candidate
10916600,K02623.01,CONFIRMED,Exoplanet Candidate
8429314,K02624.01,CONFIRMED,Exoplanet Candidate
9153570,K02625.01,CONFIRMED,Exoplanet Candidate
11768142,K02626.01,CONFIRMED,Exoplanet Candidate
7984574,K02400.01,CANDIDATE,Exoplanet Candidate
9592579,K00243.01,FALSE POSITIVE,False Positive
10336951,K02401.01,CANDIDATE,Exoplanet Candidate
8481129,K02402.01,CONFIRMED,Exoplanet Candidate
2142522,K02403.01,CONFIRMED,Exoplanet Candidate
9395719,K02472.01,CONFIRMED,Exoplanet Candidate
8753896,K02473.01,CONFIRMED,Exoplanet Candidate
8240617,K02474.01,CANDIDATE,Exoplanet Candidate
8746295,K02475.01,FALSE POSITIVE,False Positive
10090257,K02476.01,FALSE POSITIVE,False Positive
11295426,K00246.02,CONFIRMED,Exoplanet Candidate
10679583,K02549.01,FALSE POSITIVE,Exoplanet Candidate
11622985,K02550.01,CANDIDATE,Exoplanet Candidate
11361283,K02551.01,CANDIDATE,Exoplanet Candidate
8757824,K02552.01,CONFIRMED,Exoplanet Candidate
9832208,K02553.01,CONFIRMED,Exoplanet Candidate
6124512,K02627.01,CONFIRMED,Exoplanet Candidate
10070468,K02628.01,CONFIRMED,Exoplanet Candidate
10031656,K02629.01,FALSE POSITIVE,False Positive
7584650,K02631.01,CONFIRMED,Exoplanet Candidate
11337566,K02632.01,CONFIRMED,Exoplanet Candidate
6364215,K02404.01,CANDIDATE,Exoplanet Candidate
10202759,K02405.01,FALSE POSITIVE,False Positive
5007345,K02406.01,CONFIRMED,Exoplanet Candidate
12120484,K02407.01,CONFIRMED,Exoplanet Candidate
6429812,K02408.01,CONFIRMED,Exoplanet Candidate
6846911,K02477.01,CONFIRMED,Exoplanet Candidate
5385439,K02478.01,FALSE POSITIVE,False Positive
5963582,K02479.01,CONFIRMED,Exoplanet Candidate
4476423,K02481.01,FALSE POSITIVE,False Positive
11403389,K02482.01,CONFIRMED,Exoplanet Candidate
9851662,K02483.01,CONFIRMED,Exoplanet Candidate
6467363,K02840.01,CANDIDATE,Exoplanet Candidate
6467363,K02840.02,CANDIDATE,Exoplanet Candidate
8758204,K02841.01,CONFIRMED,Exoplanet Candidate
8733898,K02842.01,CONFIRMED,Exoplanet Candidate
8733898,K02842.02,CONFIRMED,Exoplanet Candidate
3228945,K02917.01,FALSE POSITIVE,False Positive
7008149,K02918.01,FALSE POSITIVE,False Positive
10332213,K02919.01,CONFIRMED,Exoplanet Candidate
7090524,K02920.01,CONFIRMED,Exoplanet Candidate
11133306,K00276.01,CONFIRMED,Exoplanet Candidate
6307063,K02702.01,FALSE POSITIVE,False Positive
5871985,K02703.01,CONFIRMED,Exoplanet Candidate
8292840,K00260.02,CONFIRMED,Exoplanet Candidate
9730163,K02704.01,CONFIRMED,Exoplanet Candidate
9730163,K02704.02,CONFIRMED,Exoplanet Candidate
11453592,K02705.01,CONFIRMED,Exoplanet Candidate
3834322,K02763.01,FALSE POSITIVE,False Positive
10073672,K02764.01,CANDIDATE,Exoplanet Candidate
11188249,K02765.01,FALSE POSITIVE,False Positive
4677282,K02766.01,FALSE POSITIVE,False Positive
5097470,K02767.01,FALSE POSITIVE,False Positive
4858610,K02844.01,FALSE POSITIVE,False Positive
10591855,K02845.01,CONFIRMED,Exoplanet Candidate
4832175,K02846.01,FALSE POSITIVE,False Positive
7749773,K02848.01,CONFIRMED,Exoplanet Candidate
9451706,K00271.03,CONFIRMED,Exoplanet Candidate
10064256,K02849.01,CONFIRMED,Exoplanet Candidate
6842807,K02921.01,CANDIDATE,Exoplanet Candidate
4381282,K02922.01,FALSE POSITIVE,False Positive
9815053,K02923.01,CANDIDATE,Exoplanet Candidate
7609553,K02924.01,CONFIRMED,Exoplanet Candidate
10122538,K02926.01,CONFIRMED,Exoplanet Candidate
10122538,K02926.02,CONFIRMED,Exoplanet Candidate
9697131,K02706.01,CANDIDATE,False Positive
5480640,K02707.01,CONFIRMED,Exoplanet Candidate
5480640,K02707.02,CONFIRMED,Exoplanet Candidate
5480640,K02707.03,CONFIRMED,Exoplanet Candidate
5175986,K02708.01,CONFIRMED,Exoplanet Candidate
9008737,K02768.01,CONFIRMED,Exoplanet Candidate
9008737,K02768.02,CONFIRMED,Exoplanet Candidate
9692128,K02769.01,FALSE POSITIVE,False Positive
10917043,K02770.01,CANDIDATE,Exoplanet Candidate
6521045,K00041.02,CONFIRMED,Exoplanet Candidate
8167959,K00267.01,FALSE POSITIVE,False Positive
4075015,K02850.01,FALSE POSITIVE,False Positive
6697605,K02851.01,CONFIRMED,Exoplanet Candidate
6697605,K02851.02,CANDIDATE,Exoplanet Candidate
6294819,K02852.01,CONFIRMED,Exoplanet Candidate
12602314,K02853.01,CANDIDATE,Exoplanet Candidate
5787131,K02927.01,CANDIDATE,Exoplanet Candidate
3230753,K02928.01,FALSE POSITIVE,False Positive
8358012,K02929.01,FALSE POSITIVE,False Positive
4664046,K02930.01,FALSE POSITIVE,False Positive
11401755,K00277.01,CONFIRMED,Exoplanet Candidate
4180401,K02709.01,FALSE POSITIVE,False Positive
6350476,K02710.01,FALSE POSITIVE,False Positive
8292840,K00260.03,CONFIRMED,Exoplanet Candidate
5272233,K02711.01,CONFIRMED,Exoplanet Candidate
5272233,K02711.02,CONFIRMED,Exoplanet Candidate
11456382,K02771.01,FALSE POSITIVE,False Positive
3130548,K02773.01,FALSE POSITIVE,False Positive
9593757,K02774.01,FALSE POSITIVE,False Positive
6346809,K02775.01,CANDIDATE,Exoplanet Candidate
4275117,K02776.01,FALSE POSITIVE,False Positive
6545051,K02777.01,FALSE POSITIVE,False Positive
5513866,K02854.01,FALSE POSITIVE,False Positive
4547603,K02855.01,CANDIDATE,Exoplanet Candidate
5688910,K02856.01,CONFIRMED,Exoplanet Candidate
6345732,K02857.01,CONFIRMED,Exoplanet Candidate
5716763,K00272.01,CANDIDATE,False Positive
6345732,K02857.02,CONFIRMED,Exoplanet Candidate
8611257,K02931.01,CONFIRMED,Exoplanet Candidate
3861611,K02932.01,FALSE POSITIVE,False Positive
12416987,K02933.01,CANDIDATE,Exoplanet Candidate
8259713,K02935.01,CANDIDATE,Exoplanet Candidate
10880507,K02936.01,CONFIRMED,Exoplanet Candidate
11098013,K02712.01,CANDIDATE,Exoplanet Candidate
5443604,K02713.01,FALSE POSITIVE,False Positive
12206313,K02714.01,CONFIRMED,Exoplanet Candidate
12206313,K02714.02,CONFIRMED,Exoplanet Candidate
9837661,K02715.01,CONFIRMED,Exoplanet Candidate
7769819,K02778.01,CONFIRMED,Exoplanet Candidate
11874577,K02779.01,CONFIRMED,Exoplanet Candidate
12164564,K02780.01,CONFIRMED,Exoplanet Candidate
8190354,K02781.01,FALSE POSITIVE,False Positive
3425851,K00268.01,CANDIDATE,Exoplanet Candidate
10397751,K02859.01,CONFIRMED,Exoplanet Candidate
10397751,K02859.02,CONFIRMED,Exoplanet Candidate
10397751,K02859.03,CANDIDATE,Exoplanet Candidate
7815931,K02861.01,FALSE POSITIVE,False Positive
6679295,K02862.01,CANDIDATE,Exoplanet Candidate
9642292,K02946.01,CONFIRMED,Exoplanet Candidate
6356692,K02948.01,CONFIRMED,Exoplanet Candidate
6026737,K02949.01,CANDIDATE,Exoplanet Candidate
4991208,K02951.01,CONFIRMED,Exoplanet Candidate
8243283,K02952.01,FALSE POSITIVE,False Positive
9837661,K02715.02,CONFIRMED,Exoplanet Candidate
9837661,K02715.03,CONFIRMED,Exoplanet Candidate
9092504,K02716.01,CONFIRMED,Exoplanet Candidate
5383248,K00261.01,CONFIRMED,Exoplanet Candidate
9092504,K02716.02,CONFIRMED,Exoplanet Candidate
10001368,K02785.01,CONFIRMED,Exoplanet Candidate
9466429,K02786.01,CONFIRMED,Exoplanet Candidate
4365442,K02787.01,FALSE POSITIVE,False Positive
8885643,K02789.01,CONFIRMED,Exoplanet Candidate
5652893,K02790.01,CONFIRMED,Exoplanet Candidate
3241557,K02863.01,FALSE POSITIVE,False Positive
3957082,K02864.01,FALSE POSITIVE,False Positive
8681833,K02865.01,CONFIRMED,Exoplanet Candidate
4138951,K02866.01,CONFIRMED,False Positive
3102384,K00273.01,CONFIRMED,Exoplanet Candidate
10471515,K02961.01,CONFIRMED,Exoplanet Candidate
4935172,K02962.01,CANDIDATE,False Positive
8760040,K02963.01,CONFIRMED,Exoplanet Candidate
8760040,K02963.02,CANDIDATE,Exoplanet Candidate
10098844,K02964.01,CONFIRMED,Exoplanet Candidate
9467404,K02717.01,CONFIRMED,False Positive
5308666,K02718.01,FALSE POSITIVE,False Positive
5184911,K02719.01,CONFIRMED,Exoplanet Candidate
8176564,K02720.01,CANDIDATE,Exoplanet Candidate
6587105,K02721.01,CONFIRMED,Exoplanet Candidate
11662184,K02791.01,CONFIRMED,Exoplanet Candidate
11127479,K02792.01,CONFIRMED,Exoplanet Candidate
5428668,K02794.01,FALSE POSITIVE,False Positive
5041569,K02795.01,FALSE POSITIVE,False Positive
10604521,K02797.01,CANDIDATE,Exoplanet Candidate
9899181,K02867.01,FALSE POSITIVE,False Positive
9899181,K02867.02,FALSE POSITIVE,False Positive
8884274,K02868.01,CONFIRMED,Exoplanet Candidate
7767162,K02869.01,CONFIRMED,Exoplanet Candidate
4861791,K02870.01,FALSE POSITIVE,False Positive
4385148,K02942.01,CANDIDATE,Exoplanet Candidate
4385148,K02942.02,CONFIRMED,Exoplanet Candidate
9838468,K02943.01,CONFIRMED,Exoplanet Candidate
6781548,K02944.01,FALSE POSITIVE,False Positive
8617363,K02945.01,CONFIRMED,Exoplanet Candidate
11401755,K00277.02,CONFIRMED,Exoplanet Candidate
7673192,K02722.01,CONFIRMED,Exoplanet Candidate
7673192,K02722.02,CONFIRMED,Exoplanet Candidate
7673192,K02722.03,CONFIRMED,Exoplanet Candidate
7673192,K02722.04,CONFIRMED,Exoplanet Candidate
11807274,K00262.01,CONFIRMED,Exoplanet Candidate
7670943,K00269.01,CONFIRMED,Exoplanet Candidate
6697756,K02798.01,CONFIRMED,Exoplanet Candidate
5649833,K02799.01,FALSE POSITIVE,False Positive
10518399,K02800.01,FALSE POSITIVE,False Positive
5905822,K02801.01,CONFIRMED,Exoplanet Candidate
10793172,K02871.01,CONFIRMED,Exoplanet Candidate
10793172,K02871.02,CONFIRMED,Exoplanet Candidate
7136729,K02872.01,FALSE POSITIVE,False Positive
6364276,K02873.01,FALSE POSITIVE,False Positive
4367854,K02876.01,CANDIDATE,Exoplanet Candidate
5108946,K02955.01,FALSE POSITIVE,False Positive
8801316,K02956.01,CONFIRMED,False Positive
10597693,K02958.01,CANDIDATE,Exoplanet Candidate
7466270,K02959.01,CANDIDATE,Exoplanet Candidate
10876237,K02960.01,FALSE POSITIVE,False Positive
12314973,K00279.01,CONFIRMED,Exoplanet Candidate
3346154,K02723.01,CONFIRMED,Exoplanet Candidate
5308387,K02724.01,FALSE POSITIVE,False Positive
6233573,K02725.01,FALSE POSITIVE,False Positive
10363281,K02726.01,FALSE POSITIVE,False Positive
4861527,K02727.01,FALSE POSITIVE,Exoplanet Candidate
5775129,K02802.01,CONFIRMED,Exoplanet Candidate
9898447,K02803.01,CONFIRMED,Exoplanet Candidate
5307568,K02804.01,FALSE POSITIVE,False Positive
11135308,K02805.01,CONFIRMED,Exoplanet Candidate
2985587,K02807.01,CANDIDATE,Exoplanet Candidate
6521045,K00041.03,CONFIRMED,Exoplanet Candidate
8077137,K00274.01,CONFIRMED,Exoplanet Candidate
7019524,K02877.01,CONFIRMED,Exoplanet Candidate
5106313,K02878.01,CONFIRMED,Exoplanet Candidate
9825174,K02880.01,CONFIRMED,Exoplanet Candidate
5642620,K02882.01,CANDIDATE,Exoplanet Candidate
8429415,K02965.01,FALSE POSITIVE,False Positive
5014903,K02966.01,FALSE POSITIVE,False Positive
5980783,K02967.01,CONFIRMED,Exoplanet Candidate
8873090,K02968.01,CANDIDATE,Exoplanet Candidate
8560804,K02969.01,FALSE POSITIVE,Exoplanet Candidate
12008872,K02729.01,CONFIRMED,Exoplanet Candidate
8415200,K02730.01,CONFIRMED,Exoplanet Candidate
4072333,K02731.01,FALSE POSITIVE,False Positive
9886361,K02732.01,CONFIRMED,Exoplanet Candidate
9886361,K02732.03,CONFIRMED,Exoplanet Candidate
3730335,K02808.01,FALSE POSITIVE,False Positive
6528464,K00270.01,CONFIRMED,Exoplanet Candidate
7428316,K02809.01,FALSE POSITIVE,Exoplanet Candidate
10275766,K02810.01,FALSE POSITIVE,False Positive
10275766,K02810.02,FALSE POSITIVE,False Positive
6370120,K02811.01,FALSE POSITIVE,False Positive
5642620,K02882.02,FALSE POSITIVE,False Positive
5209845,K02883.01,CONFIRMED,Exoplanet Candidate
9652649,K02884.01,FALSE POSITIVE,False Positive
11100670,K02885.01,FALSE POSITIVE,False Positive
6129524,K02886.01,CONFIRMED,Exoplanet Candidate
5794570,K02675.01,CONFIRMED,Exoplanet Candidate
5794570,K02675.02,CONFIRMED,Exoplanet Candidate
5649325,K02676.01,FALSE POSITIVE,False Positive
9958387,K02677.01,CANDIDATE,Exoplanet Candidate
6779260,K02678.01,CONFIRMED,Exoplanet Candidate
11807274,K00262.02,CONFIRMED,Exoplanet Candidate
5953297,K02733.01,CONFIRMED,Exoplanet Candidate
7659389,K02734.01,CONFIRMED,Exoplanet Candidate
9472074,K02735.01,CONFIRMED,Exoplanet Candidate
10842192,K02736.01,CONFIRMED,Exoplanet Candidate
2442448,K02812.01,CONFIRMED,Exoplanet Candidate
11197853,K02813.01,CANDIDATE,False Positive
9665922,K02815.01,FALSE POSITIVE,False Positive
11283615,K02816.01,CONFIRMED,Exoplanet Candidate
7605093,K02817.01,CONFIRMED,False Positive
3859363,K02887.01,FALSE POSITIVE,False Positive
8077137,K00274.02,CONFIRMED,Exoplanet Candidate
12023078,K02888.01,FALSE POSITIVE,False Positive
6364162,K02889.01,FALSE POSITIVE,False Positive
7463685,K02890.01,CONFIRMED,Exoplanet Candidate
6716021,K02679.01,CANDIDATE,Exoplanet Candidate
11231334,K00258.01,FALSE POSITIVE,False Positive
8326342,K02680.01,CANDIDATE,Exoplanet Candidate
6878240,K02681.01,CONFIRMED,Exoplanet Candidate
6878240,K02681.02,CONFIRMED,Exoplanet Candidate
2436378,K02682.01,FALSE POSITIVE,False Positive
6614629,K02737.01,FALSE POSITIVE,False Positive
6630943,K02738.01,FALSE POSITIVE,False Positive
4831728,K02739.01,CONFIRMED,Exoplanet Candidate
4831728,K02739.02,CANDIDATE,Exoplanet Candidate
3336765,K02740.01,FALSE POSITIVE,False Positive
4270565,K02819.01,FALSE POSITIVE,False Positive
6528464,K00270.02,CONFIRMED,Exoplanet Candidate
11963206,K02820.01,CONFIRMED,Exoplanet Candidate
4249611,K02821.01,CANDIDATE,Exoplanet Candidate
8263545,K02822.01,CONFIRMED,Exoplanet Candidate
10068024,K02891.01,FALSE POSITIVE,False Positive
9636563,K02892.01,FALSE POSITIVE,False Positive
6937402,K02894.01,CONFIRMED,Exoplanet Candidate
5475641,K02895.01,FALSE POSITIVE,False Positive
2853828,K02896.01,FALSE POSITIVE,False Positive
7899070,K02683.01,CANDIDATE,Exoplanet Candidate
4035667,K02684.01,FALSE POSITIVE,False Positive
9612825,K02685.01,FALSE POSITIVE,False Positive
7826659,K02686.01,CONFIRMED,Exoplanet Candidate
7202957,K02687.01,CONFIRMED,Exoplanet Candidate
5513893,K02741.01,FALSE POSITIVE,False Positive
10514430,K00263.01,FALSE POSITIVE,False Positive
8095441,K02743.01,CONFIRMED,Exoplanet Candidate
5881813,K02744.01,CONFIRMED,Exoplanet Candidate
12456601,K02745.01,CONFIRMED,Exoplanet Candidate
10341917,K02823.01,FALSE POSITIVE,False Positive
3241604,K02824.01,FALSE POSITIVE,False Positive
9591070,K02825.01,FALSE POSITIVE,False Positive
8227661,K02826.01,FALSE POSITIVE,False Positive
7428736,K02827.01,CONFIRMED,Exoplanet Candidate
5817986,K02897.01,FALSE POSITIVE,False Positive
11129258,K02898.01,CONFIRMED,Exoplanet Candidate
10586004,K00275.01,CONFIRMED,Exoplanet Candidate
4939533,K02899.01,CANDIDATE,Exoplanet Candidate
4846856,K02900.01,CANDIDATE,Exoplanet Candidate
7202957,K02687.02,CONFIRMED,Exoplanet Candidate
6521045,K00041.01,CONFIRMED,Exoplanet Candidate
5790807,K00259.01,FALSE POSITIVE,False Positive
8892303,K02688.01,CONFIRMED,Exoplanet Candidate
10265602,K02689.01,CANDIDATE,Exoplanet Candidate
5369827,K02690.01,CONFIRMED,Exoplanet Candidate
5302643,K02746.01,FALSE POSITIVE,False Positive
6586746,K02747.01,CONFIRMED,Exoplanet Candidate
9962455,K02748.01,CONFIRMED,Exoplanet Candidate
9962455,K02748.02,CONFIRMED,Exoplanet Candidate
8687088,K02749.01,FALSE POSITIVE,False Positive
6436029,K02828.01,CONFIRMED,Exoplanet Candidate
6197215,K02829.01,CONFIRMED,Exoplanet Candidate
9451706,K00271.01,CONFIRMED,Exoplanet Candidate
9244508,K02830.01,CONFIRMED,Exoplanet Candidate
9692557,K02831.01,FALSE POSITIVE,False Positive
9366886,K02901.01,FALSE POSITIVE,False Positive
3657176,K02903.01,FALSE POSITIVE,Exoplanet Candidate
3969687,K02904.01,CONFIRMED,Exoplanet Candidate
9369366,K02905.01,FALSE POSITIVE,False Positive
6716545,K02906.01,CONFIRMED,Exoplanet Candidate
4552729,K02691.01,CANDIDATE,Exoplanet Candidate
2989706,K02692.01,FALSE POSITIVE,False Positive
5185897,K02693.01,CONFIRMED,Exoplanet Candidate
5185897,K02693.02,CONFIRMED,Exoplanet Candidate
5185897,K02693.03,CONFIRMED,Exoplanet Candidate
3663173,K02750.01,CANDIDATE,Exoplanet Candidate
9881077,K02751.01,CONFIRMED,Exoplanet Candidate
3097346,K00264.01,FALSE POSITIVE,False Positive
5717567,K02752.01,FALSE POSITIVE,False Positive
6265792,K02753.01,CONFIRMED,Exoplanet Candidate
9995402,K02832.01,CONFIRMED,Exoplanet Candidate
9109857,K02833.01,CANDIDATE,Exoplanet Candidate
5609593,K02834.01,CONFIRMED,Exoplanet Candidate
5436338,K02835.01,CONFIRMED,Exoplanet Candidate
11414465,K02836.01,CONFIRMED,Exoplanet Candidate
6716545,K02906.02,CANDIDATE,Exoplanet Candidate
2708885,K02907.01,FALSE POSITIVE,False Positive
6612284,K02908.01,FALSE POSITIVE,False Positive
10586004,K00275.02,CONFIRMED,Exoplanet Candidate
4483138,K02910.01,CONFIRMED,Exoplanet Candidate
9475552,K02694.01,CONFIRMED,Exoplanet Candidate
9475552,K02694.02,CONFIRMED,Exoplanet Candidate
8292840,K00260.01,CONFIRMED,Exoplanet Candidate
5196864,K02695.01,CANDIDATE,Exoplanet Candidate
11071200,K02696.01,CANDIDATE,Exoplanet Candidate
11071200,K02696.02,CANDIDATE,Exoplanet Candidate
10905911,K02754.01,CONFIRMED,Exoplanet Candidate
3545135,K02755.01,CONFIRMED,Exoplanet Candidate
6964929,K02756.01,CONFIRMED,Exoplanet Candidate
6432345,K02757.01,CONFIRMED,Exoplanet Candidate
8703129,K02758.01,CANDIDATE,Exoplanet Candidate
11565924,K02837.01,CONFIRMED,Exoplanet Candidate
6607357,K02838.01,CONFIRMED,Exoplanet Candidate
6607357,K02838.02,CONFIRMED,Exoplanet Candidate
9451706,K00271.02,CONFIRMED,Exoplanet Candidate
6186964,K02839.01,CONFIRMED,Exoplanet Candidate
5471202,K02911.01,FALSE POSITIVE,False Positive
9640439,K02912.01,FALSE POSITIVE,False Positive
9693006,K02913.01,CONFIRMED,Exoplanet Candidate
6837283,K02914.01,CANDIDATE,Exoplanet Candidate
5613821,K02915.01,CANDIDATE,Exoplanet Candidate
6627507,K02697.01,FALSE POSITIVE,False Positive
5128673,K02698.01,CONFIRMED,Exoplanet Candidate
6690836,K02699.01,CONFIRMED,False Positive
8639908,K02700.01,CANDIDATE,Exoplanet Candidate
5481148,K02701.01,FALSE POSITIVE,False Positive
11076400,K02759.01,CANDIDATE,Exoplanet Candidate
7877978,K02760.01,CONFIRMED,Exoplanet Candidate
7903086,K02761.01,FALSE POSITIVE,False Positive
12024120,K00265.01,CONFIRMED,Exoplanet Candidate
8210018,K02762.01,CONFIRMED,Exoplanet Candidate
3642289,K00301.01,CONFIRMED,Exoplanet Candidate
3642289,K00301.02,CONFIRMED,Exoplanet Candidate
3662838,K00302.01,CONFIRMED,Exoplanet Candidate
5966322,K00303.01,CONFIRMED,Exoplanet Candidate
6029239,K00304.01,CONFIRMED,Exoplanet Candidate
12106929,K00359.01,FALSE POSITIVE,False Positive
12107021,K00360.01,FALSE POSITIVE,False Positive
8248939,K00061.01,FALSE POSITIVE,False Positive
12404954,K00361.01,CONFIRMED,Exoplanet Candidate
1571511,K00362.01,FALSE POSITIVE,False Positive
2438070,K00363.01,FALSE POSITIVE,False Positive
3747262,K03005.01,FALSE POSITIVE,False Positive
10190075,K03007.01,CANDIDATE,Exoplanet Candidate
9070666,K03008.01,CONFIRMED,Exoplanet Candidate
3642335,K03010.01,CONFIRMED,Exoplanet Candidate
3328052,K03011.01,FALSE POSITIVE,False Positive
10749059,K03086.01,CANDIDATE,Exoplanet Candidate
9119568,K03087.01,FALSE POSITIVE,False Positive
9119568,K03087.02,FALSE POSITIVE,False Positive
9020114,K03088.01,CONFIRMED,Exoplanet Candidate
6196457,K00285.01,CONFIRMED,Exoplanet Candidate
7668416,K03089.01,CANDIDATE,Exoplanet Candidate
6029239,K00304.02,CANDIDATE,Exoplanet Candidate
6063220,K00305.01,CONFIRMED,Exoplanet Candidate
6071903,K00306.01,CONFIRMED,Exoplanet Candidate
6289257,K00307.01,CONFIRMED,Exoplanet Candidate
10905239,K00046.01,CONFIRMED,Exoplanet Candidate
11623629,K00365.01,CONFIRMED,Exoplanet Candidate
3545478,K00366.01,CANDIDATE,Exoplanet Candidate
4815520,K00367.01,CONFIRMED,Exoplanet Candidate
6603043,K00368.01,FALSE POSITIVE,False Positive
7175184,K00369.01,CONFIRMED,Exoplanet Candidate
7109851,K03012.01,FALSE POSITIVE,False Positive
11565544,K03013.01,CANDIDATE,Exoplanet Candidate
7347246,K03014.01,CONFIRMED,Exoplanet Candidate
11403530,K03015.01,CONFIRMED,Exoplanet Candidate
5088536,K00282.02,CONFIRMED,Exoplanet Candidate
12072872,K03017.01,CANDIDATE,Exoplanet Candidate
6609270,K03090.01,CONFIRMED,Exoplanet Candidate
12406807,K03091.01,CONFIRMED,Exoplanet Candidate
8046689,K03092.01,FALSE POSITIVE,False Positive
5096590,K03093.01,CONFIRMED,Exoplanet Candidate
9650989,K03095.01,CONFIRMED,Exoplanet Candidate
6289257,K00307.02,CONFIRMED,Exoplanet Candidate
6291837,K00308.01,CONFIRMED,Exoplanet Candidate
7024222,K00309.01,FALSE POSITIVE,False Positive
7024511,K00311.01,FALSE POSITIVE,False Positive
7050989,K00312.01,CONFIRMED,Exoplanet Candidate
7175184,K00369.02,CONFIRMED,Exoplanet Candidate
8494142,K00370.01,CONFIRMED,Exoplanet Candidate
11554435,K00063.01,CONFIRMED,Exoplanet Candidate
8494142,K00370.02,CONFIRMED,Exoplanet Candidate
5652983,K00371.01,FALSE POSITIVE,False Positive
6471021,K00372.01,CONFIRMED,Exoplanet Candidate
7906671,K03018.01,FALSE POSITIVE,False Positive
8709688,K03019.01,CONFIRMED,Exoplanet Candidate
8241079,K03020.01,CANDIDATE,Exoplanet Candidate
3348285,K03021.01,FALSE POSITIVE,False Positive
11618601,K03022.01,CONFIRMED,Exoplanet Candidate
7582689,K03097.01,CONFIRMED,Exoplanet Candidate
7582689,K03097.02,CONFIRMED,Exoplanet Candidate
7582689,K03097.03,CONFIRMED,Exoplanet Candidate
9959589,K03098.01,FALSE POSITIVE,False Positive
9025922,K00043.01,FALSE POSITIVE,False Positive
6196457,K00285.02,CONFIRMED,Exoplanet Candidate
7050989,K00312.02,CONFIRMED,Exoplanet Candidate
7419318,K00313.01,CONFIRMED,Exoplanet Candidate
7419318,K00313.02,CONFIRMED,Exoplanet Candidate
7603200,K00314.01,CONFIRMED,Exoplanet Candidate
7603200,K00314.02,CONFIRMED,Exoplanet Candidate
10905239,K00046.02,CONFIRMED,Exoplanet Candidate
7364176,K00373.01,CONFIRMED,Exoplanet Candidate
8686097,K00374.01,CONFIRMED,Exoplanet Candidate
12356617,K00375.01,CONFIRMED,Exoplanet Candidate
12643589,K00376.01,FALSE POSITIVE,False Positive
12643589,K00376.02,FALSE POSITIVE,False Positive
3323887,K00377.01,CONFIRMED,Exoplanet Candidate
11618601,K03022.02,CONFIRMED,Exoplanet Candidate
7732285,K03023.01,FALSE POSITIVE,False Positive
9716391,K03025.01,CONFIRMED,Exoplanet Candidate
6929841,K03026.01,CONFIRMED,Exoplanet Candidate
5088536,K00282.03,CONFIRMED,Exoplanet Candidate
5124254,K03099.01,FALSE POSITIVE,False Positive
11508644,K03101.01,CONFIRMED,Exoplanet Candidate
12168993,K03105.01,CANDIDATE,False Positive
8895758,K03106.01,CONFIRMED,Exoplanet Candidate
10031500,K03107.01,FALSE POSITIVE,False Positive
7603200,K00314.03,CONFIRMED,Exoplanet Candidate
7700622,K00315.01,CONFIRMED,Exoplanet Candidate
8008067,K00316.01,CONFIRMED,Exoplanet Candidate
8008067,K00316.02,CONFIRMED,Exoplanet Candidate
8008067,K00316.03,CONFIRMED,Exoplanet Candidate
3323887,K00377.02,CONFIRMED,Exoplanet Candidate
7051180,K00064.01,CANDIDATE,False Positive
3323887,K00377.03,CONFIRMED,Exoplanet Candidate
2449074,K00378.01,FALSE POSITIVE,False Positive
2446113,K00379.01,FALSE POSITIVE,Exoplanet Candidate
2446113,K00379.02,CANDIDATE,Exoplanet Candidate
11137180,K03027.01,CONFIRMED,Exoplanet Candidate
9838804,K03028.01,FALSE POSITIVE,False Positive
5903749,K03029.01,CANDIDATE,Exoplanet Candidate
5903749,K03029.02,CANDIDATE,Exoplanet Candidate
5524881,K03030.01,FALSE POSITIVE,Exoplanet Candidate
3756264,K03108.01,CONFIRMED,Exoplanet Candidate
11572193,K03109.01,CONFIRMED,Exoplanet Candidate
11285870,K03110.01,CONFIRMED,Exoplanet Candidate
8581240,K03111.01,CANDIDATE,Exoplanet Candidate
8581240,K03111.02,CANDIDATE,Exoplanet Candidate
6196457,K00285.03,CONFIRMED,Exoplanet Candidate
8121310,K00317.01,CONFIRMED,Exoplanet Candidate
8156120,K00318.01,CONFIRMED,Exoplanet Candidate
8684730,K00319.01,CANDIDATE,Exoplanet Candidate
8700558,K00320.01,FALSE POSITIVE,False Positive
8753657,K00321.01,CONFIRMED,Exoplanet Candidate
8554498,K00005.01,CANDIDATE,Exoplanet Candidate
3847708,K00389.01,FALSE POSITIVE,False Positive
3849155,K00390.01,FALSE POSITIVE,False Positive
3858804,K00391.01,FALSE POSITIVE,False Positive
3942670,K00392.01,CONFIRMED,Exoplanet Candidate
3942670,K00392.02,CONFIRMED,Exoplanet Candidate
6949898,K03031.01,CANDIDATE,Exoplanet Candidate
10585738,K03032.01,CONFIRMED,Exoplanet Candidate
7186665,K03033.01,FALSE POSITIVE,False Positive
2973386,K03034.01,CANDIDATE,Exoplanet Candidate
6388770,K03035.01,FALSE POSITIVE,False Positive
7022573,K03112.01,CANDIDATE,Exoplanet Candidate
7676423,K03113.01,CONFIRMED,Exoplanet Candidate
9288237,K03114.01,CANDIDATE,Exoplanet Candidate
11714231,K03115.01,CONFIRMED,Exoplanet Candidate
11720424,K03116.01,CONFIRMED,Exoplanet Candidate
7837302,K00048.01,FALSE POSITIVE,False Positive
8753657,K00321.02,CONFIRMED,Exoplanet Candidate
8948424,K00322.01,FALSE POSITIVE,False Positive
9139084,K00323.01,CONFIRMED,Exoplanet Candidate
9641041,K00324.01,FALSE POSITIVE,False Positive
9724984,K00325.01,FALSE POSITIVE,False Positive
2452450,K00380.01,FALSE POSITIVE,False Positive
3230578,K00381.01,FALSE POSITIVE,False Positive
3231137,K00382.01,FALSE POSITIVE,False Positive
3353050,K00384.01,CONFIRMED,Exoplanet Candidate
3446746,K00385.01,CONFIRMED,Exoplanet Candidate
5695396,K00283.01,CONFIRMED,Exoplanet Candidate
5217891,K03036.01,FALSE POSITIVE,False Positive
6593150,K03037.01,CANDIDATE,Exoplanet Candidate
8051946,K03038.01,CONFIRMED,False Positive
5445681,K03039.01,CONFIRMED,Exoplanet Candidate
6523351,K03117.01,CANDIDATE,Exoplanet Candidate
5551672,K03119.01,CANDIDATE,Exoplanet Candidate
11499192,K03120.01,CONFIRMED,Exoplanet Candidate
12416661,K03122.01,CONFIRMED,Exoplanet Candidate
8197793,K03123.01,CANDIDATE,Exoplanet Candidate
8258171,K00286.01,FALSE POSITIVE,Exoplanet Candidate
9880467,K00326.01,FALSE POSITIVE,False Positive
9880467,K00326.02,FALSE POSITIVE,False Positive
9881662,K00327.01,CONFIRMED,Exoplanet Candidate
9881662,K00327.02,CONFIRMED,Exoplanet Candidate
9895004,K00328.01,FALSE POSITIVE,False Positive
3656121,K00386.01,CONFIRMED,Exoplanet Candidate
10620329,K00066.01,FALSE POSITIVE,False Positive
3656121,K00386.02,CONFIRMED,Exoplanet Candidate
3733628,K00387.01,CONFIRMED,Exoplanet Candidate
3831053,K00388.01,CONFIRMED,Exoplanet Candidate
6357290,K03040.01,CANDIDATE,Exoplanet Candidate
4072955,K03041.01,CANDIDATE,Exoplanet Candidate
8695311,K03042.01,CANDIDATE,Exoplanet Candidate
9834731,K03043.01,CANDIDATE,Exoplanet Candidate
5092266,K03045.01,CONFIRMED,Exoplanet Candidate
4076976,K03124.01,FALSE POSITIVE,False Positive
8751796,K03125.01,CONFIRMED,Exoplanet Candidate
7097534,K03126.01,FALSE POSITIVE,False Positive
9907129,K03127.01,CONFIRMED,Exoplanet Candidate
7609674,K03128.01,CANDIDATE,Exoplanet Candidate
9527334,K00049.01,CONFIRMED,Exoplanet Candidate
10031885,K00329.01,FALSE POSITIVE,False Positive
11361646,K00330.01,CONFIRMED,Exoplanet Candidate
11361646,K00330.02,CONFIRMED,Exoplanet Candidate
10285631,K00331.01,CONFIRMED,Exoplanet Candidate
3964109,K00393.01,CONFIRMED,Exoplanet Candidate
4159347,K00394.01,FALSE POSITIVE,False Positive
3544595,K00069.01,CONFIRMED,Exoplanet Candidate
4165960,K00395.01,FALSE POSITIVE,False Positive
4252322,K00396.01,CANDIDATE,Exoplanet Candidate
4376644,K00397.01,FALSE POSITIVE,Exoplanet Candidate
9301506,K03047.01,FALSE POSITIVE,False Positive
5695396,K00283.02,CONFIRMED,Exoplanet Candidate
9714550,K03048.01,CONFIRMED,Exoplanet Candidate
6263593,K03049.01,CONFIRMED,Exoplanet Candidate
5475042,K03050.01,CANDIDATE,Exoplanet Candidate
6964159,K03129.01,FALSE POSITIVE,False Positive
10252275,K03130.01,CONFIRMED,Exoplanet Candidate
10252275,K03130.02,CONFIRMED,Exoplanet Candidate
11455181,K03131.01,CONFIRMED,Exoplanet Candidate
9541295,K03132.01,CANDIDATE,False Positive
10290666,K00332.01,CONFIRMED,Exoplanet Candidate
10337258,K00333.01,CONFIRMED,Exoplanet Candidate
10383687,K00334.01,FALSE POSITIVE,False Positive
10470206,K00335.01,FALSE POSITIVE,False Positive
10518725,K00336.01,FALSE POSITIVE,False Positive
12314973,K00279.02,CONFIRMED,Exoplanet Candidate
5450893,K02970.01,CONFIRMED,Exoplanet Candidate
4770174,K02971.01,CANDIDATE,Exoplanet Candidate
8949925,K02972.01,CANDIDATE,Exoplanet Candidate
5091016,K02973.01,FALSE POSITIVE,False Positive
9959492,K03051.01,CANDIDATE,Exoplanet Candidate
8827575,K03052.01,CANDIDATE,Exoplanet Candidate
8827575,K03052.02,CONFIRMED,Exoplanet Candidate
2716801,K03053.01,CONFIRMED,Exoplanet Candidate
7281454,K03055.01,FALSE POSITIVE,False Positive
7216284,K03056.01,CONFIRMED,Exoplanet Candidate
8703887,K00287.01,FALSE POSITIVE,False Positive
9899352,K03135.01,FALSE POSITIVE,False Positive
6945786,K03136.01,CONFIRMED,Exoplanet Candidate
5978170,K03140.01,CONFIRMED,Exoplanet Candidate
5440317,K03141.01,CONFIRMED,Exoplanet Candidate
10545066,K00337.01,CONFIRMED,Exoplanet Candidate
6056992,K00051.01,FALSE POSITIVE,False Positive
10552611,K00338.01,CONFIRMED,Exoplanet Candidate
10552611,K00338.02,CONFIRMED,Exoplanet Candidate
10587105,K00339.01,CONFIRMED,Exoplanet Candidate
10587105,K00339.02,CONFIRMED,Exoplanet Candidate
6948480,K02975.01,FALSE POSITIVE,False Positive
6438099,K02976.01,CANDIDATE,Exoplanet Candidate
11090556,K02977.01,CONFIRMED,Exoplanet Candidate
11090556,K02977.02,CONFIRMED,Exoplanet Candidate
10686814,K02978.01,FALSE POSITIVE,False Positive
3234843,K03057.01,CONFIRMED,Exoplanet Candidate
6021275,K00284.01,CONFIRMED,Exoplanet Candidate
3234843,K03057.02,CONFIRMED,Exoplanet Candidate
8192911,K03058.01,FALSE POSITIVE,False Positive
10554967,K03059.01,FALSE POSITIVE,False Positive
3752110,K03142.01,CANDIDATE,Exoplanet Candidate
5688790,K03144.01,CONFIRMED,Exoplanet Candidate
1717722,K03145.01,CONFIRMED,Exoplanet Candidate
1717722,K03145.02,CANDIDATE,Exoplanet Candidate
10908248,K03146.01,CONFIRMED,Exoplanet Candidate
10616571,K00340.01,FALSE POSITIVE,False Positive
10878263,K00341.01,CONFIRMED,Exoplanet Candidate
10878263,K00341.02,CONFIRMED,Exoplanet Candidate
10982872,K00343.01,CONFIRMED,Exoplanet Candidate
10982872,K00343.02,CONFIRMED,Exoplanet Candidate
2720514,K02979.01,FALSE POSITIVE,False Positive
4141376,K00280.01,CONFIRMED,Exoplanet Candidate
9468551,K02980.01,CONFIRMED,Exoplanet Candidate
9076971,K02981.01,CONFIRMED,Exoplanet Candidate
8360640,K02982.01,CONFIRMED,Exoplanet Candidate
11019987,K03060.01,CONFIRMED,Exoplanet Candidate
4857058,K03061.01,CONFIRMED,Exoplanet Candidate
10924562,K03063.01,CONFIRMED,Exoplanet Candidate
9899505,K03064.01,FALSE POSITIVE,False Positive
5040077,K03065.01,CANDIDATE,Exoplanet Candidate
7534267,K03147.01,CONFIRMED,Exoplanet Candidate
9592705,K00288.01,CONFIRMED,Exoplanet Candidate
10611420,K03148.01,FALSE POSITIVE,False Positive
10386922,K00289.01,CONFIRMED,Exoplanet Candidate
10386922,K00289.02,CONFIRMED,Exoplanet Candidate
10982872,K00343.03,CONFIRMED,Exoplanet Candidate
3558981,K00052.01,FALSE POSITIVE,False Positive
11015108,K00344.01,CONFIRMED,Exoplanet Candidate
11074541,K00345.01,CONFIRMED,Exoplanet Candidate
11100383,K00346.01,CONFIRMED,Exoplanet Candidate
7918652,K02984.01,CANDIDATE,Exoplanet Candidate
8847111,K02985.01,FALSE POSITIVE,False Positive
4568298,K02986.01,FALSE POSITIVE,False Positive
9230021,K03429.04,CANDIDATE,Exoplanet Candidate
4374339,K02987.01,FALSE POSITIVE,False Positive
6636320,K02989.01,CONFIRMED,Exoplanet Candidate
4067925,K03066.01,CONFIRMED,Exoplanet Candidate
4847782,K03067.01,FALSE POSITIVE,False Positive
6021275,K00284.02,CONFIRMED,Exoplanet Candidate
10350571,K01175.03,FALSE POSITIVE,False Positive
3230805,K03068.01,CANDIDATE,Exoplanet Candidate
4676964,K03069.01,CANDIDATE,Exoplanet Candidate
10488450,K00290.01,FALSE POSITIVE,False Positive
10933561,K00291.01,CONFIRMED,Exoplanet Candidate
10933561,K00291.02,CONFIRMED,Exoplanet Candidate
4770617,K02243.03,CANDIDATE,Exoplanet Candidate
8845026,K00044.01,FALSE POSITIVE,False Positive
11075737,K00292.01,CONFIRMED,Exoplanet Candidate
11189127,K00347.01,FALSE POSITIVE,False Positive
11194032,K00348.01,CONFIRMED,Exoplanet Candidate
11394027,K00349.01,CONFIRMED,Exoplanet Candidate
7609553,K02924.02,CANDIDATE,Exoplanet Candidate
11395587,K00350.01,CANDIDATE,Exoplanet Candidate
11442793,K00351.01,CONFIRMED,Exoplanet Candidate
5520547,K02990.01,CONFIRMED,Exoplanet Candidate
4848424,K02991.01,FALSE POSITIVE,False Positive
8866102,K00042.01,CONFIRMED,Exoplanet Candidate
4143755,K00281.01,CONFIRMED,Exoplanet Candidate
8509442,K02992.01,CANDIDATE,Exoplanet Candidate
11244137,K02994.01,CONFIRMED,Exoplanet Candidate
6072593,K03070.01,FALSE POSITIVE,False Positive
5865654,K03071.01,CONFIRMED,Exoplanet Candidate
3219643,K03072.01,CANDIDATE,Exoplanet Candidate
8546542,K03073.01,CANDIDATE,Exoplanet Candidate
8197560,K03074.01,FALSE POSITIVE,False Positive
11200415,K00293.01,FALSE POSITIVE,False Positive
8613535,K02263.03,CANDIDATE,Exoplanet Candidate
11259686,K00294.01,CONFIRMED,Exoplanet Candidate
11547513,K00295.01,CONFIRMED,Exoplanet Candidate
11547513,K00295.02,CONFIRMED,Exoplanet Candidate
11802615,K00296.01,CONFIRMED,Exoplanet Candidate
11442793,K00351.02,CONFIRMED,Exoplanet Candidate
10122538,K02926.05,CANDIDATE,Exoplanet Candidate
11442793,K00351.03,CONFIRMED,Exoplanet Candidate
2445975,K00053.01,FALSE POSITIVE,False Positive
11521793,K00352.01,CONFIRMED,Exoplanet Candidate
11566064,K00353.01,CANDIDATE,Exoplanet Candidate
11566064,K00353.02,CONFIRMED,Exoplanet Candidate
6531496,K03646.02,FALSE POSITIVE,False Positive
3848275,K02995.01,CONFIRMED,Exoplanet Candidate
12021625,K02996.01,CONFIRMED,Exoplanet Candidate
9777256,K02997.01,FALSE POSITIVE,False Positive
4175630,K02998.01,CONFIRMED,Exoplanet Candidate
7433585,K02999.01,FALSE POSITIVE,False Positive
6665223,K01232.02,FALSE POSITIVE,False Positive
3328080,K03075.01,CONFIRMED,Exoplanet Candidate
8430964,K03078.01,CONFIRMED,Exoplanet Candidate
3654719,K03081.01,FALSE POSITIVE,Exoplanet Candidate
6021275,K00284.03,CONFIRMED,Exoplanet Candidate
10619142,K03082.01,FALSE POSITIVE,False Positive
12256520,K02264.02,CANDIDATE,Exoplanet Candidate
11905011,K00297.01,CONFIRMED,Exoplanet Candidate
12785320,K00298.01,CONFIRMED,Exoplanet Candidate
12785320,K00298.02,CANDIDATE,Exoplanet Candidate
2692377,K00299.01,CONFIRMED,Exoplanet Candidate
3742855,K00045.01,FALSE POSITIVE,False Positive
3438975,K00300.01,FALSE POSITIVE,False Positive
11568987,K00354.01,CONFIRMED,Exoplanet Candidate
11568987,K00354.02,CONFIRMED,Exoplanet Candidate
11621223,K00355.01,CONFIRMED,Exoplanet Candidate
11624249,K00356.01,CONFIRMED,Exoplanet Candidate
12017140,K00358.01,FALSE POSITIVE,False Positive
10000941,K04146.02,CANDIDATE,Exoplanet Candidate
5702939,K03000.01,FALSE POSITIVE,False Positive
3852655,K03002.01,CONFIRMED,Exoplanet Candidate
11255231,K03003.01,FALSE POSITIVE,Exoplanet Candidate
5088536,K00282.01,CONFIRMED,Exoplanet Candidate
6103377,K03004.01,CONFIRMED,Exoplanet Candidate
6677841,K01236.04,CONFIRMED,Exoplanet Candidate
7106173,K03083.01,CANDIDATE,Exoplanet Candidate
7106173,K03083.02,CANDIDATE,Exoplanet Candidate
7106173,K03083.03,CANDIDATE,Exoplanet Candidate
3324986,K03084.01,FALSE POSITIVE,False Positive
11912932,K03085.01,FALSE POSITIVE,False Positive
8037145,K00520.03,CONFIRMED,Exoplanet Candidate
8162789,K00521.01,CONFIRMED,Exoplanet Candidate
8265218,K00522.01,CANDIDATE,Exoplanet Candidate
8806123,K00523.01,CONFIRMED,Exoplanet Candidate
8806123,K00523.02,CONFIRMED,Exoplanet Candidate
10098844,K02964.02,FALSE POSITIVE,Exoplanet Candidate
8355239,K00574.02,CONFIRMED,Exoplanet Candidate
9210823,K00090.01,FALSE POSITIVE,False Positive
8367113,K00575.01,CONFIRMED,Exoplanet Candidate
8474898,K00576.01,FALSE POSITIVE,False Positive
8558011,K00577.01,CONFIRMED,Exoplanet Candidate
7429287,K04260.03,FALSE POSITIVE,False Positive
9115800,K00421.01,CONFIRMED,Exoplanet Candidate
9214713,K00422.01,CANDIDATE,Exoplanet Candidate
9478990,K00423.01,CONFIRMED,Exoplanet Candidate
9597411,K00424.01,FALSE POSITIVE,False Positive
6850504,K00070.04,CONFIRMED,Exoplanet Candidate
8609450,K01278.05,FALSE POSITIVE,False Positive
10934674,K00477.01,CONFIRMED,Exoplanet Candidate
10990886,K00478.01,CONFIRMED,Exoplanet Candidate
11015323,K00479.01,CONFIRMED,Exoplanet Candidate
11134879,K00480.01,CONFIRMED,Exoplanet Candidate
11192998,K00481.01,CONFIRMED,Exoplanet Candidate
9334893,K02298.03,CANDIDATE,Exoplanet Candidate
8934495,K00524.01,CONFIRMED,Exoplanet Candidate
9119458,K00525.01,CANDIDATE,Exoplanet Candidate
5866724,K00085.01,CONFIRMED,Exoplanet Candidate
9157634,K00526.01,CONFIRMED,Exoplanet Candidate
9636569,K00527.01,FALSE POSITIVE,Exoplanet Candidate
12406807,K03091.02,CANDIDATE,Exoplanet Candidate
8565266,K00578.01,CONFIRMED,Exoplanet Candidate
8616637,K00579.01,CONFIRMED,Exoplanet Candidate
8616637,K00579.02,CONFIRMED,Exoplanet Candidate
8625925,K00580.01,CONFIRMED,Exoplanet Candidate
8822216,K00581.01,CONFIRMED,Exoplanet Candidate
4548011,K04288.04,CANDIDATE,Exoplanet Candidate
9967884,K00425.01,FALSE POSITIVE,False Positive
10016874,K00426.01,CANDIDATE,Exoplanet Candidate
10189546,K00427.01,CONFIRMED,Exoplanet Candidate
10189546,K00427.02,CONFIRMED,Exoplanet Candidate
10189546,K00427.03,CONFIRMED,Exoplanet Candidate
10748393,K01289.02,FALSE POSITIVE,False Positive
11192998,K00481.02,CONFIRMED,Exoplanet Candidate
11192998,K00481.03,CONFIRMED,Exoplanet Candidate
8823868,K00081.01,FALSE POSITIVE,False Positive
11255761,K00482.01,FALSE POSITIVE,False Positive
11497977,K00483.01,CONFIRMED,Exoplanet Candidate
7021681,K00255.03,FALSE POSITIVE,Exoplanet Candidate
9941859,K00528.01,CONFIRMED,Exoplanet Candidate
9941859,K00528.02,CONFIRMED,Exoplanet Candidate
9941859,K00528.03,CONFIRMED,Exoplanet Candidate
10068030,K00529.01,FALSE POSITIVE,False Positive
10266615,K00530.01,CONFIRMED,Exoplanet Candidate
6444896,K03138.02,CONFIRMED,Exoplanet Candidate
10395543,K00531.01,CANDIDATE,Exoplanet Candidate
8822216,K00581.02,CONFIRMED,Exoplanet Candidate
9020160,K00582.01,CONFIRMED,Exoplanet Candidate
7941200,K00092.01,CONFIRMED,Exoplanet Candidate
9020160,K00582.02,CONFIRMED,Exoplanet Candidate
7429287,K04260.04,CANDIDATE,Exoplanet Candidate
9020160,K00582.03,CONFIRMED,Exoplanet Candidate
10418224,K00428.01,CONFIRMED,Exoplanet Candidate
10616679,K00429.01,CONFIRMED,Exoplanet Candidate
10717241,K00430.01,CONFIRMED,Exoplanet Candidate
10717241,K00430.02,CANDIDATE,Exoplanet Candidate
7303287,K01353.03,CONFIRMED,Exoplanet Candidate
10843590,K00431.01,CONFIRMED,Exoplanet Candidate
6850504,K00070.05,CONFIRMED,Exoplanet Candidate
12061222,K00484.01,CONFIRMED,Exoplanet Candidate
12316431,K00485.01,FALSE POSITIVE,False Positive
12404305,K00486.01,CONFIRMED,Exoplanet Candidate
10212441,K02342.02,FALSE POSITIVE,False Positive
12834874,K00487.01,CONFIRMED,Exoplanet Candidate
2557816,K00488.01,CONFIRMED,Exoplanet Candidate
10454313,K00532.01,CONFIRMED,Exoplanet Candidate
10513530,K00533.01,CONFIRMED,Exoplanet Candidate
5866724,K00085.02,CONFIRMED,Exoplanet Candidate
8121310,K00317.02,CANDIDATE,Exoplanet Candidate
10513530,K00533.02,CONFIRMED,Exoplanet Candidate
10554999,K00534.01,CONFIRMED,Exoplanet Candidate
9076513,K00583.01,CONFIRMED,Exoplanet Candidate
9146018,K00584.01,CONFIRMED,Exoplanet Candidate
9146018,K00584.02,CONFIRMED,Exoplanet Candidate
9146018,K00584.03,CONFIRMED,Exoplanet Candidate
9279669,K00585.01,CONFIRMED,Exoplanet Candidate
10843590,K00431.02,CONFIRMED,Exoplanet Candidate
10858832,K00432.01,CONFIRMED,Exoplanet Candidate
10937029,K00433.01,CONFIRMED,Exoplanet Candidate
11599038,K01437.02,FALSE POSITIVE,Exoplanet Candidate
10937029,K00433.02,CONFIRMED,Exoplanet Candidate
11656302,K00434.01,FALSE POSITIVE,False Positive
2576197,K00489.01,FALSE POSITIVE,False Positive
2576197,K00489.02,FALSE POSITIVE,False Positive
3239945,K00490.01,CONFIRMED,Exoplanet Candidate
10387742,K02583.02,FALSE POSITIVE,False Positive
10187017,K00082.01,CONFIRMED,Exoplanet Candidate
3239945,K00490.02,CONFIRMED,Exoplanet Candidate
10554999,K00534.02,CONFIRMED,Exoplanet Candidate
10873260,K00535.01,CONFIRMED,Exoplanet Candidate
10965008,K00536.01,CONFIRMED,Exoplanet Candidate
10467815,K03191.02,FALSE POSITIVE,False Positive
11073351,K00537.01,CONFIRMED,Exoplanet Candidate
11090765,K00538.01,CONFIRMED,Exoplanet Candidate
11246364,K00539.01,FALSE POSITIVE,False Positive
9570741,K00586.01,CONFIRMED,Exoplanet Candidate
9607164,K00587.01,CONFIRMED,Exoplanet Candidate
9631762,K00588.01,CONFIRMED,Exoplanet Candidate
6462863,K00094.01,CONFIRMED,Exoplanet Candidate
9782691,K00590.01,CONFIRMED,Exoplanet Candidate
11709124,K00435.01,CONFIRMED,Exoplanet Candidate
11709124,K00435.02,CANDIDATE,Exoplanet Candidate
11805075,K00436.01,CANDIDATE,False Positive
11599038,K01437.03,FALSE POSITIVE,Exoplanet Candidate
11824222,K00437.01,CANDIDATE,Exoplanet Candidate
12302530,K00438.01,CONFIRMED,Exoplanet Candidate
11904151,K00072.01,CONFIRMED,Exoplanet Candidate
3239945,K00490.03,CONFIRMED,Exoplanet Candidate
3239945,K00490.04,CONFIRMED,Exoplanet Candidate
3541800,K00491.01,FALSE POSITIVE,False Positive
3559935,K00492.01,CONFIRMED,Exoplanet Candidate
3834360,K00493.01,FALSE POSITIVE,False Positive
3966801,K00494.01,CONFIRMED,Exoplanet Candidate
11521048,K00540.01,FALSE POSITIVE,False Positive
11656721,K00541.01,CONFIRMED,Exoplanet Candidate
11853905,K00007.01,CONFIRMED,Exoplanet Candidate
5866724,K00085.03,CONFIRMED,Exoplanet Candidate
11669239,K00542.01,CONFIRMED,Exoplanet Candidate
11669239,K00542.02,CONFIRMED,Exoplanet Candidate
10600261,K00597.03,CONFIRMED,Exoplanet Candidate
10656823,K00598.01,CONFIRMED,Exoplanet Candidate
10656823,K00598.02,CONFIRMED,Exoplanet Candidate
10676824,K00599.01,CONFIRMED,Exoplanet Candidate
10718726,K00600.01,CONFIRMED,Exoplanet Candidate
12302530,K00438.02,CONFIRMED,Exoplanet Candidate
12470954,K00439.01,CONFIRMED,Exoplanet Candidate
6268648,K01613.03,CANDIDATE,Exoplanet Candidate
2438264,K00440.01,CONFIRMED,Exoplanet Candidate
2438264,K00440.02,CONFIRMED,Exoplanet Candidate
3340312,K00441.01,FALSE POSITIVE,False Positive
4049108,K00495.01,FALSE POSITIVE,False Positive
4454752,K00496.01,CONFIRMED,Exoplanet Candidate
8212002,K02593.02,CANDIDATE,Exoplanet Candidate
4757437,K00497.01,CONFIRMED,Exoplanet Candidate
10187017,K00082.02,CONFIRMED,Exoplanet Candidate
4757437,K00497.02,CONFIRMED,Exoplanet Candidate
11823054,K00543.01,CONFIRMED,Exoplanet Candidate
11823054,K00543.02,CONFIRMED,Exoplanet Candidate
7017274,K03209.02,CANDIDATE,Exoplanet Candidate
11913012,K00544.01,FALSE POSITIVE,False Positive
11972666,K00545.01,FALSE POSITIVE,False Positive
12058931,K00546.01,CONFIRMED,Exoplanet Candidate
9782691,K00590.02,CONFIRMED,Exoplanet Candidate
9886221,K00591.01,FALSE POSITIVE,False Positive
12366084,K00787.03,CANDIDATE,Exoplanet Candidate
9957627,K00592.01,CONFIRMED,Exoplanet Candidate
9958962,K00593.01,CONFIRMED,Exoplanet Candidate
9958962,K00593.02,CONFIRMED,Exoplanet Candidate
3745690,K00442.01,CONFIRMED,Exoplanet Candidate
3745690,K00442.02,CONFIRMED,Exoplanet Candidate
9872283,K01815.02,CANDIDATE,Exoplanet Candidate
3745690,K00442.03,CONFIRMED,Exoplanet Candidate
3833007,K00443.01,CONFIRMED,Exoplanet Candidate
3847138,K00444.01,CONFIRMED,Exoplanet Candidate
4833135,K00498.01,FALSE POSITIVE,False Positive
4847534,K00499.01,CONFIRMED,Exoplanet Candidate
4852528,K00500.01,CONFIRMED,Exoplanet Candidate
4852528,K00500.02,CONFIRMED,Exoplanet Candidate
4852528,K00500.03,CONFIRMED,Exoplanet Candidate
4852528,K00500.04,CONFIRMED,Exoplanet Candidate
12058931,K00546.02,CONFIRMED,Exoplanet Candidate
12116489,K00547.01,CONFIRMED,Exoplanet Candidate
12600735,K00548.01,CONFIRMED,Exoplanet Candidate
10593626,K00087.01,CONFIRMED,Exoplanet Candidate
3437776,K00549.01,FALSE POSITIVE,False Positive
9958962,K00593.03,CONFIRMED,Exoplanet Candidate
10294465,K00595.01,FALSE POSITIVE,False Positive
10388286,K00596.01,CONFIRMED,Exoplanet Candidate
10600261,K00597.01,CONFIRMED,Exoplanet Candidate
6462863,K00094.02,CONFIRMED,Exoplanet Candidate
10600261,K00597.02,CONFIRMED,Exoplanet Candidate
11904151,K00072.02,CONFIRMED,Exoplanet Candidate
4384675,K00445.01,FALSE POSITIVE,False Positive
4633570,K00446.01,CONFIRMED,Exoplanet Candidate
4633570,K00446.02,CONFIRMED,Exoplanet Candidate
5021176,K00447.01,FALSE POSITIVE,False Positive
5640085,K00448.01,CONFIRMED,Exoplanet Candidate
5640085,K00448.02,CONFIRMED,Exoplanet Candidate
4852528,K00500.05,CONFIRMED,Exoplanet Candidate
4951877,K00501.01,CANDIDATE,Exoplanet Candidate
5282051,K00502.01,FALSE POSITIVE,False Positive
10187017,K00082.03,CONFIRMED,Exoplanet Candidate
5340644,K00503.01,CONFIRMED,Exoplanet Candidate
3437776,K00549.02,FALSE POSITIVE,False Positive
4165473,K00550.01,CONFIRMED,Exoplanet Candidate
4270253,K00551.01,CONFIRMED,Exoplanet Candidate
5544450,K03226.02,CANDIDATE,Exoplanet Candidate
4270253,K00551.02,CONFIRMED,Exoplanet Candidate
5122112,K00552.01,FALSE POSITIVE,False Positive
10973664,K00601.01,CONFIRMED,Exoplanet Candidate
10973664,K00601.02,CONFIRMED,Exoplanet Candidate
10973664,K00601.03,CONFIRMED,Exoplanet Candidate
9141746,K00929.02,CONFIRMED,Exoplanet Candidate
12459913,K00602.01,CONFIRMED,Exoplanet Candidate
6462863,K00094.03,CONFIRMED,Exoplanet Candidate
5779852,K00449.01,FALSE POSITIVE,False Positive
6042214,K00450.01,FALSE POSITIVE,False Positive
6200715,K00451.01,FALSE POSITIVE,False Positive
8226050,K01910.02,CANDIDATE,Exoplanet Candidate
6291033,K00452.01,CONFIRMED,Exoplanet Candidate
6889235,K00074.01,FALSE POSITIVE,False Positive
6758917,K00453.01,FALSE POSITIVE,False Positive
5461440,K00504.01,CONFIRMED,Exoplanet Candidate
5689351,K00505.01,CONFIRMED,Exoplanet Candidate
6779260,K02678.02,CANDIDATE,Exoplanet Candidate
5689351,K00505.02,CONFIRMED,Exoplanet Candidate
5689351,K00505.03,CONFIRMED,Exoplanet Candidate
5689351,K00505.04,CONFIRMED,Exoplanet Candidate
5303551,K00553.01,FALSE POSITIVE,False Positive
5443837,K00554.01,CANDIDATE,Exoplanet Candidate
7692093,K03337.02,FALSE POSITIVE,Exoplanet Candidate
5709725,K00555.01,CONFIRMED,Exoplanet Candidate
5709725,K00555.02,CONFIRMED,Exoplanet Candidate
7700871,K00088.01,FALSE POSITIVE,False Positive
9946525,K00398.01,CONFIRMED,Exoplanet Candidate
9946525,K00398.02,CONFIRMED,Exoplanet Candidate
2716853,K01022.02,FALSE POSITIVE,Exoplanet Candidate
9946525,K00398.03,CONFIRMED,Exoplanet Candidate
7289157,K00399.01,FALSE POSITIVE,False Positive
2695110,K00400.01,FALSE POSITIVE,False Positive
7098355,K00454.01,CONFIRMED,Exoplanet Candidate
7101828,K00455.01,FALSE POSITIVE,False Positive
2832589,K01942.02,CANDIDATE,Exoplanet Candidate
7269974,K00456.01,CONFIRMED,Exoplanet Candidate
7269974,K00456.02,CONFIRMED,Exoplanet Candidate
7440748,K00457.01,CONFIRMED,Exoplanet Candidate
5689351,K00505.05,CONFIRMED,Exoplanet Candidate
5780715,K00506.01,FALSE POSITIVE,False Positive
10793172,K02871.04,CANDIDATE,Exoplanet Candidate
5812960,K00507.01,CONFIRMED,Exoplanet Candidate
6266741,K00508.01,CONFIRMED,Exoplanet Candidate
10187017,K00082.04,CONFIRMED,Exoplanet Candidate
5738496,K00556.01,FALSE POSITIVE,False Positive
5774349,K00557.01,CONFIRMED,Exoplanet Candidate
10285631,K00331.02,CANDIDATE,Exoplanet Candidate
5978361,K00558.01,CONFIRMED,Exoplanet Candidate
6422367,K00559.01,FALSE POSITIVE,False Positive
6501635,K00560.01,CONFIRMED,Exoplanet Candidate
3217264,K00401.01,CONFIRMED,Exoplanet Candidate
3217264,K00401.02,CONFIRMED,Exoplanet Candidate
8554498,K00005.02,FALSE POSITIVE,False Positive
6850504,K00070.01,CONFIRMED,Exoplanet Candidate
3217264,K00401.03,CONFIRMED,Exoplanet Candidate
3342592,K00402.01,FALSE POSITIVE,False Positive
7440748,K00457.02,CONFIRMED,Exoplanet Candidate
7504328,K00458.01,CANDIDATE,Exoplanet Candidate
8219268,K02133.02,FALSE POSITIVE,Exoplanet Candidate
7977197,K00459.01,CONFIRMED,Exoplanet Candidate
7977197,K00459.02,CONFIRMED,Exoplanet Candidate
7199397,K00075.01,CANDIDATE,Exoplanet Candidate
6266741,K00508.02,CONFIRMED,Exoplanet Candidate
6381846,K00509.01,CONFIRMED,Exoplanet Candidate
4367854,K02876.02,FALSE POSITIVE,False Positive
6381846,K00509.02,CONFIRMED,Exoplanet Candidate
6381846,K00509.03,CONFIRMED,Exoplanet Candidate
6422155,K00510.01,CONFIRMED,Exoplanet Candidate
6665695,K00561.01,CONFIRMED,Exoplanet Candidate
6707833,K00563.01,CONFIRMED,Exoplanet Candidate
9785921,K03372.02,FALSE POSITIVE,Exoplanet Candidate
6786037,K00564.01,CONFIRMED,Exoplanet Candidate
6786037,K00564.02,CONFIRMED,Exoplanet Candidate
6786037,K00564.03,CONFIRMED,Exoplanet Candidate
4247092,K00403.01,FALSE POSITIVE,False Positive
4949751,K00404.01,FALSE POSITIVE,False Positive
10157458,K01083.02,CANDIDATE,Exoplanet Candidate
5003117,K00405.01,FALSE POSITIVE,False Positive
5035972,K00406.01,FALSE POSITIVE,False Positive
5218441,K00407.01,FALSE POSITIVE,False Positive
5351250,K00408.01,CONFIRMED,Exoplanet Candidate
8043638,K00460.01,CONFIRMED,Exoplanet Candidate
8261920,K02174.04,CANDIDATE,Exoplanet Candidate
8621348,K00461.01,FALSE POSITIVE,False Positive
8773869,K00462.01,FALSE POSITIVE,False Positive
8845205,K00463.01,CONFIRMED,Exoplanet Candidate
8890783,K00464.01,CONFIRMED,Exoplanet Candidate
8890783,K00464.02,CONFIRMED,Exoplanet Candidate
6716545,K02906.03,CANDIDATE,Exoplanet Candidate
6422155,K00510.02,CONFIRMED,Exoplanet Candidate
6422155,K00510.03,CONFIRMED,Exoplanet Candidate
6422155,K00510.04,CONFIRMED,Exoplanet Candidate
6451936,K00511.01,CONFIRMED,Exoplanet Candidate
6451936,K00511.02,CONFIRMED,Exoplanet Candidate
1723078,K07624.01,CANDIDATE,Exoplanet Candidate
8056665,K00089.01,CONFIRMED,Exoplanet Candidate
7025846,K00565.01,FALSE POSITIVE,False Positive
7119481,K00566.01,CONFIRMED,Exoplanet Candidate
7445445,K00567.01,CONFIRMED,Exoplanet Candidate
7445445,K00567.02,CONFIRMED,Exoplanet Candidate
8397947,K04772.03,FALSE POSITIVE,Exoplanet Candidate
5351250,K00408.02,CONFIRMED,Exoplanet Candidate
5351250,K00408.03,CONFIRMED,Exoplanet Candidate
6850504,K00070.02,CONFIRMED,Exoplanet Candidate
5351250,K00408.04,CONFIRMED,Exoplanet Candidate
5444548,K00409.01,CONFIRMED,Exoplanet Candidate
10187017,K00082.06,FALSE POSITIVE,False Positive
8891318,K00465.01,FALSE POSITIVE,False Positive
9008220,K00466.01,CANDIDATE,Exoplanet Candidate
9583881,K00467.01,CONFIRMED,Exoplanet Candidate
9589524,K00468.01,CONFIRMED,Exoplanet Candidate
9955262,K00076.01,CANDIDATE,Exoplanet Candidate
8019043,K06048.02,FALSE POSITIVE,False Positive
11775507,K06245.03,FALSE POSITIVE,False Positive
10187017,K00082.05,CONFIRMED,Exoplanet Candidate
6838050,K00512.01,CONFIRMED,Exoplanet Candidate
6937692,K00513.01,CONFIRMED,Exoplanet Candidate
7602070,K00514.01,FALSE POSITIVE,False Positive
7812179,K00515.01,FALSE POSITIVE,False Positive
1868404,K07625.01,FALSE POSITIVE,False Positive
7445445,K00567.03,CONFIRMED,Exoplanet Candidate
7595157,K00568.01,CONFIRMED,Exoplanet Candidate
7595157,K00568.02,CONFIRMED,Exoplanet Candidate
8008206,K00569.01,CONFIRMED,Exoplanet Candidate
8008206,K00569.02,CONFIRMED,Exoplanet Candidate
7906892,K04773.02,CANDIDATE,Exoplanet Candidate
5449777,K00410.01,FALSE POSITIVE,False Positive
5478055,K00411.01,FALSE POSITIVE,False Positive
5683743,K00412.01,CONFIRMED,Exoplanet Candidate
5791986,K00413.01,CONFIRMED,Exoplanet Candidate
5791986,K00413.02,CONFIRMED,Exoplanet Candidate
8320630,K04846.02,CANDIDATE,Exoplanet Candidate
9703198,K00469.01,CANDIDATE,Exoplanet Candidate
9844088,K00470.01,CONFIRMED,Exoplanet Candidate
10019643,K00471.01,CONFIRMED,Exoplanet Candidate
10019643,K00471.02,CONFIRMED,Exoplanet Candidate
10123064,K00472.01,CONFIRMED,Exoplanet Candidate
5653126,K06612.02,FALSE POSITIVE,Exoplanet Candidate
7840044,K00516.01,FALSE POSITIVE,False Positive
8015907,K00517.01,CONFIRMED,Exoplanet Candidate
8017703,K00518.01,CONFIRMED,Exoplanet Candidate
8017703,K00518.02,CONFIRMED,Exoplanet Candidate
8017703,K00518.03,CONFIRMED,Exoplanet Candidate
1995712,K07626.01,FALSE POSITIVE,False Positive
8106610,K00570.01,FALSE POSITIVE,False Positive
8056665,K00089.02,CONFIRMED,Exoplanet Candidate
8120608,K00571.01,CONFIRMED,Exoplanet Candidate
8120608,K00571.02,CONFIRMED,Exoplanet Candidate
8120608,K00571.03,CONFIRMED,Exoplanet Candidate
8120608,K00571.04,CONFIRMED,Exoplanet Candidate
5872150,K00414.01,FALSE POSITIVE,False Positive
5872150,K00414.02,FALSE POSITIVE,Exoplanet Candidate
6289650,K00415.01,CANDIDATE,Exoplanet Candidate
6850504,K00070.03,CONFIRMED,Exoplanet Candidate
6508221,K00416.01,CONFIRMED,Exoplanet Candidate
11135694,K04896.02,CANDIDATE,Exoplanet Candidate
10155434,K00473.01,CONFIRMED,Exoplanet Candidate
10460984,K00474.01,CONFIRMED,Exoplanet Candidate
10460984,K00474.02,CONFIRMED,Exoplanet Candidate
10460984,K00474.03,CONFIRMED,Exoplanet Candidate
10460984,K00474.04,CONFIRMED,Exoplanet Candidate
6436505,K06707.02,FALSE POSITIVE,Exoplanet Candidate
8022244,K00519.01,CONFIRMED,Exoplanet Candidate
2571238,K00084.01,CONFIRMED,Exoplanet Candidate
8022244,K00519.02,CONFIRMED,Exoplanet Candidate
8037145,K00520.01,CONFIRMED,Exoplanet Candidate
8037145,K00520.02,CONFIRMED,Exoplanet Candidate
2140389,K07627.01,FALSE POSITIVE,False Positive
8193178,K00572.01,CONFIRMED,Exoplanet Candidate
8193178,K00572.02,CONFIRMED,Exoplanet Candidate
8344004,K00573.01,CONFIRMED,Exoplanet Candidate
8344004,K00573.02,CONFIRMED,Exoplanet Candidate
8355239,K00574.01,CONFIRMED,Exoplanet Candidate
8216763,K04838.03,CANDIDATE,Exoplanet Candidate
6508221,K00416.02,CONFIRMED,Exoplanet Candidate
6879865,K00417.01,CANDIDATE,Exoplanet Candidate
7975727,K00418.01,FALSE POSITIVE,False Positive
8219673,K00419.01,FALSE POSITIVE,False Positive
8352537,K00420.01,CONFIRMED,Exoplanet Candidate
3758499,K05007.02,CANDIDATE,Exoplanet Candidate
3248033,K00006.01,FALSE POSITIVE,False Positive
9552608,K00080.01,CANDIDATE,False Positive
10577994,K00475.01,CONFIRMED,Exoplanet Candidate
10577994,K00475.02,CONFIRMED,Exoplanet Candidate
10599206,K00476.01,CONFIRMED,Exoplanet Candidate
6768616,K06765.02,FALSE POSITIVE,False Positive
10068383,K00725.01,FALSE POSITIVE,False Positive
10157573,K00726.01,FALSE POSITIVE,False Positive
10191070,K00727.01,FALSE POSITIVE,False Positive
10221013,K00728.01,CANDIDATE,Exoplanet Candidate
10225800,K00729.01,FALSE POSITIVE,False Positive
2299738,K07628.01,CANDIDATE,False Positive
10227020,K00730.01,CONFIRMED,Exoplanet Candidate
4563268,K00627.02,CONFIRMED,Exoplanet Candidate
4644604,K00628.01,CONFIRMED,Exoplanet Candidate
4656049,K00629.01,CONFIRMED,Exoplanet Candidate
4659405,K00630.01,FALSE POSITIVE,False Positive
7941635,K05449.02,FALSE POSITIVE,False Positive
4742414,K00631.01,CONFIRMED,Exoplanet Candidate
7619236,K00682.01,CANDIDATE,Exoplanet Candidate
7630229,K00683.01,CANDIDATE,Exoplanet Candidate
7730747,K00684.01,CANDIDATE,Exoplanet Candidate
7764367,K00685.01,CONFIRMED,Exoplanet Candidate
9024857,K07124.02,FALSE POSITIVE,False Positive
7906882,K00686.01,CANDIDATE,Exoplanet Candidate
7976520,K00687.01,CANDIDATE,Exoplanet Candidate
10227020,K00730.02,CONFIRMED,Exoplanet Candidate
10227020,K00730.03,CONFIRMED,Exoplanet Candidate
6678383,K00111.03,CONFIRMED,Exoplanet Candidate
2302997,K07630.01,CANDIDATE,Exoplanet Candidate
10227020,K00730.04,CONFIRMED,Exoplanet Candidate
10259031,K00731.01,FALSE POSITIVE,False Positive
8505215,K00099.01,CANDIDATE,Exoplanet Candidate
4827723,K00632.01,CONFIRMED,Exoplanet Candidate
4841374,K00633.01,CONFIRMED,Exoplanet Candidate
4861736,K00634.01,FALSE POSITIVE,False Positive
5020319,K00635.01,CONFIRMED,Exoplanet Candidate
5090690,K00636.01,FALSE POSITIVE,False Positive
8161561,K00688.01,CONFIRMED,Exoplanet Candidate
8361905,K00689.01,CONFIRMED,Exoplanet Candidate
12116489,K00547.03,CONFIRMED,Exoplanet Candidate
8409588,K00690.01,FALSE POSITIVE,False Positive
11250587,K00107.01,CONFIRMED,Exoplanet Candidate
8480285,K00691.01,CONFIRMED,Exoplanet Candidate
8480285,K00691.02,CONFIRMED,Exoplanet Candidate
10265898,K00732.01,CONFIRMED,Exoplanet Candidate
10265898,K00732.02,CANDIDATE,Exoplanet Candidate
2302758,K07629.01,FALSE POSITIVE,False Positive
10265898,K00732.03,CONFIRMED,Exoplanet Candidate
10271806,K00733.01,CONFIRMED,Exoplanet Candidate
10271806,K00733.02,CONFIRMED,Exoplanet Candidate
5098444,K00637.01,FALSE POSITIVE,False Positive
5113822,K00638.01,CONFIRMED,Exoplanet Candidate
5113822,K00638.02,CONFIRMED,Exoplanet Candidate
5120087,K00639.01,CONFIRMED,Exoplanet Candidate
5121511,K00640.01,CONFIRMED,Exoplanet Candidate
8557374,K00692.01,CONFIRMED,Exoplanet Candidate
8557374,K00692.02,CONFIRMED,Exoplanet Candidate
12600735,K00548.02,CANDIDATE,Exoplanet Candidate
8738735,K00693.01,CONFIRMED,Exoplanet Candidate
8738735,K00693.02,CONFIRMED,Exoplanet Candidate
8802165,K00694.01,CONFIRMED,Exoplanet Candidate
10271806,K00733.03,CONFIRMED,Exoplanet Candidate
10271806,K00733.04,CONFIRMED,Exoplanet Candidate
5351250,K00408.05,FALSE POSITIVE,False Positive
10272442,K00734.01,CONFIRMED,Exoplanet Candidate
10984090,K00112.01,CONFIRMED,Exoplanet Candidate
10272442,K00734.02,CANDIDATE,Exoplanet Candidate
4055765,K00100.01,CANDIDATE,Exoplanet Candidate
5131180,K00641.01,CANDIDATE,Exoplanet Candidate
5181817,K00642.01,FALSE POSITIVE,Exoplanet Candidate
5309353,K00643.01,FALSE POSITIVE,False Positive
5356593,K00644.01,FALSE POSITIVE,False Positive
8805348,K00695.01,CONFIRMED,Exoplanet Candidate
8869680,K00696.01,FALSE POSITIVE,False Positive
10843431,K07378.02,CANDIDATE,Exoplanet Candidate
8878187,K00697.01,CONFIRMED,Exoplanet Candidate
4914423,K00108.01,CONFIRMED,Exoplanet Candidate
8891278,K00698.01,FALSE POSITIVE,False Positive
10287242,K00735.01,CANDIDATE,Exoplanet Candidate
10340423,K00736.01,CONFIRMED,Exoplanet Candidate
10340423,K00736.02,CONFIRMED,Exoplanet Candidate
10345478,K00737.01,FALSE POSITIVE,False Positive
10358759,K00738.01,CONFIRMED,Exoplanet Candidate
5374854,K00645.01,CONFIRMED,Exoplanet Candidate
5374854,K00645.02,CONFIRMED,Exoplanet Candidate
5384802,K00646.01,FALSE POSITIVE,False Positive
5531694,K00647.01,CONFIRMED,Exoplanet Candidate
5596440,K00648.01,CANDIDATE,False Positive
8908102,K00699.01,FALSE POSITIVE,False Positive
8962094,K00700.01,CONFIRMED,Exoplanet Candidate
8962094,K00700.02,CONFIRMED,Exoplanet Candidate
8962094,K00700.03,CONFIRMED,Exoplanet Candidate
8962094,K00700.04,CONFIRMED,Exoplanet Candidate
10358759,K00738.02,CONFIRMED,Exoplanet Candidate
10386984,K00739.01,CONFIRMED,Exoplanet Candidate
9588822,K04388.02,CANDIDATE,Exoplanet Candidate
10395381,K00740.01,CONFIRMED,Exoplanet Candidate
10418797,K00741.01,FALSE POSITIVE,False Positive
5613330,K00649.01,CONFIRMED,Exoplanet Candidate
8456679,K00102.01,CONFIRMED,Exoplanet Candidate
5786676,K00650.01,CONFIRMED,Exoplanet Candidate
5796186,K00651.01,FALSE POSITIVE,False Positive
5796675,K00652.01,CONFIRMED,Exoplanet Candidate
9002278,K00701.01,CONFIRMED,Exoplanet Candidate
12306808,K07521.02,FALSE POSITIVE,Exoplanet Candidate
9002278,K00701.02,CONFIRMED,Exoplanet Candidate
9002278,K00701.03,CONFIRMED,Exoplanet Candidate
9053112,K00702.01,FALSE POSITIVE,False Positive
4914423,K00108.02,CONFIRMED,Exoplanet Candidate
9162741,K00703.01,FALSE POSITIVE,False Positive
5893123,K00653.01,FALSE POSITIVE,False Positive
5941160,K00654.01,CONFIRMED,Exoplanet Candidate
5941160,K00654.02,CONFIRMED,Exoplanet Candidate
5966154,K00655.01,CONFIRMED,Exoplanet Candidate
5966154,K00655.02,CONFIRMED,Exoplanet Candidate
3749508,K07544.02,FALSE POSITIVE,False Positive
9266431,K00704.01,CONFIRMED,Exoplanet Candidate
9300285,K00705.01,FALSE POSITIVE,False Positive
9426071,K00706.01,FALSE POSITIVE,False Positive
9458613,K00707.01,CONFIRMED,Exoplanet Candidate
9458613,K00707.02,CONFIRMED,Exoplanet Candidate
10729472,K04453.02,FALSE POSITIVE,False Positive
5966660,K00656.01,FALSE POSITIVE,False Positive
6020753,K00657.01,CONFIRMED,Exoplanet Candidate
8456679,K00102.02,CONFIRMED,Exoplanet Candidate
6020753,K00657.02,CONFIRMED,Exoplanet Candidate
6062088,K00658.01,CONFIRMED,Exoplanet Candidate
9458613,K00707.03,CONFIRMED,Exoplanet Candidate
9458613,K00707.04,CONFIRMED,Exoplanet Candidate
9458613,K00707.05,CONFIRMED,Exoplanet Candidate
9530945,K00708.01,CONFIRMED,Exoplanet Candidate
10610039,K04577.02,CANDIDATE,Exoplanet Candidate
4752451,K00109.01,FALSE POSITIVE,False Positive
6062088,K00658.02,CONFIRMED,Exoplanet Candidate
6062088,K00658.03,CONFIRMED,Exoplanet Candidate
6125481,K00659.01,CONFIRMED,Exoplanet Candidate
6267535,K00660.01,CONFIRMED,Exoplanet Candidate
1025986,K07621.01,CANDIDATE,Exoplanet Candidate
6347299,K00661.01,CONFIRMED,Exoplanet Candidate
9530945,K00708.02,CONFIRMED,Exoplanet Candidate
9578686,K00709.01,CONFIRMED,Exoplanet Candidate
9590976,K00710.01,CONFIRMED,Exoplanet Candidate
9590976,K00710.02,CONFIRMED,Exoplanet Candidate
11284772,K04622.02,CANDIDATE,Exoplanet Candidate
9590976,K00710.03,CONFIRMED,Exoplanet Candidate
2441151,K00603.01,FALSE POSITIVE,False Positive
3970233,K00604.01,FALSE POSITIVE,False Positive
4832837,K00605.01,CONFIRMED,Exoplanet Candidate
4832837,K00605.02,CANDIDATE,Exoplanet Candidate
5014753,K00606.01,FALSE POSITIVE,False Positive
5441980,K00607.01,CANDIDATE,Exoplanet Candidate
6347299,K00661.02,CONFIRMED,Exoplanet Candidate
6365156,K00662.01,CONFIRMED,Exoplanet Candidate
6425957,K00663.01,CONFIRMED,Exoplanet Candidate
1293046,K07622.01,FALSE POSITIVE,Exoplanet Candidate
2444412,K00103.01,CONFIRMED,Exoplanet Candidate
6425957,K00663.02,CONFIRMED,Exoplanet Candidate
9597345,K00711.01,CONFIRMED,Exoplanet Candidate
9597345,K00711.02,CONFIRMED,Exoplanet Candidate
9597345,K00711.03,CONFIRMED,Exoplanet Candidate
10972902,K04692.02,CANDIDATE,Exoplanet Candidate
9640976,K00712.01,FALSE POSITIVE,False Positive
9640985,K00713.01,FALSE POSITIVE,False Positive
5562784,K00608.01,FALSE POSITIVE,False Positive
5608566,K00609.01,FALSE POSITIVE,False Positive
5686174,K00610.01,CONFIRMED,Exoplanet Candidate
6309763,K00611.01,CANDIDATE,Exoplanet Candidate
5903312,K00008.01,FALSE POSITIVE,False Positive
6462863,K00094.04,CONFIRMED,Exoplanet Candidate
6442340,K00664.01,CONFIRMED,Exoplanet Candidate
6442340,K00664.02,CONFIRMED,Exoplanet Candidate
1434395,K07623.01,FALSE POSITIVE,False Positive
6442340,K00664.03,CONFIRMED,Exoplanet Candidate
6685609,K00665.01,CONFIRMED,Exoplanet Candidate
6685609,K00665.02,CONFIRMED,Exoplanet Candidate
9450647,K00110.01,CONFIRMED,Exoplanet Candidate
9702072,K00714.01,CONFIRMED,Exoplanet Candidate
9413156,K04700.02,CANDIDATE,Exoplanet Candidate
9834719,K00715.01,FALSE POSITIVE,False Positive
9846348,K00716.01,CANDIDATE,Exoplanet Candidate
9873254,K00717.01,CONFIRMED,Exoplanet Candidate
6587002,K00612.01,CONFIRMED,Exoplanet Candidate
6587002,K00612.02,CONFIRMED,Exoplanet Candidate
6960456,K00613.01,FALSE POSITIVE,False Positive
7368664,K00614.01,CONFIRMED,Exoplanet Candidate
8374580,K00615.01,FALSE POSITIVE,False Positive
6685609,K00665.03,CONFIRMED,Exoplanet Candidate
6707835,K00666.01,CONFIRMED,Exoplanet Candidate
2696205,K07636.01,CANDIDATE,Exoplanet Candidate
6752502,K00667.01,FALSE POSITIVE,False Positive
6805146,K00668.01,FALSE POSITIVE,False Positive
10318874,K00104.01,CONFIRMED,Exoplanet Candidate
6960445,K00669.01,FALSE POSITIVE,False Positive
9873254,K00717.02,CONFIRMED,Exoplanet Candidate
9884104,K00718.01,CONFIRMED,Exoplanet Candidate
9884104,K00718.02,CONFIRMED,Exoplanet Candidate
9884104,K00718.03,CONFIRMED,Exoplanet Candidate
9950612,K00719.01,CONFIRMED,Exoplanet Candidate
9714696,K00616.01,FALSE POSITIVE,False Positive
9846086,K00617.01,FALSE POSITIVE,False Positive
10353968,K00618.01,CONFIRMED,Exoplanet Candidate
10384962,K00619.01,FALSE POSITIVE,False Positive
11773022,K00620.01,CONFIRMED,Exoplanet Candidate
7033671,K00670.01,CONFIRMED,Exoplanet Candidate
7040629,K00671.01,CONFIRMED,Exoplanet Candidate
2711131,K07637.01,FALSE POSITIVE,False Positive
7040629,K00671.02,CONFIRMED,Exoplanet Candidate
7040629,K00671.03,CONFIRMED,Exoplanet Candidate
7040629,K00671.04,CONFIRMED,Exoplanet Candidate
9950612,K00719.02,CONFIRMED,Exoplanet Candidate
6678383,K00111.01,CONFIRMED,Exoplanet Candidate
2308411,K07631.01,FALSE POSITIVE,False Positive
9950612,K00719.03,CONFIRMED,Exoplanet Candidate
9950612,K00719.04,CONFIRMED,Exoplanet Candidate
9963524,K00720.01,CONFIRMED,Exoplanet Candidate
5780885,K00097.01,CONFIRMED,Exoplanet Candidate
11773022,K00620.02,CONFIRMED,Exoplanet Candidate
11773022,K00620.03,CONFIRMED,Exoplanet Candidate
12251650,K00621.01,CANDIDATE,Exoplanet Candidate
12417486,K00622.01,CANDIDATE,Exoplanet Candidate
12068975,K00623.01,CONFIRMED,Exoplanet Candidate
7115785,K00672.01,CONFIRMED,Exoplanet Candidate
2834805,K07638.01,CANDIDATE,Exoplanet Candidate
7115785,K00672.02,CONFIRMED,Exoplanet Candidate
7115785,K00672.03,FALSE POSITIVE,False Positive
7124613,K00673.01,CONFIRMED,Exoplanet Candidate
8711794,K00105.01,CONFIRMED,Exoplanet Candidate
7277317,K00674.01,CONFIRMED,Exoplanet Candidate
2446134,K07632.01,FALSE POSITIVE,False Positive
9963524,K00720.02,CONFIRMED,Exoplanet Candidate
9963524,K00720.03,CONFIRMED,Exoplanet Candidate
9963524,K00720.04,CONFIRMED,Exoplanet Candidate
9964801,K00721.01,CONFIRMED,Exoplanet Candidate
9965439,K00722.01,CONFIRMED,Exoplanet Candidate
2569995,K07634.01,CANDIDATE,Exoplanet Candidate
12068975,K00623.02,CONFIRMED,Exoplanet Candidate
12068975,K00623.03,CONFIRMED,Exoplanet Candidate
12068975,K00623.04,CONFIRMED,Exoplanet Candidate
3541946,K00624.01,CONFIRMED,Exoplanet Candidate
3541946,K00624.02,CONFIRMED,Exoplanet Candidate
10264660,K00098.01,CONFIRMED,Exoplanet Candidate
7385509,K00675.01,FALSE POSITIVE,False Positive
7447200,K00676.01,CONFIRMED,Exoplanet Candidate
7447200,K00676.02,CONFIRMED,Exoplanet Candidate
7466863,K00677.01,FALSE POSITIVE,False Positive
7509886,K00678.01,CONFIRMED,Exoplanet Candidate
7509886,K00678.02,CONFIRMED,Exoplanet Candidate
10002866,K00723.01,CONFIRMED,Exoplanet Candidate
10002866,K00723.02,CONFIRMED,Exoplanet Candidate
6678383,K00111.02,CONFIRMED,Exoplanet Candidate
10002866,K00723.03,CONFIRMED,Exoplanet Candidate
2577353,K07635.01,CANDIDATE,Exoplanet Candidate
10005020,K00724.01,FALSE POSITIVE,False Positive
3541946,K00624.03,CONFIRMED,Exoplanet Candidate
4449034,K00625.01,FALSE POSITIVE,False Positive
4478168,K00626.01,CONFIRMED,Exoplanet Candidate
4478168,K00626.02,CANDIDATE,Exoplanet Candidate
2854839,K07639.01,FALSE POSITIVE,False Positive
4563268,K00627.01,CONFIRMED,Exoplanet Candidate
7515212,K00679.01,CONFIRMED,Exoplanet Candidate
7515212,K00679.02,CONFIRMED,Exoplanet Candidate
7529266,K00680.01,CONFIRMED,Exoplanet Candidate
11553706,K00009.01,FALSE POSITIVE,False Positive
2449053,K07633.01,FALSE POSITIVE,False Positive
10489525,K00106.01,FALSE POSITIVE,False Positive
7598128,K00681.01,FALSE POSITIVE,False Positive
11858979,K04062.01,FALSE POSITIVE,False Positive
5900390,K04063.01,FALSE POSITIVE,False Positive
5444334,K04064.01,FALSE POSITIVE,False Positive
10139620,K04065.01,FALSE POSITIVE,False Positive
8686373,K04066.01,CONFIRMED,Exoplanet Candidate
5386264,K04135.01,FALSE POSITIVE,Exoplanet Candidate
3867615,K02289.02,CONFIRMED,Exoplanet Candidate
3218844,K07646.01,FALSE POSITIVE,False Positive
7256914,K04136.01,CANDIDATE,Exoplanet Candidate
7256914,K04136.02,CANDIDATE,Exoplanet Candidate
3542222,K04137.01,FALSE POSITIVE,False Positive
6871071,K02220.04,CANDIDATE,Exoplanet Candidate
5530112,K04067.01,CONFIRMED,Exoplanet Candidate
6226908,K04068.01,CONFIRMED,Exoplanet Candidate
5906694,K04069.01,CONFIRMED,Exoplanet Candidate
10186945,K04070.01,FALSE POSITIVE,False Positive
4636565,K04138.01,FALSE POSITIVE,False Positive
9956082,K04139.01,CONFIRMED,Exoplanet Candidate
3241647,K07650.01,FALSE POSITIVE,False Positive
7761585,K04140.01,FALSE POSITIVE,False Positive
3241248,K04141.01,FALSE POSITIVE,False Positive
9716302,K04142.01,FALSE POSITIVE,False Positive
2708286,K04071.01,FALSE POSITIVE,False Positive
6755944,K04072.01,CONFIRMED,Exoplanet Candidate
10419797,K04073.01,FALSE POSITIVE,False Positive
6515335,K04074.01,FALSE POSITIVE,False Positive
7777471,K04075.01,FALSE POSITIVE,False Positive
10294509,K04143.01,FALSE POSITIVE,False Positive
3112129,K04144.01,CANDIDATE,Exoplanet Candidate
3003019,K07642.01,FALSE POSITIVE,False Positive
9334893,K02298.02,CONFIRMED,Exoplanet Candidate
3103212,K04145.01,CANDIDATE,False Positive
10000941,K04146.01,CONFIRMED,Exoplanet Candidate
9455677,K04076.01,CONFIRMED,Exoplanet Candidate
6871071,K02220.05,CANDIDATE,Exoplanet Candidate
7690855,K04077.01,FALSE POSITIVE,False Positive
5649837,K04078.01,FALSE POSITIVE,False Positive
10141938,K04079.01,FALSE POSITIVE,False Positive
8029197,K04147.01,FALSE POSITIVE,False Positive
12257886,K04148.01,FALSE POSITIVE,False Positive
10875007,K04149.01,CANDIDATE,Exoplanet Candidate
10875007,K04149.02,CANDIDATE,Exoplanet Candidate
11465651,K04150.01,CONFIRMED,Exoplanet Candidate
5036480,K04080.01,FALSE POSITIVE,False Positive
10275077,K04081.01,FALSE POSITIVE,False Positive
6592832,K04082.01,FALSE POSITIVE,False Positive
8524346,K04083.01,FALSE POSITIVE,False Positive
3937814,K04084.01,CONFIRMED,Exoplanet Candidate
5551228,K04154.02,FALSE POSITIVE,False Positive
5471271,K04155.01,FALSE POSITIVE,Exoplanet Candidate
5881120,K04156.01,CONFIRMED,Exoplanet Candidate
3248696,K07651.01,FALSE POSITIVE,Exoplanet Candidate
4548098,K04157.01,CONFIRMED,Exoplanet Candidate
5306383,K04158.01,FALSE POSITIVE,False Positive
5446285,K00142.02,FALSE POSITIVE,False Positive
7021681,K00255.02,CANDIDATE,Exoplanet Candidate
5041847,K04085.01,FALSE POSITIVE,False Positive
3836558,K04086.01,FALSE POSITIVE,False Positive
4770617,K02243.02,CONFIRMED,Exoplanet Candidate
6106282,K04087.01,CONFIRMED,Exoplanet Candidate
4946584,K04088.01,FALSE POSITIVE,False Positive
6463499,K04163.01,FALSE POSITIVE,False Positive
8254882,K04164.01,FALSE POSITIVE,False Positive
6042031,K04165.01,FALSE POSITIVE,False Positive
4078311,K04166.01,CONFIRMED,Exoplanet Candidate
5475735,K04167.01,FALSE POSITIVE,False Positive
11709124,K00435.05,CONFIRMED,Exoplanet Candidate
9022166,K02175.02,CONFIRMED,Exoplanet Candidate
10075409,K04019.01,FALSE POSITIVE,False Positive
7038096,K04020.01,FALSE POSITIVE,False Positive
3345973,K07652.01,FALSE POSITIVE,False Positive
11967788,K04021.01,CANDIDATE,Exoplanet Candidate
11972872,K04089.01,FALSE POSITIVE,False Positive
9899233,K04090.01,FALSE POSITIVE,False Positive
3103227,K04091.01,CONFIRMED,Exoplanet Candidate
4850961,K04092.01,CONFIRMED,Exoplanet Candidate
3102309,K07643.01,FALSE POSITIVE,False Positive
8521059,K04093.01,FALSE POSITIVE,False Positive
5217574,K04151.01,FALSE POSITIVE,False Positive
7199060,K04152.01,CANDIDATE,Exoplanet Candidate
8439323,K04153.01,CONFIRMED,Exoplanet Candidate
4458082,K02303.02,CONFIRMED,Exoplanet Candidate
3230095,K07647.01,FALSE POSITIVE,False Positive
5551228,K04154.01,FALSE POSITIVE,False Positive
11967788,K04021.02,CANDIDATE,Exoplanet Candidate
7733731,K04022.01,CANDIDATE,Exoplanet Candidate
6862332,K04023.01,FALSE POSITIVE,False Positive
10714072,K04024.01,CONFIRMED,Exoplanet Candidate
3110177,K07644.01,CANDIDATE,Exoplanet Candidate
10992011,K04025.01,FALSE POSITIVE,False Positive
8128247,K04094.01,FALSE POSITIVE,False Positive
6276994,K04095.01,FALSE POSITIVE,False Positive
9674564,K04096.01,FALSE POSITIVE,False Positive
5942808,K02250.02,CONFIRMED,Exoplanet Candidate
3232249,K07648.01,CANDIDATE,Exoplanet Candidate
5688683,K04097.01,CONFIRMED,Exoplanet Candidate
6607644,K04159.01,CONFIRMED,Exoplanet Candidate
7610663,K04160.01,CONFIRMED,Exoplanet Candidate
5565707,K04161.01,FALSE POSITIVE,False Positive
1293031,K04162.01,FALSE POSITIVE,False Positive
2859299,K07640.01,FALSE POSITIVE,False Positive
7449554,K02357.02,CANDIDATE,Exoplanet Candidate
4067110,K04026.01,FALSE POSITIVE,False Positive
8694309,K04027.01,FALSE POSITIVE,False Positive
8282651,K02193.02,CANDIDATE,Exoplanet Candidate
7818447,K04028.01,FALSE POSITIVE,False Positive
11569475,K04029.01,FALSE POSITIVE,False Positive
5688683,K04097.02,CANDIDATE,Exoplanet Candidate
8222627,K04098.01,CANDIDATE,False Positive
8951205,K04099.01,CONFIRMED,Exoplanet Candidate
5700900,K04100.01,FALSE POSITIVE,False Positive
7026477,K04101.01,FALSE POSITIVE,False Positive
9402583,K04168.01,FALSE POSITIVE,False Positive
7838675,K04169.01,CONFIRMED,Exoplanet Candidate
8700537,K04170.01,FALSE POSITIVE,False Positive
10858785,K04171.01,FALSE POSITIVE,False Positive
9640907,K04172.01,FALSE POSITIVE,False Positive
7515670,K02360.02,FALSE POSITIVE,False Positive
9551430,K04030.01,FALSE POSITIVE,False Positive
3228986,K04031.01,FALSE POSITIVE,False Positive
7100673,K04032.01,CONFIRMED,Exoplanet Candidate
7100673,K04032.02,CONFIRMED,Exoplanet Candidate
4138557,K04033.01,FALSE POSITIVE,False Positive
2708278,K04102.01,FALSE POSITIVE,False Positive
2984990,K07641.01,CANDIDATE,Exoplanet Candidate
3747817,K04103.01,CONFIRMED,Exoplanet Candidate
8483366,K04104.01,FALSE POSITIVE,False Positive
7758018,K04105.01,CANDIDATE,Exoplanet Candidate
9071593,K02257.02,CONFIRMED,Exoplanet Candidate
10089911,K04034.01,CONFIRMED,Exoplanet Candidate
3247404,K04035.01,FALSE POSITIVE,False Positive
11415243,K04036.01,CONFIRMED,Exoplanet Candidate
3548044,K02194.02,CONFIRMED,Exoplanet Candidate
8264402,K04037.01,CANDIDATE,Exoplanet Candidate
7773179,K04038.01,FALSE POSITIVE,False Positive
11017094,K04106.01,FALSE POSITIVE,False Positive
3129238,K07645.01,CANDIDATE,Exoplanet Candidate
5956633,K04107.01,FALSE POSITIVE,False Positive
9899065,K04108.01,FALSE POSITIVE,False Positive
7907808,K04109.01,CANDIDATE,Exoplanet Candidate
5471792,K04110.01,FALSE POSITIVE,False Positive
11145831,K04039.01,FALSE POSITIVE,False Positive
11444952,K04040.01,FALSE POSITIVE,False Positive
8647295,K04041.01,FALSE POSITIVE,False Positive
3444098,K04042.01,FALSE POSITIVE,False Positive
5112567,K04043.01,FALSE POSITIVE,False Positive
2708343,K04111.01,FALSE POSITIVE,False Positive
3235282,K07649.01,FALSE POSITIVE,False Positive
3348090,K04112.01,FALSE POSITIVE,False Positive
9282762,K04113.01,FALSE POSITIVE,False Positive
3117046,K04114.01,FALSE POSITIVE,False Positive
6311520,K04115.01,FALSE POSITIVE,False Positive
5201115,K04044.01,FALSE POSITIVE,False Positive
2708203,K04045.01,FALSE POSITIVE,False Positive
4150496,K04046.01,FALSE POSITIVE,False Positive
11401767,K02195.02,CONFIRMED,Exoplanet Candidate
9655005,K04047.01,FALSE POSITIVE,False Positive
11709124,K00435.06,CONFIRMED,Exoplanet Candidate
3851194,K07671.01,FALSE POSITIVE,False Positive
8613535,K02263.02,CONFIRMED,Exoplanet Candidate
5092655,K04116.01,FALSE POSITIVE,False Positive
3955817,K04117.01,CONFIRMED,Exoplanet Candidate
10661778,K04118.01,FALSE POSITIVE,False Positive
5513857,K04119.01,FALSE POSITIVE,False Positive
10272389,K04048.01,FALSE POSITIVE,False Positive
4679687,K04049.01,FALSE POSITIVE,False Positive
7968683,K04050.01,FALSE POSITIVE,False Positive
10360722,K04051.01,CONFIRMED,Exoplanet Candidate
9091755,K04052.01,FALSE POSITIVE,False Positive
3852476,K07672.01,FALSE POSITIVE,False Positive
9700449,K04120.01,CANDIDATE,Exoplanet Candidate
6349881,K04121.01,CONFIRMED,Exoplanet Candidate
9851970,K04122.01,FALSE POSITIVE,False Positive
6140059,K04123.01,CANDIDATE,Exoplanet Candidate
5726910,K04124.01,FALSE POSITIVE,False Positive
1718958,K04053.01,CONFIRMED,Exoplanet Candidate
6428794,K04054.01,CONFIRMED,Exoplanet Candidate
3228825,K04055.01,FALSE POSITIVE,False Positive
4673628,K04056.01,CONFIRMED,Exoplanet Candidate
11401767,K02195.03,CONFIRMED,Exoplanet Candidate
3852872,K07673.01,CANDIDATE,Exoplanet Candidate
9099950,K04125.01,FALSE POSITIVE,False Positive
9718066,K02287.02,CONFIRMED,Exoplanet Candidate
9272070,K04126.01,CONFIRMED,Exoplanet Candidate
5088400,K04127.01,CONFIRMED,Exoplanet Candidate
4669402,K04128.01,FALSE POSITIVE,False Positive
3757407,K04057.01,FALSE POSITIVE,False Positive
4769931,K04058.01,FALSE POSITIVE,False Positive
9220612,K04059.01,FALSE POSITIVE,False Positive
9086154,K04060.01,CANDIDATE,Exoplanet Candidate
6806695,K04061.01,FALSE POSITIVE,False Positive
3858943,K07674.01,FALSE POSITIVE,False Positive
11970988,K04129.01,CANDIDATE,Exoplanet Candidate
10858803,K04130.01,FALSE POSITIVE,False Positive
6129694,K04131.01,FALSE POSITIVE,False Positive
5957181,K04132.01,FALSE POSITIVE,False Positive
7601918,K04133.01,FALSE POSITIVE,False Positive
6119877,K04134.01,FALSE POSITIVE,False Positive
6792908,K04341.01,CANDIDATE,Exoplanet Candidate
7211879,K04342.01,FALSE POSITIVE,False Positive
8087812,K04343.01,CONFIRMED,Exoplanet Candidate
4863956,K04344.01,FALSE POSITIVE,False Positive
10534155,K04345.01,CANDIDATE,Exoplanet Candidate
10397751,K02859.04,CANDIDATE,Exoplanet Candidate
5308537,K04409.01,CONFIRMED,Exoplanet Candidate
6350882,K04410.01,CANDIDATE,Exoplanet Candidate
5281113,K04411.01,CONFIRMED,Exoplanet Candidate
7847104,K04412.01,FALSE POSITIVE,False Positive
3450040,K04205.01,CANDIDATE,Exoplanet Candidate
3347807,K07653.01,FALSE POSITIVE,False Positive
8487805,K04206.01,FALSE POSITIVE,False Positive
9456281,K04207.01,CANDIDATE,Exoplanet Candidate
5129453,K04208.01,CANDIDATE,Exoplanet Candidate
7918478,K04209.01,CANDIDATE,Exoplanet Candidate
3336845,K04275.01,FALSE POSITIVE,False Positive
3645282,K07661.01,FALSE POSITIVE,False Positive
6026924,K04276.01,CONFIRMED,Exoplanet Candidate
6525280,K04277.01,FALSE POSITIVE,False Positive
4861784,K04278.01,FALSE POSITIVE,False Positive
5876360,K04279.01,FALSE POSITIVE,False Positive
9509343,K04346.01,CANDIDATE,Exoplanet Candidate
3732972,K07664.01,FALSE POSITIVE,False Positive
3244792,K04347.01,CONFIRMED,Exoplanet Candidate
8743082,K04348.01,FALSE POSITIVE,False Positive
7673841,K02585.03,CANDIDATE,Exoplanet Candidate
9142742,K04349.01,FALSE POSITIVE,False Positive
6891513,K04413.01,FALSE POSITIVE,False Positive
4579598,K04414.01,FALSE POSITIVE,False Positive
7777522,K04415.01,FALSE POSITIVE,False Positive
9305012,K04416.01,FALSE POSITIVE,False Positive
9597729,K04417.01,FALSE POSITIVE,False Positive
11390109,K04210.01,FALSE POSITIVE,False Positive
5078025,K04211.01,FALSE POSITIVE,False Positive
1724719,K04212.01,CONFIRMED,Exoplanet Candidate
8120608,K00571.05,CONFIRMED,Exoplanet Candidate
11968463,K02433.04,CANDIDATE,Exoplanet Candidate
5026326,K04280.01,FALSE POSITIVE,False Positive
5471574,K02505.02,FALSE POSITIVE,False Positive
5512580,K04281.01,FALSE POSITIVE,False Positive
11670599,K04282.01,FALSE POSITIVE,False Positive
6359820,K04283.01,FALSE POSITIVE,False Positive
11872139,K04350.01,FALSE POSITIVE,False Positive
5436161,K04351.01,CANDIDATE,Exoplanet Candidate
2708221,K04352.01,FALSE POSITIVE,False Positive
4571844,K04353.01,CANDIDATE,Exoplanet Candidate
5040223,K04354.01,FALSE POSITIVE,False Positive
4571004,K04355.01,FALSE POSITIVE,False Positive
2859893,K04418.01,CANDIDATE,Exoplanet Candidate
6026737,K02949.02,CANDIDATE,Exoplanet Candidate
7582691,K04419.01,CANDIDATE,Exoplanet Candidate
7031942,K04420.01,FALSE POSITIVE,False Positive
9836563,K04421.01,CANDIDATE,Exoplanet Candidate
1724719,K04212.02,CANDIDATE,Exoplanet Candidate
5632701,K04213.01,FALSE POSITIVE,False Positive
10549924,K04214.01,FALSE POSITIVE,False Positive
9366617,K04215.01,CONFIRMED,Exoplanet Candidate
6187341,K04216.01,FALSE POSITIVE,False Positive
3353454,K07654.01,FALSE POSITIVE,False Positive
10156055,K04284.01,FALSE POSITIVE,False Positive
8418018,K04285.01,FALSE POSITIVE,False Positive
5024177,K04286.01,FALSE POSITIVE,False Positive
11081504,K04287.01,CANDIDATE,Exoplanet Candidate
4548011,K04288.01,CONFIRMED,Exoplanet Candidate
4571004,K04355.02,FALSE POSITIVE,False Positive
4571004,K04355.03,FALSE POSITIVE,False Positive
4571004,K04355.04,FALSE POSITIVE,Exoplanet Candidate
12016267,K02590.02,CANDIDATE,Exoplanet Candidate
4571004,K04355.05,FALSE POSITIVE,False Positive
8459663,K04356.01,CONFIRMED,Exoplanet Candidate
3550372,K04357.01,CANDIDATE,Exoplanet Candidate
10155321,K04422.01,FALSE POSITIVE,False Positive
3866536,K04423.01,FALSE POSITIVE,False Positive
7046035,K04424.01,CONFIRMED,Exoplanet Candidate
4679314,K04425.01,FALSE POSITIVE,False Positive
8240790,K04426.01,CANDIDATE,False Positive
5702637,K04217.01,FALSE POSITIVE,False Positive
8309169,K04218.01,FALSE POSITIVE,False Positive
4678919,K04219.01,FALSE POSITIVE,False Positive
5563080,K04220.01,FALSE POSITIVE,False Positive
6364067,K04221.01,FALSE POSITIVE,False Positive
4548011,K04288.02,CANDIDATE,Exoplanet Candidate
5983532,K04289.01,FALSE POSITIVE,False Positive
3439126,K07655.01,FALSE POSITIVE,False Positive
8463346,K02529.02,CONFIRMED,Exoplanet Candidate
5868793,K04290.01,CONFIRMED,Exoplanet Candidate
8483021,K04291.01,FALSE POSITIVE,False Positive
10063208,K04292.01,CONFIRMED,Exoplanet Candidate
7191646,K04358.01,CANDIDATE,Exoplanet Candidate
1575873,K04359.01,FALSE POSITIVE,False Positive
10669994,K04360.01,CONFIRMED,Exoplanet Candidate
7801070,K04361.01,CANDIDATE,Exoplanet Candidate
11449918,K04362.01,FALSE POSITIVE,False Positive
4172805,K04427.01,CANDIDATE,Exoplanet Candidate
5126182,K04428.01,CANDIDATE,Exoplanet Candidate
3750350,K07665.01,FALSE POSITIVE,False Positive
8949925,K02972.02,CANDIDATE,Exoplanet Candidate
4584865,K04429.01,FALSE POSITIVE,False Positive
9642018,K04430.01,CANDIDATE,Exoplanet Candidate
11968463,K02433.05,FALSE POSITIVE,False Positive
9183378,K04222.01,CONFIRMED,Exoplanet Candidate
11188254,K04223.01,FALSE POSITIVE,False Positive
1724513,K04224.01,FALSE POSITIVE,False Positive
9535876,K04225.01,FALSE POSITIVE,False Positive
5817533,K04293.01,FALSE POSITIVE,False Positive
7681230,K04294.01,FALSE POSITIVE,False Positive
7596240,K04295.01,CONFIRMED,Exoplanet Candidate
7661893,K04296.01,CANDIDATE,Exoplanet Candidate
3448456,K07656.01,FALSE POSITIVE,False Positive
12107008,K04297.01,FALSE POSITIVE,False Positive
9776794,K04363.01,CANDIDATE,Exoplanet Candidate
7427764,K04364.01,CONFIRMED,Exoplanet Candidate
7673192,K02722.05,CANDIDATE,Exoplanet Candidate
4754831,K04365.01,FALSE POSITIVE,False Positive
4754831,K04365.02,FALSE POSITIVE,False Positive
9899630,K04439.01,FALSE POSITIVE,False Positive
4367528,K04440.01,FALSE POSITIVE,False Positive
8416523,K04441.01,CONFIRMED,Exoplanet Candidate
11124436,K04442.01,CANDIDATE,Exoplanet Candidate
5780855,K04443.01,CANDIDATE,Exoplanet Candidate
3751231,K07666.01,FALSE POSITIVE,False Positive
9491832,K04226.01,CANDIDATE,Exoplanet Candidate
7816665,K04227.01,FALSE POSITIVE,False Positive
9535881,K04228.01,FALSE POSITIVE,False Positive
11616596,K04229.01,FALSE POSITIVE,False Positive
9872831,K04230.01,CONFIRMED,Exoplanet Candidate
2852941,K04298.01,CANDIDATE,Exoplanet Candidate
8508126,K04299.01,FALSE POSITIVE,False Positive
12306058,K02541.02,CONFIRMED,Exoplanet Candidate
8507475,K04300.01,CONFIRMED,Exoplanet Candidate
8773015,K04301.01,CONFIRMED,Exoplanet Candidate
4754831,K04365.03,FALSE POSITIVE,False Positive
10647452,K04366.01,CANDIDATE,Exoplanet Candidate
3531231,K07657.01,FALSE POSITIVE,False Positive
4773392,K04367.01,CANDIDATE,Exoplanet Candidate
5471489,K04368.01,FALSE POSITIVE,False Positive
5471489,K04368.02,FALSE POSITIVE,False Positive
9011874,K04369.01,FALSE POSITIVE,False Positive
9936080,K04431.01,CANDIDATE,Exoplanet Candidate
9936080,K04431.02,FALSE POSITIVE,False Positive
8611344,K04432.01,FALSE POSITIVE,Exoplanet Candidate
9518651,K04433.01,FALSE POSITIVE,False Positive
2305311,K04434.01,FALSE POSITIVE,False Positive
6383595,K04231.01,FALSE POSITIVE,False Positive
11080405,K02442.02,CONFIRMED,Exoplanet Candidate
11509504,K04232.01,CONFIRMED,Exoplanet Candidate
6599949,K04233.01,FALSE POSITIVE,False Positive
11611275,K04234.01,CONFIRMED,Exoplanet Candidate
6290935,K04302.01,CANDIDATE,Exoplanet Candidate
12734396,K04303.01,CANDIDATE,Exoplanet Candidate
11612280,K04304.01,CONFIRMED,Exoplanet Candidate
5536715,K04305.01,FALSE POSITIVE,False Positive
8149484,K04306.01,FALSE POSITIVE,False Positive
12407623,K04370.01,FALSE POSITIVE,False Positive
11444514,K04371.01,CONFIRMED,Exoplanet Candidate
9886361,K02732.02,CONFIRMED,Exoplanet Candidate
9702006,K04372.01,CONFIRMED,Exoplanet Candidate
6778008,K04373.01,FALSE POSITIVE,False Positive
8278685,K04435.01,CANDIDATE,Exoplanet Candidate
8308260,K04436.01,FALSE POSITIVE,False Positive
8492101,K04437.01,FALSE POSITIVE,False Positive
6103377,K03004.02,CANDIDATE,Exoplanet Candidate
3660581,K07662.01,CANDIDATE,Exoplanet Candidate
6343576,K04438.01,FALSE POSITIVE,False Positive
10794974,K04235.01,CANDIDATE,Exoplanet Candidate
2449101,K04236.01,FALSE POSITIVE,False Positive
7259249,K04237.01,FALSE POSITIVE,False Positive
8678691,K04238.01,FALSE POSITIVE,False Positive
9640924,K04239.01,FALSE POSITIVE,False Positive
3558849,K04307.01,CANDIDATE,Exoplanet Candidate
11151677,K04308.01,FALSE POSITIVE,False Positive
11037128,K04309.01,FALSE POSITIVE,False Positive
6587002,K00612.03,CONFIRMED,Exoplanet Candidate
5175024,K02563.02,CANDIDATE,Exoplanet Candidate
10991114,K04374.01,CANDIDATE,Exoplanet Candidate
11969092,K04375.01,FALSE POSITIVE,False Positive
2570773,K04376.01,FALSE POSITIVE,False Positive
4945764,K04377.01,CANDIDATE,Exoplanet Candidate
6356885,K04378.01,FALSE POSITIVE,False Positive
3542542,K07658.01,FALSE POSITIVE,False Positive
11718389,K04444.01,CONFIRMED,Exoplanet Candidate
11124703,K04445.01,FALSE POSITIVE,False Positive
10329196,K04446.01,CONFIRMED,Exoplanet Candidate
10604592,K04447.01,CONFIRMED,Exoplanet Candidate
9834731,K03043.02,CANDIDATE,Exoplanet Candidate
9593773,K04240.01,FALSE POSITIVE,False Positive
9285568,K04241.01,CONFIRMED,Exoplanet Candidate
7604328,K02458.02,CONFIRMED,Exoplanet Candidate
9514372,K04242.01,CANDIDATE,Exoplanet Candidate
9777757,K04243.01,FALSE POSITIVE,False Positive
7103919,K04310.01,CONFIRMED,Exoplanet Candidate
3762750,K07668.01,CANDIDATE,Exoplanet Candidate
8645191,K04311.01,FALSE POSITIVE,False Positive
10722485,K04312.01,CONFIRMED,Exoplanet Candidate
9717958,K04313.01,FALSE POSITIVE,Exoplanet Candidate
8128067,K04314.01,FALSE POSITIVE,False Positive
7703910,K04379.01,FALSE POSITIVE,Exoplanet Candidate
7777818,K04380.01,FALSE POSITIVE,False Positive
9851360,K04381.01,FALSE POSITIVE,False Positive
9886361,K02732.04,CANDIDATE,Exoplanet Candidate
6937529,K04382.01,CONFIRMED,Exoplanet Candidate
9490653,K04173.01,FALSE POSITIVE,False Positive
3328027,K04174.01,FALSE POSITIVE,False Positive
3644631,K07659.01,FALSE POSITIVE,False Positive
9640931,K04175.01,FALSE POSITIVE,False Positive
5125196,K04176.01,FALSE POSITIVE,False Positive
9640962,K04177.01,FALSE POSITIVE,False Positive
5097454,K04244.01,FALSE POSITIVE,False Positive
12737015,K04245.01,CANDIDATE,Exoplanet Candidate
3663141,K07663.01,FALSE POSITIVE,False Positive
5177859,K04246.01,CONFIRMED,Exoplanet Candidate
8482059,K04247.01,CANDIDATE,Exoplanet Candidate
4568117,K04248.01,FALSE POSITIVE,False Positive
10342248,K04315.01,FALSE POSITIVE,False Positive
9777290,K04316.01,FALSE POSITIVE,False Positive
8548427,K04317.01,FALSE POSITIVE,False Positive
9286088,K04318.01,CANDIDATE,Exoplanet Candidate
6289344,K04319.01,FALSE POSITIVE,False Positive
6937529,K04382.02,CANDIDATE,Exoplanet Candidate
9883606,K04383.01,CONFIRMED,Exoplanet Candidate
5860968,K04384.01,CONFIRMED,Exoplanet Candidate
3645438,K04385.01,CONFIRMED,Exoplanet Candidate
8480582,K04386.01,CONFIRMED,Exoplanet Candidate
5197233,K04178.01,CANDIDATE,Exoplanet Candidate
10936786,K04179.01,FALSE POSITIVE,False Positive
7119481,K00566.03,CANDIDATE,Exoplanet Candidate
6938264,K04180.01,FALSE POSITIVE,Exoplanet Candidate
9899315,K04181.01,FALSE POSITIVE,False Positive
9541089,K04182.01,FALSE POSITIVE,False Positive
3650049,K04249.01,FALSE POSITIVE,False Positive
9641076,K04250.01,FALSE POSITIVE,False Positive
8741470,K04251.01,CANDIDATE,Exoplanet Candidate
11125613,K02485.02,CONFIRMED,Exoplanet Candidate
10525049,K04252.01,CONFIRMED,Exoplanet Candidate
9896018,K02579.02,CONFIRMED,Exoplanet Candidate
5095082,K04320.01,CONFIRMED,Exoplanet Candidate
12418891,K04321.01,FALSE POSITIVE,False Positive
3839294,K07669.01,FALSE POSITIVE,False Positive
7698701,K04322.01,FALSE POSITIVE,False Positive
7698701,K04322.02,FALSE POSITIVE,False Positive
2830919,K04387.01,FALSE POSITIVE,False Positive
9588822,K04388.01,FALSE POSITIVE,False Positive
2997459,K04389.01,CANDIDATE,Exoplanet Candidate
8330207,K04390.01,CANDIDATE,False Positive
5881813,K02744.02,CANDIDATE,Exoplanet Candidate
11560897,K02365.02,CONFIRMED,Exoplanet Candidate
10858737,K04183.01,FALSE POSITIVE,False Positive
6752002,K04184.01,CONFIRMED,Exoplanet Candidate
7257966,K04185.01,CONFIRMED,Exoplanet Candidate
3644738,K07660.01,FALSE POSITIVE,False Positive
9406892,K04186.01,FALSE POSITIVE,False Positive
9202434,K04253.01,CANDIDATE,Exoplanet Candidate
8487645,K04254.01,FALSE POSITIVE,False Positive
10407482,K04255.01,CONFIRMED,Exoplanet Candidate
5817613,K04256.01,FALSE POSITIVE,False Positive
7901016,K04257.01,CANDIDATE,Exoplanet Candidate
5385410,K04323.01,CANDIDATE,Exoplanet Candidate
9910942,K04324.01,FALSE POSITIVE,False Positive
7749002,K04325.01,CANDIDATE,Exoplanet Candidate
10924340,K04326.01,FALSE POSITIVE,False Positive
5371777,K04327.01,CONFIRMED,Exoplanet Candidate
3848083,K07670.01,CANDIDATE,Exoplanet Candidate
6359926,K04391.01,CANDIDATE,Exoplanet Candidate
6629993,K04392.01,FALSE POSITIVE,False Positive
8324518,K04393.01,CANDIDATE,Exoplanet Candidate
10427700,K04394.01,FALSE POSITIVE,False Positive
3103473,K04395.01,CANDIDATE,Exoplanet Candidate
11296045,K04396.01,FALSE POSITIVE,False Positive
3124598,K04187.01,FALSE POSITIVE,False Positive
6879171,K04188.01,CONFIRMED,Exoplanet Candidate
9897364,K04189.01,CONFIRMED,Exoplanet Candidate
12505503,K04190.01,CONFIRMED,Exoplanet Candidate
3548639,K04191.01,FALSE POSITIVE,False Positive
4390912,K07695.01,FALSE POSITIVE,False Positive
7115925,K04258.01,FALSE POSITIVE,False Positive
5785279,K04259.01,CANDIDATE,Exoplanet Candidate
7429287,K04260.01,FALSE POSITIVE,False Positive
10526887,K04261.01,CONFIRMED,Exoplanet Candidate
11125613,K02485.03,CONFIRMED,Exoplanet Candidate
3545583,K04328.01,FALSE POSITIVE,False Positive
9896018,K02579.03,CANDIDATE,Exoplanet Candidate
12456063,K04329.01,CANDIDATE,Exoplanet Candidate
8374741,K04330.01,FALSE POSITIVE,False Positive
5096053,K04331.01,CANDIDATE,Exoplanet Candidate
11296045,K04396.02,FALSE POSITIVE,False Positive
11296045,K04396.03,FALSE POSITIVE,False Positive
3247503,K04397.01,FALSE POSITIVE,False Positive
5802637,K04398.01,CANDIDATE,Exoplanet Candidate
5531694,K00647.02,CANDIDATE,Exoplanet Candidate
8733898,K02842.03,CONFIRMED,Exoplanet Candidate
9828127,K04192.01,CONFIRMED,Exoplanet Candidate
7107802,K02420.02,CANDIDATE,Exoplanet Candidate
4281068,K07689.01,FALSE POSITIVE,False Positive
9092496,K04193.01,FALSE POSITIVE,False Positive
5644412,K04194.01,CONFIRMED,Exoplanet Candidate
9959545,K04195.01,FALSE POSITIVE,False Positive
9641144,K04262.01,FALSE POSITIVE,False Positive
8572168,K04263.01,FALSE POSITIVE,False Positive
4472143,K07696.01,FALSE POSITIVE,False Positive
12509829,K04264.01,CANDIDATE,Exoplanet Candidate
7368137,K04265.01,FALSE POSITIVE,False Positive
9027841,K04266.01,FALSE POSITIVE,False Positive
8953414,K04332.01,FALSE POSITIVE,False Positive
2576962,K04333.01,CANDIDATE,Exoplanet Candidate
10140274,K04334.01,CANDIDATE,Exoplanet Candidate
10730070,K04335.01,CONFIRMED,Exoplanet Candidate
4458109,K04336.01,FALSE POSITIVE,False Positive
8345384,K04399.01,CANDIDATE,Exoplanet Candidate
2831055,K04400.01,CONFIRMED,Exoplanet Candidate
11044826,K04401.01,FALSE POSITIVE,False Positive
6681687,K04402.01,FALSE POSITIVE,False Positive
7703882,K04403.01,CONFIRMED,Exoplanet Candidate
8179190,K04196.01,FALSE POSITIVE,False Positive
9777724,K04197.01,FALSE POSITIVE,False Positive
9072639,K04198.01,CANDIDATE,False Positive
5340878,K04199.01,CONFIRMED,Exoplanet Candidate
10273903,K04200.01,FALSE POSITIVE,False Positive
7450747,K04267.01,CONFIRMED,Exoplanet Candidate
7826620,K04268.01,CONFIRMED,Exoplanet Candidate
8890924,K04269.01,CONFIRMED,Exoplanet Candidate
8890924,K04269.02,CANDIDATE,Exoplanet Candidate
8483241,K04270.01,FALSE POSITIVE,False Positive
8573193,K04337.01,CONFIRMED,Exoplanet Candidate
9240664,K04338.01,FALSE POSITIVE,False Positive
7673841,K02585.02,CONFIRMED,Exoplanet Candidate
7281411,K04339.01,FALSE POSITIVE,False Positive
6528141,K04340.01,FALSE POSITIVE,False Positive
8106112,K04404.01,FALSE POSITIVE,False Positive
4054784,K07679.01,CANDIDATE,Exoplanet Candidate
10745365,K04405.01,CANDIDATE,Exoplanet Candidate
5563937,K04406.01,FALSE POSITIVE,False Positive
8396660,K04407.01,CANDIDATE,Exoplanet Candidate
10736179,K04408.01,FALSE POSITIVE,False Positive
6119921,K04201.01,FALSE POSITIVE,False Positive
5084171,K04202.01,CONFIRMED,Exoplanet Candidate
4141587,K07684.01,FALSE POSITIVE,False Positive
11968463,K02433.03,CONFIRMED,Exoplanet Candidate
3834317,K04203.01,FALSE POSITIVE,False Positive
10593535,K04204.01,CONFIRMED,Exoplanet Candidate
5959719,K02498.02,CONFIRMED,Exoplanet Candidate
5992210,K04271.01,FALSE POSITIVE,False Positive
4284980,K07690.01,FALSE POSITIVE,False Positive
9302543,K04272.01,FALSE POSITIVE,False Positive
9716028,K04273.01,CANDIDATE,Exoplanet Candidate
6223324,K04274.01,CANDIDATE,False Positive
9701962,K04617.01,CONFIRMED,Exoplanet Candidate
6685646,K04618.01,FALSE POSITIVE,False Positive
4574319,K07697.01,FALSE POSITIVE,False Positive
7741837,K04619.01,FALSE POSITIVE,False Positive
11137065,K04620.01,FALSE POSITIVE,False Positive
11093335,K04621.01,FALSE POSITIVE,False Positive
9394768,K04690.01,FALSE POSITIVE,False Positive
9773980,K04691.01,CANDIDATE,Exoplanet Candidate
10972902,K04692.01,FALSE POSITIVE,False Positive
3832474,K00806.04,FALSE POSITIVE,False Positive
12004971,K03194.01,FALSE POSITIVE,False Positive
3644602,K04479.01,FALSE POSITIVE,False Positive
10467714,K04480.01,CANDIDATE,Exoplanet Candidate
11912941,K04481.01,FALSE POSITIVE,False Positive
4141593,K07685.01,CANDIDATE,Exoplanet Candidate
7778427,K04482.01,CANDIDATE,Exoplanet Candidate
6525106,K04483.01,FALSE POSITIVE,False Positive
6523058,K04549.01,CANDIDATE,Exoplanet Candidate
5977470,K04550.01,CONFIRMED,Exoplanet Candidate
11769689,K04551.01,CANDIDATE,Exoplanet Candidate
4355503,K07691.01,FALSE POSITIVE,False Positive
6119923,K04552.01,FALSE POSITIVE,False Positive
6126076,K04553.01,FALSE POSITIVE,False Positive
11284772,K04622.01,CONFIRMED,Exoplanet Candidate
9209183,K04623.01,FALSE POSITIVE,False Positive
6153407,K03179.01,CONFIRMED,Exoplanet Candidate
5955621,K04624.01,FALSE POSITIVE,False Positive
11519187,K04625.01,CONFIRMED,Exoplanet Candidate
8417078,K04693.01,CONFIRMED,Exoplanet Candidate
9457948,K04694.01,CANDIDATE,Exoplanet Candidate
4852297,K04695.01,FALSE POSITIVE,False Positive
9851845,K04696.01,FALSE POSITIVE,False Positive
9474483,K04697.01,FALSE POSITIVE,False Positive
4072271,K07680.01,CANDIDATE,Exoplanet Candidate
9898017,K04484.01,CONFIRMED,False Positive
8613218,K04485.01,FALSE POSITIVE,False Positive
8548069,K04486.01,FALSE POSITIVE,False Positive
6278762,K03158.02,CONFIRMED,Exoplanet Candidate
8098212,K04487.01,CANDIDATE,Exoplanet Candidate
3127911,K03164.01,FALSE POSITIVE,False Positive
6369131,K04554.01,CANDIDATE,Exoplanet Candidate
7820699,K04555.01,CANDIDATE,Exoplanet Candidate
10399321,K04556.01,FALSE POSITIVE,False Positive
10257229,K04557.01,CANDIDATE,Exoplanet Candidate
3539231,K04626.01,CANDIDATE,Exoplanet Candidate
6311891,K04627.01,CANDIDATE,Exoplanet Candidate
7837733,K04628.01,FALSE POSITIVE,Exoplanet Candidate
2578017,K04629.01,FALSE POSITIVE,False Positive
7834045,K04630.01,CANDIDATE,Exoplanet Candidate
10663738,K04698.01,CANDIDATE,Exoplanet Candidate
7891294,K04699.01,CANDIDATE,Exoplanet Candidate
9413156,K04700.01,CANDIDATE,Exoplanet Candidate
8625732,K04701.01,FALSE POSITIVE,False Positive
2831251,K04702.01,FALSE POSITIVE,False Positive
6721380,K04488.01,FALSE POSITIVE,Exoplanet Candidate
7694615,K04489.01,FALSE POSITIVE,False Positive
6201203,K04490.01,FALSE POSITIVE,False Positive
4556468,K04491.01,CONFIRMED,Exoplanet Candidate
9222516,K04492.01,FALSE POSITIVE,False Positive
5431027,K04558.01,CANDIDATE,Exoplanet Candidate
7285673,K04559.01,FALSE POSITIVE,False Positive
5282437,K04560.01,FALSE POSITIVE,False Positive
7747457,K04561.01,CONFIRMED,Exoplanet Candidate
8652360,K04562.01,FALSE POSITIVE,False Positive
9602421,K04631.01,FALSE POSITIVE,False Positive
6070337,K04632.01,CANDIDATE,Exoplanet Candidate
5954001,K04633.01,CANDIDATE,Exoplanet Candidate
4373195,K07692.01,FALSE POSITIVE,False Positive
5090937,K03182.01,FALSE POSITIVE,False Positive
8196226,K04634.01,CANDIDATE,Exoplanet Candidate
9002538,K03196.01,CANDIDATE,Exoplanet Candidate
6359175,K04703.01,FALSE POSITIVE,False Positive
8104207,K04704.01,FALSE POSITIVE,False Positive
5642688,K04705.01,CANDIDATE,False Positive
10026502,K04706.01,CONFIRMED,Exoplanet Candidate
3953173,K04493.01,FALSE POSITIVE,False Positive
8037926,K04494.01,FALSE POSITIVE,False Positive
5552562,K04495.01,CANDIDATE,Exoplanet Candidate
6186182,K04496.01,CANDIDATE,Exoplanet Candidate
4073017,K07681.01,CANDIDATE,Exoplanet Candidate
9002278,K00701.05,CONFIRMED,Exoplanet Candidate
10585749,K04563.01,CANDIDATE,Exoplanet Candidate
9579208,K03165.01,CANDIDATE,Exoplanet Candidate
6437617,K04564.01,FALSE POSITIVE,False Positive
8453851,K04565.01,FALSE POSITIVE,False Positive
11650401,K04566.01,CONFIRMED,Exoplanet Candidate
9873759,K04635.01,FALSE POSITIVE,False Positive
9773270,K04636.01,CANDIDATE,Exoplanet Candidate
9457728,K04637.01,CANDIDATE,Exoplanet Candidate
9516728,K04638.01,FALSE POSITIVE,False Positive
4825872,K04639.01,FALSE POSITIVE,False Positive
4680772,K04707.01,FALSE POSITIVE,False Positive
8110733,K04708.01,FALSE POSITIVE,False Positive
2303903,K04709.01,CANDIDATE,Exoplanet Candidate
9278216,K04710.01,CANDIDATE,Exoplanet Candidate
8355131,K04711.01,CANDIDATE,Exoplanet Candidate
6278762,K03158.03,CONFIRMED,Exoplanet Candidate
12645057,K04497.01,CANDIDATE,Exoplanet Candidate
4844367,K04498.01,CANDIDATE,Exoplanet Candidate
10937749,K04499.01,CANDIDATE,Exoplanet Candidate
9100953,K04500.01,CONFIRMED,Exoplanet Candidate
8332521,K04567.01,CANDIDATE,Exoplanet Candidate
10407086,K04568.01,FALSE POSITIVE,False Positive
4073089,K07682.01,FALSE POSITIVE,False Positive
6065351,K04569.01,FALSE POSITIVE,False Positive
4060229,K04570.01,CANDIDATE,Exoplanet Candidate
6761777,K04571.01,CONFIRMED,Exoplanet Candidate
4825872,K04639.02,FALSE POSITIVE,False Positive
9412623,K04640.01,CONFIRMED,Exoplanet Candidate
3644505,K04641.01,FALSE POSITIVE,False Positive
4664743,K04642.01,FALSE POSITIVE,False Positive
4735826,K03184.01,CONFIRMED,Exoplanet Candidate
6593734,K04722.01,FALSE POSITIVE,False Positive
8443527,K03197.01,CANDIDATE,Exoplanet Candidate
9711297,K04723.01,FALSE POSITIVE,False Positive
8395860,K04724.01,FALSE POSITIVE,False Positive
7778621,K04725.01,CONFIRMED,Exoplanet Candidate
5956354,K04726.01,FALSE POSITIVE,False Positive
9100953,K04500.02,CONFIRMED,Exoplanet Candidate
8109107,K04501.01,FALSE POSITIVE,False Positive
6200529,K04502.01,FALSE POSITIVE,False Positive
10907132,K04503.01,CANDIDATE,Exoplanet Candidate
6520753,K04504.01,CANDIDATE,Exoplanet Candidate
6929285,K04572.01,FALSE POSITIVE,False Positive
4848321,K04573.01,FALSE POSITIVE,False Positive
12255382,K03167.01,FALSE POSITIVE,False Positive
6522745,K04574.01,FALSE POSITIVE,False Positive
9893468,K04575.01,CANDIDATE,Exoplanet Candidate
11655826,K04643.01,CANDIDATE,Exoplanet Candidate
1721157,K04644.01,CANDIDATE,Exoplanet Candidate
11076276,K04645.01,FALSE POSITIVE,False Positive
12012439,K04646.01,FALSE POSITIVE,False Positive
9947653,K04647.01,CANDIDATE,Exoplanet Candidate
4374610,K04712.01,FALSE POSITIVE,False Positive
9002538,K03196.02,CANDIDATE,Exoplanet Candidate
5253802,K04713.01,CANDIDATE,Exoplanet Candidate
12554634,K04714.01,CANDIDATE,Exoplanet Candidate
6264750,K04715.01,CANDIDATE,Exoplanet Candidate
11290515,K04716.01,CANDIDATE,Exoplanet Candidate
6520753,K04504.02,CANDIDATE,Exoplanet Candidate
6278762,K03158.04,CONFIRMED,Exoplanet Candidate
8493354,K04505.01,CANDIDATE,Exoplanet Candidate
4545570,K04506.01,CONFIRMED,Exoplanet Candidate
7598111,K04507.01,FALSE POSITIVE,False Positive
5457326,K04508.01,CANDIDATE,Exoplanet Candidate
8240746,K04576.01,FALSE POSITIVE,False Positive
10610039,K04577.01,CANDIDATE,Exoplanet Candidate
9652655,K04578.01,FALSE POSITIVE,False Positive
10140843,K04579.01,FALSE POSITIVE,False Positive
8628761,K04580.01,CANDIDATE,Exoplanet Candidate
10473272,K04648.01,FALSE POSITIVE,False Positive
4750669,K04649.01,CANDIDATE,Exoplanet Candidate
9824928,K04650.01,FALSE POSITIVE,False Positive
6717252,K04651.01,CANDIDATE,Exoplanet Candidate
5817685,K04652.01,FALSE POSITIVE,False Positive
4902202,K04717.01,CANDIDATE,Exoplanet Candidate
7282042,K04718.01,FALSE POSITIVE,False Positive
7523542,K04719.01,FALSE POSITIVE,False Positive
3109937,K04720.01,FALSE POSITIVE,False Positive
9386171,K04721.01,FALSE POSITIVE,False Positive
11350118,K04509.01,CANDIDATE,Exoplanet Candidate
11671579,K04510.01,CONFIRMED,Exoplanet Candidate
11553598,K04511.01,FALSE POSITIVE,False Positive
12069414,K04512.01,FALSE POSITIVE,False Positive
9216775,K04513.01,CONFIRMED,Exoplanet Candidate
2572029,K04581.01,CANDIDATE,Exoplanet Candidate
7905106,K04582.01,CANDIDATE,Exoplanet Candidate
9007151,K04583.01,CANDIDATE,Exoplanet Candidate
4450844,K03168.01,CANDIDATE,Exoplanet Candidate
8443265,K04584.01,FALSE POSITIVE,False Positive
3240406,K03185.01,FALSE POSITIVE,False Positive
11181260,K04653.01,CANDIDATE,Exoplanet Candidate
5090803,K04654.01,FALSE POSITIVE,False Positive
2558163,K04655.01,CANDIDATE,Exoplanet Candidate
8107611,K04656.01,CANDIDATE,Exoplanet Candidate
8377197,K04727.01,FALSE POSITIVE,False Positive
6137779,K04728.01,FALSE POSITIVE,False Positive
11913072,K04729.01,FALSE POSITIVE,Exoplanet Candidate
8752940,K04730.01,CANDIDATE,Exoplanet Candidate
9083470,K04731.01,FALSE POSITIVE,False Positive
5783732,K04514.01,FALSE POSITIVE,False Positive
6278762,K03158.05,CONFIRMED,Exoplanet Candidate
7900100,K04515.01,FALSE POSITIVE,False Positive
9849884,K04516.01,FALSE POSITIVE,False Positive
11243547,K04517.01,FALSE POSITIVE,False Positive
4384909,K07693.01,CANDIDATE,Exoplanet Candidate
9009036,K04585.01,CONFIRMED,Exoplanet Candidate
11506654,K04586.01,CANDIDATE,Exoplanet Candidate
5687700,K04587.01,CANDIDATE,Exoplanet Candidate
8806985,K04588.01,CANDIDATE,Exoplanet Candidate
10491525,K04589.01,FALSE POSITIVE,False Positive
3859042,K07675.01,FALSE POSITIVE,False Positive
6527078,K04657.01,CANDIDATE,Exoplanet Candidate
4946049,K04658.01,FALSE POSITIVE,False Positive
2857607,K04659.01,CONFIRMED,Exoplanet Candidate
5559651,K04660.01,FALSE POSITIVE,False Positive
5962262,K04661.01,CONFIRMED,Exoplanet Candidate
5437348,K04448.01,FALSE POSITIVE,False Positive
8429668,K04449.01,FALSE POSITIVE,False Positive
7429240,K04450.01,CONFIRMED,Exoplanet Candidate
10120548,K04451.01,CANDIDATE,Exoplanet Candidate
4474462,K04452.01,CANDIDATE,Exoplanet Candidate
7032001,K04518.01,FALSE POSITIVE,False Positive
4141593,K07685.02,CANDIDATE,Exoplanet Candidate
10003058,K04519.01,CANDIDATE,Exoplanet Candidate
9031703,K04520.01,CANDIDATE,Exoplanet Candidate
6199864,K04521.01,FALSE POSITIVE,False Positive
9577855,K04522.01,FALSE POSITIVE,False Positive
12204137,K04590.01,CANDIDATE,Exoplanet Candidate
4386607,K07694.01,FALSE POSITIVE,False Positive
5389956,K04591.01,CANDIDATE,Exoplanet Candidate
12108364,K04592.01,FALSE POSITIVE,False Positive
8295671,K04593.01,FALSE POSITIVE,False Positive
10662202,K00750.02,CANDIDATE,Exoplanet Candidate
10407210,K04662.01,FALSE POSITIVE,False Positive
7457278,K03188.01,FALSE POSITIVE,False Positive
3934657,K07676.01,CANDIDATE,Exoplanet Candidate
7515336,K04663.01,CANDIDATE,Exoplanet Candidate
8984755,K04664.01,FALSE POSITIVE,False Positive
7366895,K04665.01,FALSE POSITIVE,False Positive
10729472,K04453.01,FALSE POSITIVE,False Positive
6200612,K04454.01,FALSE POSITIVE,False Positive
9777200,K04455.01,FALSE POSITIVE,False Positive
3557560,K04456.01,CANDIDATE,Exoplanet Candidate
12109267,K04457.01,CANDIDATE,Exoplanet Candidate
8700895,K04523.01,CANDIDATE,Exoplanet Candidate
5003670,K04524.01,CONFIRMED,Exoplanet Candidate
5200084,K03159.01,FALSE POSITIVE,False Positive
4144873,K07686.01,FALSE POSITIVE,False Positive
5003670,K04524.02,CANDIDATE,Exoplanet Candidate
9171886,K04525.01,FALSE POSITIVE,False Positive
3337061,K03172.02,FALSE POSITIVE,False Positive
5696918,K04594.01,FALSE POSITIVE,False Positive
12265786,K04595.01,CANDIDATE,Exoplanet Candidate
8487838,K04596.01,FALSE POSITIVE,False Positive
10873178,K04597.01,CANDIDATE,Exoplanet Candidate
11337012,K04666.01,CANDIDATE,Exoplanet Candidate
8359569,K04667.01,CANDIDATE,Exoplanet Candidate
8937762,K04668.01,FALSE POSITIVE,False Positive
2720828,K04669.01,FALSE POSITIVE,False Positive
9837828,K04670.01,CANDIDATE,False Positive
4857058,K03061.02,CANDIDATE,Exoplanet Candidate
8652577,K04458.01,FALSE POSITIVE,False Positive
8804937,K04459.01,FALSE POSITIVE,False Positive
9947389,K04460.01,CANDIDATE,False Positive
11912987,K04461.01,FALSE POSITIVE,False Positive
3765917,K04526.01,CANDIDATE,Exoplanet Candidate
4136659,K07683.01,FALSE POSITIVE,False Positive
3438976,K04527.01,FALSE POSITIVE,False Positive
7833305,K04528.01,CANDIDATE,Exoplanet Candidate
6610064,K04529.01,FALSE POSITIVE,False Positive
12647577,K04530.01,CANDIDATE,Exoplanet Candidate
5476671,K04598.01,FALSE POSITIVE,False Positive
7335972,K04599.01,FALSE POSITIVE,False Positive
4252671,K07687.01,CANDIDATE,Exoplanet Candidate
2694632,K04600.01,FALSE POSITIVE,False Positive
11153476,K04601.01,CANDIDATE,Exoplanet Candidate
6144039,K04602.01,CANDIDATE,Exoplanet Candidate
5428471,K04671.01,FALSE POSITIVE,False Positive
7283710,K04672.01,FALSE POSITIVE,False Positive
5985713,K03190.01,CANDIDATE,Exoplanet Candidate
10794509,K04673.01,FALSE POSITIVE,False Positive
6839010,K04674.01,CANDIDATE,Exoplanet Candidate
9775385,K04462.01,CANDIDATE,Exoplanet Candidate
6197344,K04463.01,CANDIDATE,Exoplanet Candidate
11357664,K04464.01,CANDIDATE,Exoplanet Candidate
2576224,K04465.01,FALSE POSITIVE,False Positive
3967501,K07677.01,FALSE POSITIVE,False Positive
7272132,K04466.01,CANDIDATE,Exoplanet Candidate
6437226,K04531.01,FALSE POSITIVE,False Positive
2710623,K04532.01,FALSE POSITIVE,False Positive
3330684,K04533.01,FALSE POSITIVE,False Positive
2696703,K03161.01,FALSE POSITIVE,False Positive
7699298,K04534.01,FALSE POSITIVE,False Positive
8430053,K04603.01,CANDIDATE,Exoplanet Candidate
7115661,K03174.01,FALSE POSITIVE,False Positive
2853889,K04604.01,FALSE POSITIVE,False Positive
12458605,K04605.01,CANDIDATE,Exoplanet Candidate
4845862,K04606.01,FALSE POSITIVE,False Positive
10130057,K04675.01,FALSE POSITIVE,False Positive
4953173,K04676.01,CANDIDATE,Exoplanet Candidate
9838608,K04677.01,FALSE POSITIVE,False Positive
4247811,K04678.01,FALSE POSITIVE,False Positive
6543645,K04679.01,FALSE POSITIVE,False Positive
5352640,K04467.01,CANDIDATE,Exoplanet Candidate
8738244,K03157.01,FALSE POSITIVE,False Positive
4157052,K04468.01,FALSE POSITIVE,False Positive
10006641,K04469.01,FALSE POSITIVE,False Positive
10815916,K04470.01,FALSE POSITIVE,False Positive
3547760,K04535.01,FALSE POSITIVE,Exoplanet Candidate
7281484,K04536.01,FALSE POSITIVE,False Positive
4848115,K04537.01,FALSE POSITIVE,False Positive
4048898,K07678.01,CANDIDATE,Exoplanet Candidate
5991765,K04538.01,FALSE POSITIVE,False Positive
3962872,K04539.01,FALSE POSITIVE,False Positive
11912911,K04607.01,FALSE POSITIVE,False Positive
7045435,K04608.01,FALSE POSITIVE,False Positive
2972800,K04609.01,FALSE POSITIVE,False Positive
8573168,K04610.01,FALSE POSITIVE,False Positive
10801249,K04611.01,FALSE POSITIVE,False Positive
4587135,K04680.01,CANDIDATE,Exoplanet Candidate
3857860,K04681.01,FALSE POSITIVE,False Positive
5024252,K04682.01,FALSE POSITIVE,False Positive
7430876,K03193.01,FALSE POSITIVE,False Positive
4843592,K04683.01,FALSE POSITIVE,False Positive
9602775,K04684.01,FALSE POSITIVE,False Positive
8955709,K04471.01,FALSE POSITIVE,False Positive
7031430,K04472.01,FALSE POSITIVE,False Positive
7133294,K04473.01,CONFIRMED,Exoplanet Candidate
4381429,K04474.01,CONFIRMED,Exoplanet Candidate
11912916,K04475.01,FALSE POSITIVE,False Positive
12108293,K04540.01,FALSE POSITIVE,False Positive
5301093,K07724.01,FALSE POSITIVE,False Positive
5511659,K04541.01,CANDIDATE,Exoplanet Candidate
9640946,K04542.01,FALSE POSITIVE,False Positive
9776186,K04543.01,FALSE POSITIVE,False Positive
9752973,K03162.01,FALSE POSITIVE,False Positive
8044600,K04612.01,FALSE POSITIVE,False Positive
10220837,K04613.01,CONFIRMED,Exoplanet Candidate
10991239,K03178.01,FALSE POSITIVE,False Positive
7583650,K04614.01,CANDIDATE,Exoplanet Candidate
9345819,K04615.01,FALSE POSITIVE,False Positive
9180566,K04616.01,FALSE POSITIVE,False Positive
3867794,K04685.01,CANDIDATE,Exoplanet Candidate
5819801,K04686.01,CANDIDATE,Exoplanet Candidate
11092040,K04687.01,FALSE POSITIVE,False Positive
4851145,K04688.01,FALSE POSITIVE,False Positive
10292540,K04689.01,FALSE POSITIVE,False Positive
3732894,K04476.01,FALSE POSITIVE,False Positive
6276791,K04477.01,CANDIDATE,Exoplanet Candidate
6278762,K03158.01,CONFIRMED,Exoplanet Candidate
6276791,K04477.02,CONFIRMED,Exoplanet Candidate
8636600,K04478.01,CONFIRMED,Exoplanet Candidate
10220950,K04544.01,FALSE POSITIVE,False Positive
10140122,K04545.01,CANDIDATE,Exoplanet Candidate
5033823,K04546.01,CANDIDATE,Exoplanet Candidate
10342316,K04547.01,FALSE POSITIVE,False Positive
5305399,K07725.01,FALSE POSITIVE,False Positive
3223433,K04548.01,CANDIDATE,Exoplanet Candidate
8803757,K04904.01,CANDIDATE,Exoplanet Candidate
12021811,K04905.01,FALSE POSITIVE,False Positive
9479306,K04906.01,CANDIDATE,Exoplanet Candidate
5437762,K04907.01,CANDIDATE,Exoplanet Candidate
3962684,K04908.01,FALSE POSITIVE,False Positive
4730442,K07702.01,FALSE POSITIVE,False Positive
9447166,K03296.01,CONFIRMED,Exoplanet Candidate
9643043,K03297.01,FALSE POSITIVE,False Positive
8151055,K03298.01,CONFIRMED,Exoplanet Candidate
7177555,K03299.01,FALSE POSITIVE,False Positive
3348082,K01196.02,CONFIRMED,Exoplanet Candidate
4996057,K07712.01,CANDIDATE,Exoplanet Candidate
8349399,K04763.01,CANDIDATE,Exoplanet Candidate
6043562,K04764.01,CANDIDATE,Exoplanet Candidate
10615440,K04765.01,CONFIRMED,Exoplanet Candidate
4919550,K04766.01,CANDIDATE,Exoplanet Candidate
5802292,K04767.01,FALSE POSITIVE,False Positive
5126932,K07718.01,FALSE POSITIVE,False Positive
10034146,K04835.01,FALSE POSITIVE,False Positive
4175105,K04836.01,FALSE POSITIVE,False Positive
5645170,K04837.01,CANDIDATE,Exoplanet Candidate
8216763,K04838.01,CANDIDATE,Exoplanet Candidate
9110610,K04839.01,CANDIDATE,Exoplanet Candidate
2437897,K04909.01,FALSE POSITIVE,False Positive
9307966,K04910.01,FALSE POSITIVE,False Positive
5556726,K03223.01,FALSE POSITIVE,False Positive
2554853,K04911.01,FALSE POSITIVE,False Positive
5208962,K04912.01,CANDIDATE,Exoplanet Candidate
7889486,K03300.01,FALSE POSITIVE,False Positive
7889486,K03300.02,FALSE POSITIVE,False Positive
4742188,K07703.01,CANDIDATE,Exoplanet Candidate
8301878,K03301.01,CANDIDATE,Exoplanet Candidate
8233802,K03302.01,FALSE POSITIVE,False Positive
7510820,K03303.01,CONFIRMED,Exoplanet Candidate
10221505,K04768.01,CANDIDATE,Exoplanet Candidate
6116035,K04769.01,FALSE POSITIVE,False Positive
8958359,K04770.01,FALSE POSITIVE,False Positive
11658036,K04771.01,CANDIDATE,Exoplanet Candidate
8397947,K04772.01,CANDIDATE,Exoplanet Candidate
6665860,K04840.01,CANDIDATE,Exoplanet Candidate
7983117,K03214.01,CONFIRMED,Exoplanet Candidate
5480884,K04841.01,FALSE POSITIVE,False Positive
12506417,K04842.01,FALSE POSITIVE,False Positive
10187563,K04843.01,FALSE POSITIVE,False Positive
5769810,K04913.01,CANDIDATE,Exoplanet Candidate
12071754,K04914.01,CANDIDATE,Exoplanet Candidate
10384298,K03224.01,CANDIDATE,Exoplanet Candidate
3109550,K03225.01,CANDIDATE,Exoplanet Candidate
5544450,K03226.01,FALSE POSITIVE,Exoplanet Candidate
9307105,K03304.01,FALSE POSITIVE,False Positive
6880517,K03305.01,CONFIRMED,Exoplanet Candidate
6615511,K03306.01,CONFIRMED,Exoplanet Candidate
6131130,K03307.01,CANDIDATE,Exoplanet Candidate
3632089,K03308.01,CONFIRMED,Exoplanet Candidate
4742452,K07704.01,CANDIDATE,Exoplanet Candidate
9959494,K03205.01,FALSE POSITIVE,False Positive
8397947,K04772.02,CONFIRMED,Exoplanet Candidate
7906892,K04773.01,CANDIDATE,Exoplanet Candidate
4277304,K04774.01,CANDIDATE,Exoplanet Candidate
8626325,K04775.01,CANDIDATE,Exoplanet Candidate
3098605,K04844.01,CANDIDATE,False Positive
11456405,K04845.01,FALSE POSITIVE,False Positive
8320630,K04846.01,CANDIDATE,Exoplanet Candidate
4544684,K04847.01,FALSE POSITIVE,False Positive
9005321,K04848.01,CANDIDATE,Exoplanet Candidate
8975368,K03227.01,FALSE POSITIVE,False Positive
9291039,K03230.01,FALSE POSITIVE,False Positive
5168498,K07719.01,FALSE POSITIVE,False Positive
10489539,K03231.01,FALSE POSITIVE,False Positive
9569711,K03232.01,CONFIRMED,Exoplanet Candidate
12314973,K00279.03,CONFIRMED,Exoplanet Candidate
3348082,K01196.03,CONFIRMED,Exoplanet Candidate
3632089,K03308.02,CONFIRMED,Exoplanet Candidate
5563300,K03309.01,CANDIDATE,Exoplanet Candidate
12253769,K03310.01,CANDIDATE,Exoplanet Candidate
12735830,K03311.01,CONFIRMED,Exoplanet Candidate
8054719,K04776.01,CANDIDATE,Exoplanet Candidate
6592335,K04777.01,CONFIRMED,Exoplanet Candidate
5651829,K04778.01,FALSE POSITIVE,False Positive
4762283,K07706.01,CANDIDATE,Exoplanet Candidate
9094763,K04779.01,FALSE POSITIVE,False Positive
3849187,K04780.01,CANDIDATE,Exoplanet Candidate
2976017,K04849.01,CANDIDATE,Exoplanet Candidate
6786224,K04850.01,CANDIDATE,Exoplanet Candidate
10338279,K03216.01,FALSE POSITIVE,False Positive
4851239,K04851.01,FALSE POSITIVE,False Positive
5009688,K07713.01,FALSE POSITIVE,False Positive
11072016,K04852.01,CANDIDATE,Exoplanet Candidate
3245969,K01101.02,CANDIDATE,Exoplanet Candidate
10057494,K03234.01,CONFIRMED,Exoplanet Candidate
7902003,K03236.01,CANDIDATE,Exoplanet Candidate
6587796,K03237.01,CONFIRMED,Exoplanet Candidate
9489953,K03238.01,FALSE POSITIVE,False Positive
5305240,K03239.01,FALSE POSITIVE,False Positive
11905409,K03312.01,CANDIDATE,Exoplanet Candidate
9571186,K03313.01,CANDIDATE,Exoplanet Candidate
9838060,K03314.01,FALSE POSITIVE,False Positive
8554701,K03315.01,CONFIRMED,Exoplanet Candidate
5389632,K07726.01,FALSE POSITIVE,False Positive
9031209,K03316.01,CONFIRMED,Exoplanet Candidate
5951416,K04781.01,FALSE POSITIVE,False Positive
5612697,K03206.01,CANDIDATE,Exoplanet Candidate
8973285,K04782.01,CANDIDATE,Exoplanet Candidate
4645833,K04783.01,FALSE POSITIVE,False Positive
8940918,K04784.01,FALSE POSITIVE,False Positive
3758922,K04853.01,CANDIDATE,Exoplanet Candidate
8360041,K04854.01,CANDIDATE,Exoplanet Candidate
9827596,K04855.01,FALSE POSITIVE,False Positive
9782748,K04856.01,CANDIDATE,Exoplanet Candidate
2860656,K04857.01,CANDIDATE,Exoplanet Candidate
6206559,K03240.01,FALSE POSITIVE,False Positive
5024429,K07714.01,FALSE POSITIVE,False Positive
9532117,K03241.01,FALSE POSITIVE,False Positive
6928906,K03242.01,FALSE POSITIVE,False Positive
9821151,K03243.01,FALSE POSITIVE,False Positive
8073705,K03245.01,CONFIRMED,Exoplanet Candidate
8330548,K01132.02,FALSE POSITIVE,False Positive
4271474,K03324.01,CONFIRMED,Exoplanet Candidate
5130983,K03325.01,FALSE POSITIVE,False Positive
11497958,K01422.04,CONFIRMED,Exoplanet Candidate
11093538,K03326.01,FALSE POSITIVE,False Positive
11044779,K03327.01,FALSE POSITIVE,False Positive
6438379,K04785.01,FALSE POSITIVE,False Positive
9145415,K04786.01,FALSE POSITIVE,False Positive
4545926,K04787.01,FALSE POSITIVE,False Positive
9396760,K04788.01,FALSE POSITIVE,False Positive
5119619,K04789.01,FALSE POSITIVE,False Positive
9582496,K04858.01,FALSE POSITIVE,False Positive
7094944,K04859.01,CANDIDATE,Exoplanet Candidate
3343281,K04860.01,FALSE POSITIVE,False Positive
2573108,K03217.01,FALSE POSITIVE,False Positive
6425597,K04861.01,CANDIDATE,Exoplanet Candidate
9885417,K03246.01,CONFIRMED,Exoplanet Candidate
3336476,K03247.01,FALSE POSITIVE,False Positive
10917433,K03248.01,CANDIDATE,Exoplanet Candidate
5091479,K07715.01,CANDIDATE,Exoplanet Candidate
9083564,K03249.01,FALSE POSITIVE,False Positive
7335713,K03250.01,FALSE POSITIVE,False Positive
8331612,K03318.01,CONFIRMED,Exoplanet Candidate
8874090,K01404.02,CANDIDATE,Exoplanet Candidate
8331612,K03318.02,CANDIDATE,Exoplanet Candidate
5185765,K07720.01,FALSE POSITIVE,False Positive
5965819,K03319.01,CONFIRMED,Exoplanet Candidate
5965819,K03319.02,CONFIRMED,Exoplanet Candidate
8328916,K04790.01,CANDIDATE,Exoplanet Candidate
11294883,K04791.01,FALSE POSITIVE,False Positive
3832474,K00806.05,FALSE POSITIVE,False Positive
10155029,K03208.01,CANDIDATE,Exoplanet Candidate
11618569,K04792.01,CANDIDATE,Exoplanet Candidate
11973517,K04862.01,CANDIDATE,Exoplanet Candidate
5471566,K04863.01,FALSE POSITIVE,False Positive
7345248,K04864.01,CANDIDATE,Exoplanet Candidate
5814013,K04865.01,FALSE POSITIVE,False Positive
7117355,K04866.01,FALSE POSITIVE,False Positive
5653072,K03252.01,FALSE POSITIVE,False Positive
2707985,K03253.01,FALSE POSITIVE,False Positive
9899141,K03254.01,FALSE POSITIVE,False Positive
8183288,K03255.01,CONFIRMED,Exoplanet Candidate
11305996,K03256.01,FALSE POSITIVE,False Positive
5965819,K03319.03,CONFIRMED,Exoplanet Candidate
6690171,K03320.01,CANDIDATE,False Positive
6859801,K03321.01,FALSE POSITIVE,False Positive
7767733,K03322.01,FALSE POSITIVE,False Positive
5193659,K03323.01,CANDIDATE,Exoplanet Candidate
5201593,K07721.01,FALSE POSITIVE,False Positive
6220312,K04793.01,CANDIDATE,Exoplanet Candidate
6358937,K04794.01,CANDIDATE,Exoplanet Candidate
9007609,K04795.01,FALSE POSITIVE,False Positive
11038580,K04796.01,FALSE POSITIVE,False Positive
7771181,K04797.01,CANDIDATE,Exoplanet Candidate
9509223,K04867.01,FALSE POSITIVE,False Positive
6720773,K04868.01,FALSE POSITIVE,False Positive
8056651,K04869.01,FALSE POSITIVE,False Positive
4665991,K04870.01,FALSE POSITIVE,False Positive
10191036,K03218.01,FALSE POSITIVE,False Positive
8280511,K01151.03,CONFIRMED,Exoplanet Candidate
10420301,K03257.01,FALSE POSITIVE,False Positive
4366323,K03258.01,CANDIDATE,Exoplanet Candidate
2853029,K03259.01,CANDIDATE,Exoplanet Candidate
12156174,K03260.01,CONFIRMED,Exoplanet Candidate
4634135,K03328.01,FALSE POSITIVE,False Positive
6955671,K03329.01,CANDIDATE,Exoplanet Candidate
5097856,K07716.01,CANDIDATE,Exoplanet Candidate
4736644,K03330.01,CONFIRMED,Exoplanet Candidate
5876805,K03331.01,FALSE POSITIVE,False Positive
5818068,K03332.01,FALSE POSITIVE,False Positive
10139390,K04798.01,FALSE POSITIVE,False Positive
8278073,K04799.01,CANDIDATE,Exoplanet Candidate
5273713,K07722.01,FALSE POSITIVE,False Positive
3526331,K04800.01,FALSE POSITIVE,False Positive
10810859,K04801.01,CANDIDATE,Exoplanet Candidate
7017274,K03209.01,CANDIDATE,Exoplanet Candidate
6767227,K04871.01,CANDIDATE,Exoplanet Candidate
11496490,K04872.01,FALSE POSITIVE,False Positive
1430305,K04873.01,FALSE POSITIVE,False Positive
7117549,K04874.01,FALSE POSITIVE,False Positive
2986833,K04875.01,CANDIDATE,Exoplanet Candidate
12055539,K03261.01,CONFIRMED,Exoplanet Candidate
12056139,K03262.01,CONFIRMED,Exoplanet Candidate
11853130,K03263.01,CANDIDATE,Exoplanet Candidate
4774646,K07707.01,FALSE POSITIVE,False Positive
9345933,K03264.01,CANDIDATE,Exoplanet Candidate
10030778,K03265.01,FALSE POSITIVE,False Positive
7870282,K04732.01,FALSE POSITIVE,False Positive
11153259,K03200.01,FALSE POSITIVE,False Positive
9021075,K04733.01,CONFIRMED,Exoplanet Candidate
5783938,K04734.01,FALSE POSITIVE,False Positive
11338056,K04735.01,CANDIDATE,Exoplanet Candidate
3445812,K04802.01,FALSE POSITIVE,False Positive
4473613,K04803.01,CONFIRMED,Exoplanet Candidate
10676750,K04804.01,CANDIDATE,Exoplanet Candidate
8960918,K04805.01,FALSE POSITIVE,False Positive
4647662,K04806.01,FALSE POSITIVE,False Positive
9822284,K04807.01,FALSE POSITIVE,False Positive
8940700,K04876.01,FALSE POSITIVE,False Positive
9581589,K04877.01,CANDIDATE,Exoplanet Candidate
11804437,K04878.01,CANDIDATE,Exoplanet Candidate
9850966,K04879.01,FALSE POSITIVE,False Positive
8747009,K04880.01,FALSE POSITIVE,False Positive
8826007,K03266.01,CONFIRMED,Exoplanet Candidate
8280511,K01151.04,CANDIDATE,Exoplanet Candidate
8620402,K03267.01,CONFIRMED,Exoplanet Candidate
8379021,K03268.01,FALSE POSITIVE,False Positive
8104030,K03269.01,FALSE POSITIVE,False Positive
4813793,K07708.01,CANDIDATE,Exoplanet Candidate
5282477,K04736.01,FALSE POSITIVE,False Positive
7266212,K04737.01,CANDIDATE,Exoplanet Candidate
6681546,K04738.01,FALSE POSITIVE,False Positive
6421137,K04739.01,FALSE POSITIVE,False Positive
9893278,K04740.01,FALSE POSITIVE,False Positive
9419020,K04808.01,CANDIDATE,Exoplanet Candidate
4548162,K04809.01,FALSE POSITIVE,False Positive
4270799,K04810.01,CANDIDATE,Exoplanet Candidate
8811490,K04811.01,CANDIDATE,Exoplanet Candidate
7293937,K03211.01,FALSE POSITIVE,False Positive
8043721,K04812.01,FALSE POSITIVE,False Positive
7985733,K03219.01,FALSE POSITIVE,False Positive
8094120,K04881.01,CANDIDATE,Exoplanet Candidate
6522824,K04882.01,FALSE POSITIVE,False Positive
6802536,K04883.01,FALSE POSITIVE,False Positive
4750341,K04884.01,FALSE POSITIVE,False Positive
9935642,K04885.01,CANDIDATE,Exoplanet Candidate
6612327,K03270.01,FALSE POSITIVE,False Positive
7285757,K03271.01,CONFIRMED,Exoplanet Candidate
7285757,K03271.02,CANDIDATE,Exoplanet Candidate
5211922,K03273.01,FALSE POSITIVE,Exoplanet Candidate
5280587,K03274.01,CONFIRMED,Exoplanet Candidate
8129005,K04741.01,FALSE POSITIVE,Exoplanet Candidate
4840156,K07709.01,FALSE POSITIVE,False Positive
4138008,K04742.01,CONFIRMED,Exoplanet Candidate
4262040,K03202.01,CANDIDATE,Exoplanet Candidate
6468904,K04743.01,FALSE POSITIVE,Exoplanet Candidate
5709906,K04744.01,FALSE POSITIVE,False Positive
4840672,K04813.01,CANDIDATE,Exoplanet Candidate
9777556,K04814.01,FALSE POSITIVE,False Positive
7287677,K04815.01,CANDIDATE,Exoplanet Candidate
10753922,K04816.01,FALSE POSITIVE,False Positive
5980061,K04817.01,FALSE POSITIVE,False Positive
7692248,K04886.01,CANDIDATE,Exoplanet Candidate
4059887,K04887.01,FALSE POSITIVE,False Positive
8288741,K04888.01,FALSE POSITIVE,False Positive
6852354,K04889.01,FALSE POSITIVE,False Positive
6691169,K04890.01,CANDIDATE,Exoplanet Candidate
5816811,K01042.02,FALSE POSITIVE,False Positive
5303346,K03275.01,FALSE POSITIVE,False Positive
3858879,K03276.01,FALSE POSITIVE,False Positive
8280511,K01151.05,CANDIDATE,Exoplanet Candidate
3120904,K03277.01,CONFIRMED,Exoplanet Candidate
3342467,K03278.01,FALSE POSITIVE,Exoplanet Candidate
11757451,K04745.01,CONFIRMED,Exoplanet Candidate
2711597,K04746.01,FALSE POSITIVE,False Positive
8047428,K04747.01,CONFIRMED,Exoplanet Candidate
11513486,K04748.01,CONFIRMED,Exoplanet Candidate
4851283,K07710.01,FALSE POSITIVE,False Positive
6520519,K04749.01,CANDIDATE,Exoplanet Candidate
9459162,K04818.01,CANDIDATE,Exoplanet Candidate
5024138,K04819.01,FALSE POSITIVE,False Positive
9969287,K04820.01,CANDIDATE,Exoplanet Candidate
9086001,K04821.01,FALSE POSITIVE,False Positive
4927734,K03212.01,FALSE POSITIVE,False Positive
11189311,K03220.01,CONFIRMED,Exoplanet Candidate
10747501,K04891.01,CANDIDATE,Exoplanet Candidate
10586744,K04892.01,CANDIDATE,Exoplanet Candidate
11970050,K04893.01,CANDIDATE,Exoplanet Candidate
10031918,K04894.01,FALSE POSITIVE,False Positive
5276332,K07723.01,FALSE POSITIVE,False Positive
3544640,K03279.01,CONFIRMED,Exoplanet Candidate
10653179,K03280.01,CONFIRMED,Exoplanet Candidate
12066569,K03282.01,CONFIRMED,Exoplanet Candidate
6497146,K03284.01,CONFIRMED,Exoplanet Candidate
8625813,K03285.01,FALSE POSITIVE,False Positive
4651399,K07698.01,FALSE POSITIVE,False Positive
5308296,K04750.01,CANDIDATE,Exoplanet Candidate
9953575,K04751.01,FALSE POSITIVE,False Positive
7887890,K04752.01,FALSE POSITIVE,False Positive
3122872,K03203.01,CANDIDATE,Exoplanet Candidate
4544628,K04753.01,FALSE POSITIVE,False Positive
9702945,K04822.01,CANDIDATE,Exoplanet Candidate
11401253,K04823.01,CANDIDATE,Exoplanet Candidate
7052511,K04824.01,FALSE POSITIVE,False Positive
4764774,K04825.01,FALSE POSITIVE,False Positive
10549902,K04826.01,CANDIDATE,Exoplanet Candidate
12416597,K04895.01,CANDIDATE,Exoplanet Candidate
11135694,K04896.01,CANDIDATE,Exoplanet Candidate
9910828,K04897.01,FALSE POSITIVE,False Positive
10065053,K04898.01,CANDIDATE,Exoplanet Candidate
11867608,K04899.01,FALSE POSITIVE,False Positive
8016691,K03286.01,CONFIRMED,Exoplanet Candidate
6584273,K03287.01,CONFIRMED,Exoplanet Candidate
5768816,K03288.01,CONFIRMED,Exoplanet Candidate
3644071,K01192.02,FALSE POSITIVE,False Positive
5360974,K03289.01,FALSE POSITIVE,False Positive
10291589,K04754.01,CANDIDATE,Exoplanet Candidate
10118266,K04755.01,CANDIDATE,Exoplanet Candidate
5695615,K04756.01,CANDIDATE,Exoplanet Candidate
4670267,K07699.01,FALSE POSITIVE,False Positive
7435780,K04757.01,FALSE POSITIVE,False Positive
8938937,K04758.01,FALSE POSITIVE,False Positive
5651846,K04827.01,CANDIDATE,Exoplanet Candidate
10556180,K04828.01,FALSE POSITIVE,False Positive
12401132,K04829.01,CANDIDATE,Exoplanet Candidate
12401132,K04829.02,FALSE POSITIVE,False Positive
8308070,K04830.01,FALSE POSITIVE,False Positive
6424561,K04900.01,CANDIDATE,Exoplanet Candidate
6956136,K03221.01,FALSE POSITIVE,False Positive
10661917,K04901.01,FALSE POSITIVE,False Positive
10000162,K04902.01,CANDIDATE,False Positive
7799701,K04903.01,FALSE POSITIVE,False Positive
6233483,K03291.01,FALSE POSITIVE,False Positive
5392871,K03292.01,FALSE POSITIVE,Exoplanet Candidate
3858851,K03293.01,FALSE POSITIVE,False Positive
3858917,K03294.01,FALSE POSITIVE,False Positive
4466356,K03295.01,FALSE POSITIVE,Exoplanet Candidate
7949593,K04759.01,CANDIDATE,Exoplanet Candidate
9474232,K04760.01,FALSE POSITIVE,False Positive
3859151,K04761.01,FALSE POSITIVE,False Positive
7098255,K04762.01,CANDIDATE,Exoplanet Candidate
11456279,K03204.01,FALSE POSITIVE,False Positive
4670361,K07700.01,CANDIDATE,Exoplanet Candidate
5398002,K03213.01,FALSE POSITIVE,False Positive
6680911,K04831.01,FALSE POSITIVE,False Positive
10356124,K04832.01,FALSE POSITIVE,False Positive
10584140,K04833.01,CANDIDATE,Exoplanet Candidate
8233326,K04834.01,CANDIDATE,Exoplanet Candidate
4940203,K07711.01,CANDIDATE,Exoplanet Candidate
6286161,K03501.01,FALSE POSITIVE,False Positive
5385471,K03502.01,FALSE POSITIVE,False Positive
6368175,K03503.01,CONFIRMED,Exoplanet Candidate
5471158,K03504.01,FALSE POSITIVE,False Positive
4847843,K03505.01,FALSE POSITIVE,False Positive
5120225,K07717.01,FALSE POSITIVE,False Positive
9656543,K03588.01,FALSE POSITIVE,False Positive
10751515,K03589.01,FALSE POSITIVE,False Positive
3348093,K03590.01,FALSE POSITIVE,False Positive
6182846,K03591.01,FALSE POSITIVE,False Positive
4939346,K01873.02,CONFIRMED,Exoplanet Candidate
6442602,K07778.01,FALSE POSITIVE,False Positive
9851126,K03592.01,FALSE POSITIVE,False Positive
6268648,K01613.02,CANDIDATE,Exoplanet Candidate
11455428,K03365.01,CONFIRMED,Exoplanet Candidate
10484409,K03366.01,FALSE POSITIVE,False Positive
10935993,K03367.01,CANDIDATE,Exoplanet Candidate
5257082,K03368.01,CANDIDATE,Exoplanet Candidate
5796185,K03369.01,FALSE POSITIVE,False Positive
8628665,K03434.01,CANDIDATE,Exoplanet Candidate
3945802,K03435.01,FALSE POSITIVE,False Positive
6265665,K03436.01,CONFIRMED,Exoplanet Candidate
5881307,K07746.01,CANDIDATE,False Positive
4645174,K03437.01,CONFIRMED,Exoplanet Candidate
4645174,K03437.02,CANDIDATE,Exoplanet Candidate
8719419,K03506.01,FALSE POSITIVE,False Positive
9028474,K03510.01,FALSE POSITIVE,False Positive
4349442,K01803.02,FALSE POSITIVE,Exoplanet Candidate
6124137,K07764.01,CANDIDATE,Exoplanet Candidate
3644542,K03511.01,FALSE POSITIVE,False Positive
6182849,K03512.01,FALSE POSITIVE,False Positive
9851142,K03513.01,FALSE POSITIVE,False Positive
3442054,K03593.01,FALSE POSITIVE,False Positive
4079530,K03594.01,FALSE POSITIVE,False Positive
6445531,K07779.01,FALSE POSITIVE,False Positive
10677186,K03595.01,FALSE POSITIVE,False Positive
9025914,K03596.01,FALSE POSITIVE,False Positive
9366988,K03597.01,FALSE POSITIVE,False Positive
11657614,K03370.01,CANDIDATE,Exoplanet Candidate
11657614,K03370.02,CONFIRMED,Exoplanet Candidate
5687986,K07735.01,CANDIDATE,Exoplanet Candidate
11125797,K03371.01,CANDIDATE,Exoplanet Candidate
9785921,K03372.01,CONFIRMED,Exoplanet Candidate
3102000,K03373.01,FALSE POSITIVE,False Positive
6599975,K03438.01,CONFIRMED,Exoplanet Candidate
8266276,K01731.02,FALSE POSITIVE,False Positive
5887316,K07747.01,FALSE POSITIVE,False Positive
4282191,K03439.01,CONFIRMED,Exoplanet Candidate
3559860,K03440.01,CONFIRMED,Exoplanet Candidate
10651945,K03441.01,FALSE POSITIVE,False Positive
7117003,K03514.01,FALSE POSITIVE,False Positive
3240159,K03515.01,FALSE POSITIVE,False Positive
6147851,K07766.01,FALSE POSITIVE,False Positive
9658118,K03516.01,FALSE POSITIVE,False Positive
7132542,K03517.01,FALSE POSITIVE,False Positive
8589754,K03518.01,FALSE POSITIVE,False Positive
3757590,K03520.01,FALSE POSITIVE,False Positive
2437149,K03598.01,FALSE POSITIVE,False Positive
9715925,K03599.01,FALSE POSITIVE,False Positive
9529733,K03600.01,FALSE POSITIVE,False Positive
9613070,K03601.01,FALSE POSITIVE,False Positive
9967771,K01875.02,CONFIRMED,Exoplanet Candidate
10845188,K03602.01,FALSE POSITIVE,False Positive
6543893,K01627.03,CANDIDATE,Exoplanet Candidate
5709103,K07736.01,FALSE POSITIVE,False Positive
6705026,K03374.01,CONFIRMED,Exoplanet Candidate
6705026,K03374.02,CANDIDATE,Exoplanet Candidate
6779726,K03375.01,CONFIRMED,Exoplanet Candidate
3098843,K03376.02,FALSE POSITIVE,False Positive
5553959,K03377.01,CANDIDATE,Exoplanet Candidate
7288306,K03443.01,CONFIRMED,Exoplanet Candidate
5887393,K07748.01,FALSE POSITIVE,False Positive
5384713,K03444.01,CANDIDATE,Exoplanet Candidate
5384713,K03444.02,CANDIDATE,Exoplanet Candidate
5384713,K03444.03,CANDIDATE,Exoplanet Candidate
11860395,K03445.01,CONFIRMED,Exoplanet Candidate
5456023,K03521.01,FALSE POSITIVE,False Positive
6187888,K07768.01,FALSE POSITIVE,False Positive
9529744,K01806.02,CONFIRMED,Exoplanet Candidate
12021387,K03522.01,FALSE POSITIVE,False Positive
8044608,K03523.01,FALSE POSITIVE,False Positive
8760135,K03524.01,FALSE POSITIVE,False Positive
4073707,K03525.01,FALSE POSITIVE,False Positive
5730394,K03603.01,FALSE POSITIVE,False Positive
6451368,K07780.01,CANDIDATE,Exoplanet Candidate
6956216,K03604.01,FALSE POSITIVE,False Positive
6137704,K03605.01,FALSE POSITIVE,False Positive
10275074,K03606.01,FALSE POSITIVE,False Positive
9110346,K03607.01,FALSE POSITIVE,False Positive
10259301,K03608.01,FALSE POSITIVE,False Positive
2995392,K03379.01,CONFIRMED,Exoplanet Candidate
3120308,K03380.01,FALSE POSITIVE,False Positive
9991621,K03382.01,FALSE POSITIVE,False Positive
8078502,K03383.01,CONFIRMED,Exoplanet Candidate
8644365,K03384.01,CANDIDATE,Exoplanet Candidate
5888187,K07749.01,CANDIDATE,False Positive
2852528,K03446.01,FALSE POSITIVE,False Positive
3348216,K03448.01,CANDIDATE,Exoplanet Candidate
7032421,K01747.02,FALSE POSITIVE,False Positive
10798838,K03449.01,FALSE POSITIVE,False Positive
8560940,K03450.01,FALSE POSITIVE,False Positive
10793576,K03451.01,CANDIDATE,Exoplanet Candidate
10292238,K03526.01,FALSE POSITIVE,False Positive
8733497,K03527.01,FALSE POSITIVE,False Positive
4255422,K03528.01,FALSE POSITIVE,False Positive
9837544,K03529.01,FALSE POSITIVE,False Positive
7877824,K03530.01,FALSE POSITIVE,False Positive
6469946,K07781.01,FALSE POSITIVE,False Positive
6947164,K03531.01,FALSE POSITIVE,False Positive
6233903,K03609.01,FALSE POSITIVE,False Positive
7212066,K03610.01,FALSE POSITIVE,False Positive
7212066,K03610.02,FALSE POSITIVE,False Positive
7047922,K01899.02,CANDIDATE,Exoplanet Candidate
6675060,K03611.01,FALSE POSITIVE,False Positive
5716508,K07737.01,FALSE POSITIVE,False Positive
10518735,K03612.01,FALSE POSITIVE,False Positive
6975129,K01628.02,CONFIRMED,Exoplanet Candidate
8644365,K03384.02,CONFIRMED,Exoplanet Candidate
9489947,K03385.01,FALSE POSITIVE,False Positive
6960487,K03386.01,FALSE POSITIVE,False Positive
5894182,K07750.01,CANDIDATE,Exoplanet Candidate
6309264,K03387.01,FALSE POSITIVE,False Positive
7021177,K03452.01,FALSE POSITIVE,False Positive
7122259,K03454.01,FALSE POSITIVE,False Positive
6947668,K03455.01,CANDIDATE,Exoplanet Candidate
6364582,K03456.01,CONFIRMED,Exoplanet Candidate
6190535,K07769.01,FALSE POSITIVE,False Positive
9834257,K03457.01,FALSE POSITIVE,False Positive
10290666,K00332.02,CANDIDATE,Exoplanet Candidate
9529744,K01806.03,CONFIRMED,Exoplanet Candidate
10748621,K03532.01,FALSE POSITIVE,False Positive
4824268,K03533.01,FALSE POSITIVE,False Positive
6527016,K07783.01,FALSE POSITIVE,False Positive
6431670,K03534.01,FALSE POSITIVE,False Positive
7376500,K03535.01,FALSE POSITIVE,False Positive
9636559,K03618.01,FALSE POSITIVE,False Positive
8095110,K03619.01,FALSE POSITIVE,False Positive
11499263,K03620.01,FALSE POSITIVE,False Positive
10328393,K01905.02,CONFIRMED,Exoplanet Candidate
9775253,K03621.01,FALSE POSITIVE,False Positive
3858988,K03388.01,FALSE POSITIVE,False Positive
3848966,K03389.01,CANDIDATE,Exoplanet Candidate
10798605,K03390.01,FALSE POSITIVE,False Positive
5895083,K07751.01,FALSE POSITIVE,False Positive
9452897,K03391.01,CANDIDATE,Exoplanet Candidate
9714123,K03392.01,FALSE POSITIVE,False Positive
6118370,K03458.01,CONFIRMED,Exoplanet Candidate
2717158,K03459.01,CONFIRMED,Exoplanet Candidate
6209677,K01750.02,CANDIDATE,Exoplanet Candidate
6198256,K07770.01,FALSE POSITIVE,False Positive
9664276,K03460.01,CANDIDATE,Exoplanet Candidate
2437112,K03461.01,FALSE POSITIVE,Exoplanet Candidate
7987086,K03536.01,FALSE POSITIVE,False Positive
7374746,K03537.01,FALSE POSITIVE,False Positive
8668810,K03538.01,FALSE POSITIVE,False Positive
6519865,K07782.01,FALSE POSITIVE,False Positive
8868907,K03539.01,FALSE POSITIVE,False Positive
3865298,K03540.01,FALSE POSITIVE,False Positive
10091110,K03627.01,FALSE POSITIVE,False Positive
10091110,K03627.02,FALSE POSITIVE,False Positive
3542574,K03628.01,FALSE POSITIVE,False Positive
3544694,K03629.01,FALSE POSITIVE,False Positive
11521793,K00352.02,CONFIRMED,Exoplanet Candidate
9085563,K03393.01,CONFIRMED,Exoplanet Candidate
11337372,K01650.02,CONFIRMED,Exoplanet Candidate
7748487,K03394.01,CANDIDATE,Exoplanet Candidate
3219037,K03395.01,CANDIDATE,Exoplanet Candidate
5952448,K07753.01,FALSE POSITIVE,False Positive
5710069,K03396.01,CANDIDATE,Exoplanet Candidate
9967009,K03462.01,CANDIDATE,Exoplanet Candidate
9967009,K03462.02,CANDIDATE,Exoplanet Candidate
11874338,K03464.01,FALSE POSITIVE,False Positive
9763612,K03465.01,CONFIRMED,Exoplanet Candidate
6199716,K07771.01,FALSE POSITIVE,False Positive
9468384,K03466.01,FALSE POSITIVE,False Positive
8868364,K03541.01,FALSE POSITIVE,False Positive
10092312,K01823.02,FALSE POSITIVE,False Positive
3964545,K03542.01,FALSE POSITIVE,False Positive
9656397,K03543.01,FALSE POSITIVE,False Positive
5444491,K07727.01,FALSE POSITIVE,False Positive
3735629,K03544.01,FALSE POSITIVE,False Positive
8244173,K03545.01,FALSE POSITIVE,False Positive
6546508,K03613.01,FALSE POSITIVE,False Positive
9886224,K03614.01,FALSE POSITIVE,False Positive
3735634,K03615.01,FALSE POSITIVE,False Positive
5730380,K07738.01,FALSE POSITIVE,False Positive
6058875,K03616.01,FALSE POSITIVE,False Positive
10735564,K03617.01,FALSE POSITIVE,False Positive
6200810,K03397.01,CANDIDATE,Exoplanet Candidate
3561464,K03398.01,CONFIRMED,Exoplanet Candidate
3561464,K03398.02,CONFIRMED,Exoplanet Candidate
5962509,K07754.01,FALSE POSITIVE,False Positive
3561464,K03398.03,CANDIDATE,Exoplanet Candidate
6359802,K03399.01,FALSE POSITIVE,False Positive
7121885,K03467.01,FALSE POSITIVE,False Positive
5213404,K03468.01,CONFIRMED,Exoplanet Candidate
4844470,K03469.01,CANDIDATE,Exoplanet Candidate
6205566,K07772.01,FALSE POSITIVE,False Positive
11551692,K01781.03,CONFIRMED,Exoplanet Candidate
9995771,K03470.01,CANDIDATE,Exoplanet Candidate
7287391,K03546.01,FALSE POSITIVE,False Positive
6756202,K03547.01,FALSE POSITIVE,False Positive
10215869,K03548.01,FALSE POSITIVE,False Positive
5456319,K07728.01,FALSE POSITIVE,False Positive
2307206,K03549.01,FALSE POSITIVE,False Positive
7025540,K03550.01,FALSE POSITIVE,False Positive
7620844,K03551.01,FALSE POSITIVE,False Positive
6677267,K03622.01,FALSE POSITIVE,False Positive
7732791,K03623.01,FALSE POSITIVE,False Positive
5736801,K07739.01,FALSE POSITIVE,Exoplanet Candidate
8177798,K03624.01,FALSE POSITIVE,False Positive
10489521,K03625.01,FALSE POSITIVE,False Positive
12643582,K03626.01,FALSE POSITIVE,False Positive
9328641,K03400.01,FALSE POSITIVE,False Positive
9966219,K03401.01,CANDIDATE,Exoplanet Candidate
5991070,K07756.01,FALSE POSITIVE,False Positive
5531953,K01681.02,CONFIRMED,Exoplanet Candidate
3757778,K03402.01,FALSE POSITIVE,False Positive
11754430,K03403.01,CONFIRMED,Exoplanet Candidate
9995771,K03470.02,CONFIRMED,Exoplanet Candidate
11875511,K03471.01,FALSE POSITIVE,False Positive
6231721,K07773.01,CANDIDATE,Exoplanet Candidate
9536108,K03472.01,CANDIDATE,Exoplanet Candidate
8905246,K03473.01,CANDIDATE,Exoplanet Candidate
5213230,K03474.01,CONFIRMED,Exoplanet Candidate
3326377,K01830.02,CONFIRMED,Exoplanet Candidate
6233466,K03552.01,FALSE POSITIVE,False Positive
5460434,K07729.01,CANDIDATE,Exoplanet Candidate
11249624,K03553.01,FALSE POSITIVE,False Positive
6426592,K03554.01,FALSE POSITIVE,False Positive
8491745,K03555.01,FALSE POSITIVE,False Positive
3970117,K03556.01,FALSE POSITIVE,False Positive
11147814,K03334.01,FALSE POSITIVE,False Positive
10922659,K03335.01,CONFIRMED,Exoplanet Candidate
8892720,K03336.01,FALSE POSITIVE,False Positive
6021275,K00284.04,CONFIRMED,Exoplanet Candidate
7869917,K01525.02,CONFIRMED,Exoplanet Candidate
11754430,K03403.02,CONFIRMED,Exoplanet Candidate
6032920,K07757.01,FALSE POSITIVE,Exoplanet Candidate
8409295,K03404.01,CONFIRMED,Exoplanet Candidate
7131760,K03407.01,CONFIRMED,Exoplanet Candidate
11922778,K03408.01,CANDIDATE,Exoplanet Candidate
9468382,K03409.01,FALSE POSITIVE,False Positive
6145201,K03475.01,FALSE POSITIVE,False Positive
5986209,K03476.01,FALSE POSITIVE,False Positive
9226339,K03477.01,FALSE POSITIVE,False Positive
6525209,K03479.01,FALSE POSITIVE,False Positive
2975770,K01788.02,CANDIDATE,Exoplanet Candidate
5534965,K03557.01,FALSE POSITIVE,False Positive
5512513,K07730.01,FALSE POSITIVE,False Positive
9965206,K03558.01,FALSE POSITIVE,False Positive
4247023,K03559.01,FALSE POSITIVE,False Positive
4848423,K03560.01,FALSE POSITIVE,False Positive
11403216,K03561.01,FALSE POSITIVE,False Positive
11853878,K01833.02,CONFIRMED,Exoplanet Candidate
5774375,K07740.01,FALSE POSITIVE,False Positive
7692093,K03337.01,CANDIDATE,Exoplanet Candidate
8263752,K03338.01,FALSE POSITIVE,False Positive
8263752,K03338.02,FALSE POSITIVE,False Positive
7772914,K03339.01,CANDIDATE,Exoplanet Candidate
3529290,K03340.01,CANDIDATE,Exoplanet Candidate
3529290,K03340.02,CANDIDATE,Exoplanet Candidate
9285265,K03410.01,CONFIRMED,Exoplanet Candidate
6025124,K03411.01,CANDIDATE,Exoplanet Candidate
5780930,K03412.01,CONFIRMED,Exoplanet Candidate
5531953,K01681.03,CANDIDATE,Exoplanet Candidate
4164393,K03413.01,FALSE POSITIVE,False Positive
6277410,K07774.01,CANDIDATE,Exoplanet Candidate
9843517,K03480.01,CANDIDATE,Exoplanet Candidate
8812045,K03481.01,CANDIDATE,Exoplanet Candidate
7288444,K03482.01,CONFIRMED,Exoplanet Candidate
3101923,K03483.01,CANDIDATE,Exoplanet Candidate
10881457,K03484.01,CONFIRMED,Exoplanet Candidate
5513861,K07731.01,FALSE POSITIVE,False Positive
9948002,K03562.01,FALSE POSITIVE,False Positive
5264304,K03563.01,FALSE POSITIVE,False Positive
10960995,K03564.01,FALSE POSITIVE,False Positive
9592575,K03565.01,FALSE POSITIVE,False Positive
7898576,K03566.01,FALSE POSITIVE,False Positive
5806800,K07741.01,FALSE POSITIVE,False Positive
11671429,K03567.01,FALSE POSITIVE,False Positive
5621333,K03341.01,CANDIDATE,Exoplanet Candidate
5621333,K03341.02,CANDIDATE,Exoplanet Candidate
5392897,K03342.01,FALSE POSITIVE,False Positive
3236705,K03343.01,CANDIDATE,Exoplanet Candidate
5282049,K01545.02,FALSE POSITIVE,False Positive
11810124,K03344.01,CONFIRMED,Exoplanet Candidate
6023859,K03414.01,FALSE POSITIVE,False Positive
3433668,K03415.01,CONFIRMED,Exoplanet Candidate
2849140,K03416.01,CANDIDATE,Exoplanet Candidate
7503885,K03417.01,CONFIRMED,Exoplanet Candidate
3629330,K03418.01,CONFIRMED,Exoplanet Candidate
5471289,K03485.01,FALSE POSITIVE,False Positive
8121328,K03486.01,CANDIDATE,Exoplanet Candidate
9783760,K03487.01,FALSE POSITIVE,False Positive
9528430,K03489.01,FALSE POSITIVE,False Positive
5529552,K07732.01,FALSE POSITIVE,False Positive
8882847,K03490.01,FALSE POSITIVE,False Positive
9773869,K03568.01,FALSE POSITIVE,False Positive
6707942,K03569.01,FALSE POSITIVE,False Positive
5023948,K03570.01,FALSE POSITIVE,False Positive
5113053,K03571.01,FALSE POSITIVE,False Positive
5817957,K07742.01,FALSE POSITIVE,False Positive
11853878,K01833.03,CONFIRMED,Exoplanet Candidate
4743508,K03572.01,FALSE POSITIVE,False Positive
11810124,K03344.02,CONFIRMED,Exoplanet Candidate
11303322,K03345.01,CONFIRMED,Exoplanet Candidate
11241912,K03346.01,CONFIRMED,Exoplanet Candidate
6043538,K07759.01,CANDIDATE,Exoplanet Candidate
8824737,K03347.01,CONFIRMED,Exoplanet Candidate
9349757,K03348.01,CONFIRMED,Exoplanet Candidate
11519134,K03419.01,FALSE POSITIVE,False Positive
7289338,K03420.02,CANDIDATE,Exoplanet Candidate
5004909,K03421.01,CANDIDATE,Exoplanet Candidate
6278670,K07775.01,CANDIDATE,Exoplanet Candidate
5898983,K03422.01,CANDIDATE,Exoplanet Candidate
7703955,K01707.02,CONFIRMED,Exoplanet Candidate
8552719,K01792.02,FALSE POSITIVE,False Positive
12164634,K03491.01,FALSE POSITIVE,False Positive
5193077,K03492.01,FALSE POSITIVE,False Positive
5617259,K07733.01,CANDIDATE,False Positive
8880123,K03493.01,CONFIRMED,Exoplanet Candidate
9474756,K03495.01,CANDIDATE,Exoplanet Candidate
10068919,K03573.01,FALSE POSITIVE,False Positive
7353970,K03574.01,FALSE POSITIVE,False Positive
12316447,K03575.01,FALSE POSITIVE,False Positive
5823557,K07743.01,FALSE POSITIVE,False Positive
10491554,K03576.01,FALSE POSITIVE,False Positive
9785454,K03577.01,FALSE POSITIVE,False Positive
8636333,K03349.01,CONFIRMED,Exoplanet Candidate
7136958,K03350.01,FALSE POSITIVE,False Positive
1995732,K03351.01,FALSE POSITIVE,False Positive
6069674,K07761.01,FALSE POSITIVE,False Positive
8081239,K03352.01,CONFIRMED,Exoplanet Candidate
5308663,K01562.02,CANDIDATE,Exoplanet Candidate
3745559,K03423.01,CONFIRMED,Exoplanet Candidate
8356054,K03424.01,FALSE POSITIVE,False Positive
9117416,K03425.01,CONFIRMED,Exoplanet Candidate
6356400,K07776.01,CANDIDATE,Exoplanet Candidate
9117416,K03425.02,CONFIRMED,Exoplanet Candidate
5900235,K03426.01,CANDIDATE,Exoplanet Candidate
9474756,K03495.02,CANDIDATE,Exoplanet Candidate
7517261,K03496.01,CONFIRMED,Exoplanet Candidate
7517261,K03496.02,CANDIDATE,Exoplanet Candidate
5653795,K07734.01,FALSE POSITIVE,False Positive
8424002,K03497.01,CONFIRMED,Exoplanet Candidate
8635938,K03498.01,FALSE POSITIVE,False Positive
10464666,K03578.01,FALSE POSITIVE,False Positive
5024292,K03579.01,FALSE POSITIVE,False Positive
4659255,K03580.01,FALSE POSITIVE,False Positive
8263746,K03581.01,FALSE POSITIVE,False Positive
5877292,K07744.01,CANDIDATE,Exoplanet Candidate
10657406,K01837.02,CONFIRMED,Exoplanet Candidate
3428468,K03582.01,FALSE POSITIVE,False Positive
7091432,K03353.01,CONFIRMED,Exoplanet Candidate
9845909,K03354.01,CANDIDATE,Exoplanet Candidate
9221528,K03355.01,CANDIDATE,Exoplanet Candidate
6106046,K07762.01,CANDIDATE,Exoplanet Candidate
6368230,K03356.01,CONFIRMED,Exoplanet Candidate
7115291,K03357.01,FALSE POSITIVE,False Positive
9907505,K03427.01,FALSE POSITIVE,False Positive
9027909,K03428.01,CONFIRMED,Exoplanet Candidate
9230021,K03429.01,CANDIDATE,Exoplanet Candidate
6369845,K07777.01,FALSE POSITIVE,False Positive
9230021,K03429.02,CONFIRMED,Exoplanet Candidate
9230021,K03429.03,FALSE POSITIVE,False Positive
3662838,K00302.02,FALSE POSITIVE,False Positive
5471688,K03499.01,FALSE POSITIVE,False Positive
8552719,K01792.03,CONFIRMED,Exoplanet Candidate
5471688,K03499.02,FALSE POSITIVE,False Positive
6058816,K03500.01,CONFIRMED,Exoplanet Candidate
6058816,K03500.02,CANDIDATE,Exoplanet Candidate
5130740,K03583.01,FALSE POSITIVE,False Positive
9892471,K03584.01,FALSE POSITIVE,False Positive
2019076,K03585.01,FALSE POSITIVE,False Positive
5879448,K07745.01,FALSE POSITIVE,False Positive
7376490,K03586.01,FALSE POSITIVE,False Positive
11968513,K03587.01,FALSE POSITIVE,False Positive
4263529,K03358.01,CANDIDATE,Exoplanet Candidate
7866921,K03360.01,FALSE POSITIVE,False Positive
6619815,K03361.01,CONFIRMED,Exoplanet Candidate
6113752,K07763.01,FALSE POSITIVE,False Positive
3098197,K03362.01,FALSE POSITIVE,False Positive
11651712,K03363.01,CONFIRMED,Exoplanet Candidate
9896558,K01718.02,CONFIRMED,Exoplanet Candidate
7697103,K03430.01,CANDIDATE,Exoplanet Candidate
9267996,K03431.01,CANDIDATE,Exoplanet Candidate
7045605,K07808.01,FALSE POSITIVE,False Positive
8738775,K03432.01,CONFIRMED,Exoplanet Candidate
7093401,K03433.01,CANDIDATE,Exoplanet Candidate
7877818,K03816.01,FALSE POSITIVE,False Positive
5636642,K03817.01,FALSE POSITIVE,False Positive
6515722,K03818.01,FALSE POSITIVE,False Positive
6679504,K07788.01,FALSE POSITIVE,False Positive
5560831,K03819.01,FALSE POSITIVE,False Positive
5305404,K03820.01,FALSE POSITIVE,False Positive
3728432,K03893.01,CONFIRMED,Exoplanet Candidate
6696580,K02092.03,CONFIRMED,Exoplanet Candidate
5473535,K03894.01,FALSE POSITIVE,False Positive
12106934,K03895.01,FALSE POSITIVE,False Positive
6222898,K03896.01,FALSE POSITIVE,False Positive
3955866,K03897.01,FALSE POSITIVE,False Positive
11200767,K03667.01,FALSE POSITIVE,False Positive
9892816,K01955.03,CONFIRMED,Exoplanet Candidate
8589731,K03668.01,FALSE POSITIVE,False Positive
4356766,K03669.01,FALSE POSITIVE,False Positive
2167890,K03670.01,FALSE POSITIVE,False Positive
5384079,K02011.02,CONFIRMED,Exoplanet Candidate
4935914,K03743.01,FALSE POSITIVE,False Positive
11303811,K03744.01,FALSE POSITIVE,False Positive
2437783,K03745.01,FALSE POSITIVE,False Positive
12062660,K03746.01,FALSE POSITIVE,False Positive
9777087,K03747.01,FALSE POSITIVE,False Positive
5956776,K03821.01,FALSE POSITIVE,False Positive
8883727,K03822.01,FALSE POSITIVE,False Positive
4820550,K03823.01,CANDIDATE,Exoplanet Candidate
6516874,K03824.01,FALSE POSITIVE,False Positive
11709124,K00435.03,CONFIRMED,Exoplanet Candidate
9161118,K03898.01,FALSE POSITIVE,False Positive
3556229,K03899.01,FALSE POSITIVE,False Positive
11911580,K03900.01,FALSE POSITIVE,False Positive
9480535,K03901.01,CONFIRMED,Exoplanet Candidate
10583225,K03902.01,FALSE POSITIVE,False Positive
5215251,K03903.01,FALSE POSITIVE,False Positive
10383696,K03671.01,FALSE POSITIVE,False Positive
9777090,K03672.01,FALSE POSITIVE,False Positive
11455484,K03673.01,FALSE POSITIVE,False Positive
2446623,K03674.01,FALSE POSITIVE,False Positive
9596089,K03675.01,FALSE POSITIVE,False Positive
5738506,K03676.01,FALSE POSITIVE,False Positive
9777087,K03747.02,FALSE POSITIVE,Exoplanet Candidate
4247807,K03748.01,FALSE POSITIVE,False Positive
11547869,K03749.01,CANDIDATE,Exoplanet Candidate
7700590,K03750.01,FALSE POSITIVE,False Positive
9053086,K03751.01,FALSE POSITIVE,False Positive
3128552,K02055.02,CONFIRMED,Exoplanet Candidate
5467113,K03825.01,FALSE POSITIVE,False Positive
8240123,K03826.01,FALSE POSITIVE,False Positive
5114623,K03827.01,FALSE POSITIVE,False Positive
5114623,K03827.02,FALSE POSITIVE,False Positive
10031907,K03828.01,FALSE POSITIVE,False Positive
6525946,K02093.02,CANDIDATE,Exoplanet Candidate
5480736,K03904.01,FALSE POSITIVE,False Positive
8487748,K03905.01,FALSE POSITIVE,False Positive
9892856,K03906.01,FALSE POSITIVE,False Positive
7137213,K03907.01,FALSE POSITIVE,False Positive
6795089,K07792.01,FALSE POSITIVE,False Positive
3340313,K03677.01,FALSE POSITIVE,False Positive
9892816,K01955.04,CONFIRMED,Exoplanet Candidate
4150804,K03678.01,CONFIRMED,Exoplanet Candidate
5021174,K03679.01,FALSE POSITIVE,False Positive
9025971,K03680.01,CONFIRMED,Exoplanet Candidate
2581316,K03681.01,CONFIRMED,Exoplanet Candidate
9973109,K02018.02,CANDIDATE,Exoplanet Candidate
6314185,K03752.01,FALSE POSITIVE,False Positive
8620561,K03753.01,FALSE POSITIVE,False Positive
8937019,K03754.01,FALSE POSITIVE,False Positive
9896435,K03755.01,FALSE POSITIVE,False Positive
10352938,K03756.01,FALSE POSITIVE,Exoplanet Candidate
10676927,K03830.01,FALSE POSITIVE,False Positive
5649836,K03831.01,FALSE POSITIVE,False Positive
7620660,K03832.01,FALSE POSITIVE,False Positive
3836399,K03834.01,FALSE POSITIVE,False Positive
2581554,K03835.01,CONFIRMED,Exoplanet Candidate
3128552,K02055.03,CONFIRMED,Exoplanet Candidate
10363115,K03908.01,CONFIRMED,Exoplanet Candidate
5966810,K03909.01,CANDIDATE,Exoplanet Candidate
10491062,K03910.01,FALSE POSITIVE,False Positive
9761615,K03911.01,CONFIRMED,Exoplanet Candidate
4058881,K03912.01,FALSE POSITIVE,False Positive
6863158,K07793.01,CANDIDATE,False Positive
2581316,K03681.02,CONFIRMED,Exoplanet Candidate
8621353,K03682.01,FALSE POSITIVE,False Positive
10795103,K03683.01,CONFIRMED,Exoplanet Candidate
9394601,K03684.01,FALSE POSITIVE,False Positive
8494410,K03685.01,FALSE POSITIVE,False Positive
8494410,K03685.02,CONFIRMED,Exoplanet Candidate
6863161,K03757.01,FALSE POSITIVE,False Positive
7840035,K03758.01,FALSE POSITIVE,False Positive
8543279,K03759.01,FALSE POSITIVE,False Positive
8047283,K03760.01,FALSE POSITIVE,False Positive
8308347,K03761.01,CANDIDATE,Exoplanet Candidate
7090867,K07810.01,FALSE POSITIVE,False Positive
7612691,K03836.01,FALSE POSITIVE,False Positive
9761573,K03837.01,FALSE POSITIVE,False Positive
8042789,K03838.01,FALSE POSITIVE,False Positive
10095484,K03839.01,FALSE POSITIVE,False Positive
5467102,K03840.01,FALSE POSITIVE,False Positive
6780367,K07789.01,FALSE POSITIVE,False Positive
10281221,K03913.01,CANDIDATE,False Positive
6525946,K02093.03,CANDIDATE,Exoplanet Candidate
5471496,K03914.01,FALSE POSITIVE,False Positive
4544620,K03915.01,FALSE POSITIVE,False Positive
5784777,K03916.01,CONFIRMED,Exoplanet Candidate
6863187,K07794.01,FALSE POSITIVE,False Positive
6949061,K01960.02,CONFIRMED,Exoplanet Candidate
9719636,K03686.01,FALSE POSITIVE,False Positive
2452440,K03687.01,FALSE POSITIVE,False Positive
5020034,K03688.01,FALSE POSITIVE,False Positive
7017372,K03689.01,CANDIDATE,Exoplanet Candidate
6974867,K07800.01,FALSE POSITIVE,False Positive
7102316,K02028.03,CONFIRMED,Exoplanet Candidate
11518142,K03762.01,CONFIRMED,Exoplanet Candidate
3114667,K03763.01,FALSE POSITIVE,False Positive
12109845,K03765.01,FALSE POSITIVE,False Positive
3954227,K03766.01,FALSE POSITIVE,False Positive
8651551,K03841.01,FALSE POSITIVE,False Positive
7115550,K07811.01,FALSE POSITIVE,False Positive
9532637,K03842.01,FALSE POSITIVE,False Positive
5305451,K03843.01,FALSE POSITIVE,False Positive
7174349,K03844.01,FALSE POSITIVE,False Positive
11824218,K03845.01,FALSE POSITIVE,False Positive
3128552,K02055.04,CANDIDATE,Exoplanet Candidate
10788461,K03925.01,CONFIRMED,Exoplanet Candidate
10788461,K03925.02,CONFIRMED,Exoplanet Candidate
10788461,K03925.03,CONFIRMED,Exoplanet Candidate
11667548,K03926.01,FALSE POSITIVE,False Positive
8868649,K03927.01,FALSE POSITIVE,False Positive
9715939,K03690.01,FALSE POSITIVE,False Positive
6887030,K07795.01,CANDIDATE,Exoplanet Candidate
4751083,K03691.01,FALSE POSITIVE,False Positive
4751083,K03691.02,FALSE POSITIVE,False Positive
5903301,K03692.01,FALSE POSITIVE,False Positive
7695087,K03693.01,FALSE POSITIVE,False Positive
6200709,K03694.01,FALSE POSITIVE,False Positive
8323764,K03767.01,CANDIDATE,False Positive
7013923,K07801.01,FALSE POSITIVE,False Positive
5360082,K03768.01,FALSE POSITIVE,False Positive
6543683,K03769.01,FALSE POSITIVE,False Positive
5008245,K03770.01,CANDIDATE,Exoplanet Candidate
10555365,K03771.01,FALSE POSITIVE,False Positive
5481426,K03772.01,FALSE POSITIVE,False Positive
7983756,K03846.01,FALSE POSITIVE,False Positive
7289165,K03847.01,FALSE POSITIVE,False Positive
12784167,K03848.01,CONFIRMED,Exoplanet Candidate
8949316,K03849.01,FALSE POSITIVE,False Positive
8912730,K03850.01,FALSE POSITIVE,False Positive
9784230,K03851.01,FALSE POSITIVE,False Positive
11466960,K03917.01,FALSE POSITIVE,False Positive
3124420,K03918.01,FALSE POSITIVE,False Positive
4649440,K03919.01,FALSE POSITIVE,False Positive
2437488,K03920.01,FALSE POSITIVE,False Positive
10083623,K03921.01,FALSE POSITIVE,False Positive
11253711,K01972.02,CONFIRMED,Exoplanet Candidate
8043052,K03695.01,FALSE POSITIVE,False Positive
5435816,K03696.01,FALSE POSITIVE,False Positive
8559589,K03697.01,FALSE POSITIVE,False Positive
4372765,K03698.01,FALSE POSITIVE,False Positive
9489524,K02029.03,CONFIRMED,Exoplanet Candidate
10268903,K03773.01,FALSE POSITIVE,False Positive
7017437,K07802.01,FALSE POSITIVE,False Positive
7220320,K03775.01,FALSE POSITIVE,False Positive
9291378,K03776.01,FALSE POSITIVE,False Positive
4075067,K03777.01,CANDIDATE,Exoplanet Candidate
4949524,K03852.01,FALSE POSITIVE,False Positive
2697935,K03853.01,FALSE POSITIVE,False Positive
6531143,K07784.01,FALSE POSITIVE,False Positive
3550434,K03854.01,FALSE POSITIVE,False Positive
2558370,K03855.01,FALSE POSITIVE,False Positive
12301181,K02059.02,CANDIDATE,Exoplanet Candidate
5397166,K03856.01,FALSE POSITIVE,False Positive
7024530,K03922.01,FALSE POSITIVE,False Positive
5015459,K03923.01,FALSE POSITIVE,False Positive
11709124,K00435.04,CONFIRMED,Exoplanet Candidate
8505920,K02094.02,CONFIRMED,Exoplanet Candidate
1433980,K03924.01,FALSE POSITIVE,False Positive
2438490,K03699.01,FALSE POSITIVE,False Positive
3838496,K03700.01,FALSE POSITIVE,False Positive
6470521,K03701.01,FALSE POSITIVE,False Positive
2449090,K03702.01,FALSE POSITIVE,False Positive
5652260,K03703.01,FALSE POSITIVE,False Positive
2569494,K03704.01,FALSE POSITIVE,False Positive
12405950,K03778.01,FALSE POSITIVE,False Positive
5206233,K03779.01,FALSE POSITIVE,False Positive
7031066,K07803.01,FALSE POSITIVE,False Positive
6775985,K03780.01,FALSE POSITIVE,False Positive
11357192,K03782.01,FALSE POSITIVE,False Positive
9533489,K03783.01,FALSE POSITIVE,False Positive
11825057,K03857.01,FALSE POSITIVE,False Positive
12306699,K03858.01,FALSE POSITIVE,False Positive
9692336,K03859.01,FALSE POSITIVE,False Positive
9641008,K03860.01,FALSE POSITIVE,False Positive
8588377,K03861.01,FALSE POSITIVE,False Positive
3644601,K03862.01,FALSE POSITIVE,False Positive
4242692,K03928.01,CONFIRMED,Exoplanet Candidate
8781480,K03929.01,FALSE POSITIVE,False Positive
6783732,K07790.01,FALSE POSITIVE,False Positive
11607176,K03930.01,FALSE POSITIVE,False Positive
10661718,K03931.01,FALSE POSITIVE,False Positive
6105462,K02098.02,CONFIRMED,Exoplanet Candidate
8257205,K01986.02,CONFIRMED,Exoplanet Candidate
6470516,K03705.01,FALSE POSITIVE,False Positive
6891124,K07796.01,CANDIDATE,Exoplanet Candidate
7770471,K03706.01,FALSE POSITIVE,False Positive
5130380,K03707.01,FALSE POSITIVE,False Positive
6314173,K03708.01,FALSE POSITIVE,False Positive
5688997,K03784.01,FALSE POSITIVE,False Positive
9489524,K02029.04,CANDIDATE,Exoplanet Candidate
7031340,K07804.01,FALSE POSITIVE,False Positive
4073730,K03785.01,FALSE POSITIVE,False Positive
2854948,K03786.01,FALSE POSITIVE,False Positive
7813039,K03787.01,CANDIDATE,Exoplanet Candidate
3644601,K03862.02,FALSE POSITIVE,False Positive
8459354,K03863.01,FALSE POSITIVE,False Positive
6531617,K07785.01,CANDIDATE,False Positive
4164922,K03864.01,CONFIRMED,Exoplanet Candidate
12061969,K02061.02,CONFIRMED,Exoplanet Candidate
4164922,K03864.02,CANDIDATE,Exoplanet Candidate
10328393,K01905.03,CONFIRMED,Exoplanet Candidate
10259029,K03630.01,FALSE POSITIVE,False Positive
8299947,K03631.01,FALSE POSITIVE,False Positive
3335813,K03632.01,FALSE POSITIVE,False Positive
11858741,K03633.01,FALSE POSITIVE,False Positive
6363494,K03634.01,FALSE POSITIVE,False Positive
2576107,K03709.01,FALSE POSITIVE,False Positive
9532421,K03710.01,FALSE POSITIVE,False Positive
6936966,K07797.01,FALSE POSITIVE,False Positive
5653849,K03711.01,FALSE POSITIVE,False Positive
2437060,K03712.01,FALSE POSITIVE,False Positive
8127648,K03713.01,FALSE POSITIVE,False Positive
11564013,K03714.01,FALSE POSITIVE,False Positive
9405541,K03788.01,FALSE POSITIVE,False Positive
8906045,K03789.01,FALSE POSITIVE,False Positive
7031638,K07805.01,FALSE POSITIVE,False Positive
7296094,K03790.01,FALSE POSITIVE,False Positive
5437945,K03791.01,CONFIRMED,Exoplanet Candidate
12009347,K03792.01,FALSE POSITIVE,False Positive
4037163,K03793.01,FALSE POSITIVE,False Positive
5535890,K03865.01,FALSE POSITIVE,False Positive
5215980,K03866.01,FALSE POSITIVE,False Positive
9353742,K03867.01,CONFIRMED,Exoplanet Candidate
9178185,K03868.01,FALSE POSITIVE,False Positive
6290382,K03869.01,FALSE POSITIVE,False Positive
3327992,K03635.01,FALSE POSITIVE,False Positive
5649206,K03636.01,FALSE POSITIVE,False Positive
5193384,K03637.01,FALSE POSITIVE,False Positive
5181804,K03638.01,FALSE POSITIVE,False Positive
10491544,K03639.01,FALSE POSITIVE,False Positive
9101496,K01915.02,CONFIRMED,Exoplanet Candidate
11450414,K01992.02,CONFIRMED,Exoplanet Candidate
4937143,K03715.01,FALSE POSITIVE,False Positive
8719324,K03716.01,FALSE POSITIVE,Exoplanet Candidate
11241814,K03717.01,FALSE POSITIVE,False Positive
5036537,K03718.01,FALSE POSITIVE,False Positive
9837083,K03719.01,FALSE POSITIVE,False Positive
12557548,K03794.01,CONFIRMED,Exoplanet Candidate
3657758,K02034.02,CONFIRMED,Exoplanet Candidate
7031726,K07806.01,FALSE POSITIVE,False Positive
3338660,K03795.01,FALSE POSITIVE,False Positive
3338674,K03796.01,FALSE POSITIVE,False Positive
5546277,K03797.01,FALSE POSITIVE,False Positive
8258160,K03870.01,FALSE POSITIVE,False Positive
9752982,K03871.01,FALSE POSITIVE,False Positive
4666008,K03872.01,FALSE POSITIVE,False Positive
8430105,K03873.01,FALSE POSITIVE,False Positive
9517393,K02076.02,CONFIRMED,Exoplanet Candidate
8052474,K03640.01,FALSE POSITIVE,False Positive
3534118,K03641.01,FALSE POSITIVE,False Positive
3534118,K03641.02,FALSE POSITIVE,False Positive
2441161,K03642.01,FALSE POSITIVE,False Positive
3231120,K03643.01,FALSE POSITIVE,False Positive
12216706,K03644.01,FALSE POSITIVE,False Positive
12216706,K03644.02,FALSE POSITIVE,False Positive
10735331,K03720.01,FALSE POSITIVE,False Positive
7763269,K03721.01,FALSE POSITIVE,False Positive
8365739,K03722.01,CANDIDATE,Exoplanet Candidate
5471606,K03723.01,FALSE POSITIVE,False Positive
11200405,K03724.01,FALSE POSITIVE,False Positive
5475736,K03798.01,FALSE POSITIVE,False Positive
9049673,K03799.01,FALSE POSITIVE,False Positive
7031898,K07807.01,FALSE POSITIVE,False Positive
9593759,K03800.01,FALSE POSITIVE,False Positive
8827930,K03801.01,CANDIDATE,Exoplanet Candidate
5020044,K03802.01,FALSE POSITIVE,False Positive
11560037,K03874.01,FALSE POSITIVE,False Positive
11911561,K03875.01,FALSE POSITIVE,False Positive
6547322,K07786.01,FALSE POSITIVE,False Positive
3440118,K03876.01,CONFIRMED,Exoplanet Candidate
9159265,K03877.01,FALSE POSITIVE,False Positive
4472818,K03878.01,CONFIRMED,Exoplanet Candidate
5816806,K03645.01,FALSE POSITIVE,False Positive
6531496,K03646.01,FALSE POSITIVE,False Positive
9661869,K03647.01,FALSE POSITIVE,False Positive
6790592,K07791.01,CANDIDATE,Exoplanet Candidate
9411166,K01922.03,CONFIRMED,Exoplanet Candidate
3097352,K03648.01,FALSE POSITIVE,False Positive
6066379,K03649.01,FALSE POSITIVE,False Positive
6508221,K00416.03,CANDIDATE,Exoplanet Candidate
12154526,K02004.02,CONFIRMED,Exoplanet Candidate
6952971,K07798.01,CANDIDATE,Exoplanet Candidate
3459199,K03725.01,FALSE POSITIVE,False Positive
6973796,K03726.01,FALSE POSITIVE,Exoplanet Candidate
12023089,K03727.01,FALSE POSITIVE,False Positive
6286155,K03803.01,FALSE POSITIVE,False Positive
7831363,K03804.01,FALSE POSITIVE,False Positive
8804845,K02039.02,CONFIRMED,Exoplanet Candidate
4663185,K03805.01,FALSE POSITIVE,False Positive
5305471,K03806.01,FALSE POSITIVE,False Positive
5560830,K03879.01,FALSE POSITIVE,False Positive
4147444,K03880.01,CANDIDATE,False Positive
8211824,K03881.01,FALSE POSITIVE,False Positive
5980800,K03882.01,FALSE POSITIVE,False Positive
9592850,K03883.01,FALSE POSITIVE,False Positive
6227560,K03650.01,FALSE POSITIVE,False Positive
5866104,K03651.01,FALSE POSITIVE,False Positive
8256044,K03652.01,FALSE POSITIVE,False Positive
8780968,K03653.01,FALSE POSITIVE,False Positive
6960446,K03654.01,FALSE POSITIVE,False Positive
8264097,K03655.01,FALSE POSITIVE,False Positive
7515679,K03728.01,CONFIRMED,Exoplanet Candidate
9674592,K03729.01,FALSE POSITIVE,False Positive
9674592,K03729.02,FALSE POSITIVE,False Positive
10879213,K03730.01,FALSE POSITIVE,False Positive
5650314,K03731.01,FALSE POSITIVE,False Positive
6962901,K07799.01,FALSE POSITIVE,False Positive
8302302,K03732.01,FALSE POSITIVE,False Positive
10581918,K03807.01,FALSE POSITIVE,False Positive
3851949,K03808.01,FALSE POSITIVE,False Positive
9097892,K03809.01,FALSE POSITIVE,False Positive
5769943,K03810.01,CANDIDATE,Exoplanet Candidate
4638237,K03811.01,CANDIDATE,Exoplanet Candidate
9351316,K02078.02,CONFIRMED,Exoplanet Candidate
4579313,K03884.01,FALSE POSITIVE,False Positive
11614528,K03885.01,FALSE POSITIVE,False Positive
8848288,K03886.01,FALSE POSITIVE,False Positive
6590307,K07787.01,FALSE POSITIVE,False Positive
5308419,K03887.01,FALSE POSITIVE,False Positive
6312521,K03656.01,FALSE POSITIVE,False Positive
4579321,K03657.01,FALSE POSITIVE,False Positive
5202905,K01932.02,CONFIRMED,Exoplanet Candidate
1575690,K03658.01,FALSE POSITIVE,False Positive
4386047,K03659.01,FALSE POSITIVE,False Positive
5103998,K03660.01,FALSE POSITIVE,False Positive
9655858,K03733.01,FALSE POSITIVE,False Positive
12154526,K02004.03,CANDIDATE,Exoplanet Candidate
10275880,K03734.01,FALSE POSITIVE,False Positive
2166200,K03735.01,FALSE POSITIVE,False Positive
3547315,K03736.01,FALSE POSITIVE,False Positive
6933781,K03737.01,FALSE POSITIVE,False Positive
6148271,K03812.01,FALSE POSITIVE,False Positive
5386904,K03813.01,FALSE POSITIVE,False Positive
2997178,K03814.01,FALSE POSITIVE,False Positive
8956206,K02048.02,FALSE POSITIVE,False Positive
6507433,K03815.01,CANDIDATE,Exoplanet Candidate
8260198,K03888.01,FALSE POSITIVE,False Positive
10733174,K03889.01,FALSE POSITIVE,False Positive
8564976,K03890.01,FALSE POSITIVE,False Positive
8765560,K03891.01,CANDIDATE,False Positive
11760860,K03892.01,CONFIRMED,Exoplanet Candidate
7910148,K03661.01,FALSE POSITIVE,False Positive
12459731,K03662.01,FALSE POSITIVE,False Positive
12735740,K03663.01,CONFIRMED,Exoplanet Candidate
4678875,K03664.01,FALSE POSITIVE,False Positive
7812175,K03665.01,FALSE POSITIVE,False Positive
7708193,K03666.01,FALSE POSITIVE,False Positive
5478083,K03738.01,FALSE POSITIVE,False Positive
10857342,K03739.01,FALSE POSITIVE,False Positive
5215700,K03740.01,FALSE POSITIVE,False Positive
8780959,K03741.01,FALSE POSITIVE,False Positive
8780959,K03741.02,CANDIDATE,Exoplanet Candidate
5565486,K03742.01,FALSE POSITIVE,False Positive
8453214,K01776.01,FALSE POSITIVE,False Positive
8552719,K01792.01,CONFIRMED,Exoplanet Candidate
8556077,K02027.01,FALSE POSITIVE,False Positive
7757698,K07848.01,FALSE POSITIVE,False Positive
8625821,K01859.01,FALSE POSITIVE,False Positive
8652999,K01953.01,FALSE POSITIVE,Exoplanet Candidate
12164770,K02088.01,FALSE POSITIVE,False Positive
9541322,K02089.01,FALSE POSITIVE,False Positive
10470616,K02112.01,FALSE POSITIVE,False Positive
10362031,K02118.01,FALSE POSITIVE,False Positive
6373680,K02127.01,FALSE POSITIVE,False Positive
10963242,K01312.02,FALSE POSITIVE,Exoplanet Candidate
9150827,K01408.02,FALSE POSITIVE,False Positive
9957351,K03964.01,FALSE POSITIVE,False Positive
5385575,K03965.01,FALSE POSITIVE,False Positive
3732035,K03966.01,CONFIRMED,Exoplanet Candidate
5385697,K03967.01,FALSE POSITIVE,False Positive
5385697,K03967.02,FALSE POSITIVE,False Positive
8823833,K03968.01,FALSE POSITIVE,False Positive
5008501,K01666.01,CANDIDATE,Exoplanet Candidate
5015913,K01667.01,FALSE POSITIVE,False Positive
5103942,K01668.01,FALSE POSITIVE,False Positive
5184709,K01670.01,CANDIDATE,Exoplanet Candidate
5195172,K01671.01,CONFIRMED,Exoplanet Candidate
8678664,K01782.01,FALSE POSITIVE,False Positive
8832512,K01821.01,CONFIRMED,Exoplanet Candidate
8892721,K01844.01,FALSE POSITIVE,False Positive
7778664,K07849.01,CANDIDATE,Exoplanet Candidate
9042357,K01993.01,FALSE POSITIVE,False Positive
9115681,K01865.01,FALSE POSITIVE,False Positive
10481045,K02320.01,FALSE POSITIVE,False Positive
8107034,K02322.01,FALSE POSITIVE,False Positive
3962751,K02326.01,FALSE POSITIVE,False Positive
8582291,K02330.01,FALSE POSITIVE,False Positive
5110683,K02334.01,FALSE POSITIVE,False Positive
7967861,K02349.01,FALSE POSITIVE,False Positive
8179325,K02359.01,FALSE POSITIVE,False Positive
5211199,K02158.02,CANDIDATE,Exoplanet Candidate
5475494,K03969.01,FALSE POSITIVE,False Positive
9412445,K03970.01,FALSE POSITIVE,False Positive
7866914,K03971.01,FALSE POSITIVE,False Positive
6057684,K03972.01,FALSE POSITIVE,False Positive
5271608,K01673.01,FALSE POSITIVE,False Positive
5357470,K01674.01,FALSE POSITIVE,False Positive
5443775,K01676.01,FALSE POSITIVE,False Positive
5527172,K01678.01,FALSE POSITIVE,False Positive
7386391,K07837.01,FALSE POSITIVE,False Positive
5529643,K01679.01,FALSE POSITIVE,False Positive
9366989,K01785.01,FALSE POSITIVE,False Positive
9468717,K01954.01,FALSE POSITIVE,False Positive
9528420,K01742.01,FALSE POSITIVE,False Positive
9529744,K01806.01,FALSE POSITIVE,False Positive
7834712,K07850.01,CANDIDATE,Exoplanet Candidate
9574614,K01745.01,CANDIDATE,Exoplanet Candidate
9674608,K01795.01,FALSE POSITIVE,False Positive
8495415,K02362.01,FALSE POSITIVE,Exoplanet Candidate
10341905,K02391.01,FALSE POSITIVE,False Positive
10336927,K02394.01,FALSE POSITIVE,False Positive
12115188,K02396.01,FALSE POSITIVE,Exoplanet Candidate
9850957,K02446.01,FALSE POSITIVE,False Positive
12470954,K00439.02,FALSE POSITIVE,False Positive
8189801,K02480.01,CANDIDATE,Exoplanet Candidate
11568224,K03973.01,FALSE POSITIVE,False Positive
7938883,K03974.01,FALSE POSITIVE,False Positive
9280239,K03975.01,CONFIRMED,Exoplanet Candidate
4544571,K03976.01,FALSE POSITIVE,False Positive
3245661,K03977.01,FALSE POSITIVE,False Positive
5618071,K01682.01,FALSE POSITIVE,False Positive
6312534,K01689.01,FALSE POSITIVE,False Positive
6470917,K01690.01,FALSE POSITIVE,False Positive
7431709,K07838.01,FALSE POSITIVE,False Positive
6611330,K01691.01,FALSE POSITIVE,False Positive
6699368,K01694.01,FALSE POSITIVE,False Positive
9886255,K01846.01,CONFIRMED,Exoplanet Candidate
9973855,K01966.01,FALSE POSITIVE,Exoplanet Candidate
10019399,K01796.01,FALSE POSITIVE,False Positive
7841368,K07851.01,FALSE POSITIVE,Exoplanet Candidate
10028352,K01957.01,CANDIDATE,Exoplanet Candidate
10031707,K01827.01,FALSE POSITIVE,False Positive
10092312,K01823.01,FALSE POSITIVE,False Positive
10407054,K02500.01,FALSE POSITIVE,False Positive
10880007,K02502.01,FALSE POSITIVE,False Positive
8418129,K02515.01,FALSE POSITIVE,False Positive
6525185,K02568.01,FALSE POSITIVE,False Positive
10812504,K02570.01,FALSE POSITIVE,Exoplanet Candidate
8107115,K02575.01,FALSE POSITIVE,False Positive
10663411,K02584.01,FALSE POSITIVE,False Positive
10090219,K03978.01,FALSE POSITIVE,False Positive
9205938,K02162.02,CONFIRMED,Exoplanet Candidate
9899217,K03979.01,FALSE POSITIVE,False Positive
6750902,K03980.01,FALSE POSITIVE,False Positive
5895588,K03981.01,FALSE POSITIVE,False Positive
6803855,K01695.01,CONFIRMED,Exoplanet Candidate
6891366,K01696.01,FALSE POSITIVE,False Positive
7448023,K07839.01,FALSE POSITIVE,False Positive
6891637,K01697.01,FALSE POSITIVE,False Positive
6975615,K01698.01,FALSE POSITIVE,False Positive
7137725,K01699.01,FALSE POSITIVE,False Positive
10153855,K01981.01,CONFIRMED,Exoplanet Candidate
10230571,K01926.01,FALSE POSITIVE,False Positive
10294613,K01896.01,FALSE POSITIVE,False Positive
7879648,K07852.01,FALSE POSITIVE,False Positive
10491044,K01763.01,FALSE POSITIVE,False Positive
10614012,K01807.01,FALSE POSITIVE,False Positive
10616415,K01999.01,FALSE POSITIVE,False Positive
6525193,K02653.01,FALSE POSITIVE,False Positive
6866251,K02661.01,FALSE POSITIVE,False Positive
7117710,K07817.01,FALSE POSITIVE,False Positive
7762723,K02663.01,CONFIRMED,Exoplanet Candidate
4178606,K02728.01,CONFIRMED,Exoplanet Candidate
5980208,K02742.01,CONFIRMED,Exoplanet Candidate
5303557,K03982.01,FALSE POSITIVE,False Positive
10227863,K03983.01,FALSE POSITIVE,False Positive
7281668,K07829.01,FALSE POSITIVE,False Positive
8036287,K03984.01,CONFIRMED,Exoplanet Candidate
9602562,K03985.01,FALSE POSITIVE,False Positive
10668665,K03986.01,FALSE POSITIVE,False Positive
10407020,K03987.01,FALSE POSITIVE,False Positive
7380829,K01703.01,FALSE POSITIVE,False Positive
7470491,K07840.01,FALSE POSITIVE,False Positive
7768952,K01709.01,FALSE POSITIVE,False Positive
8162790,K01712.01,FALSE POSITIVE,Exoplanet Candidate
9655129,K01714.01,FALSE POSITIVE,False Positive
9899483,K01719.01,FALSE POSITIVE,False Positive
10917681,K01963.01,CANDIDATE,Exoplanet Candidate
7882360,K07853.01,FALSE POSITIVE,False Positive
10965740,K01887.01,FALSE POSITIVE,False Positive
11187436,K01804.01,CONFIRMED,Exoplanet Candidate
11285136,K01774.01,FALSE POSITIVE,Exoplanet Candidate
11298815,K02015.01,FALSE POSITIVE,False Positive
11342573,K01771.01,FALSE POSITIVE,False Positive
7134626,K07818.01,CANDIDATE,Exoplanet Candidate
9823519,K02793.01,CONFIRMED,Exoplanet Candidate
11246161,K02796.01,CANDIDATE,Exoplanet Candidate
7047824,K02806.01,CONFIRMED,Exoplanet Candidate
4479633,K02814.01,FALSE POSITIVE,False Positive
4952341,K02818.01,FALSE POSITIVE,False Positive
8176019,K02843.01,FALSE POSITIVE,False Positive
5385491,K03988.01,FALSE POSITIVE,False Positive
11358389,K02163.02,CONFIRMED,Exoplanet Candidate
5551504,K03989.01,FALSE POSITIVE,False Positive
6421503,K03990.01,FALSE POSITIVE,False Positive
10352333,K03991.01,CANDIDATE,Exoplanet Candidate
7538434,K07841.01,FALSE POSITIVE,False Positive
10487119,K01635.01,FALSE POSITIVE,False Positive
10621666,K01636.01,FALSE POSITIVE,False Positive
10747439,K01638.01,FALSE POSITIVE,False Positive
10749128,K01639.01,FALSE POSITIVE,False Positive
10813841,K01640.01,FALSE POSITIVE,Exoplanet Candidate
10879656,K01642.01,FALSE POSITIVE,False Positive
12253474,K01947.01,CANDIDATE,Exoplanet Candidate
12691412,K01983.01,FALSE POSITIVE,False Positive
5024482,K02041.01,FALSE POSITIVE,False Positive
8175131,K02139.01,FALSE POSITIVE,False Positive
3764879,K02141.01,CANDIDATE,False Positive
7177766,K07819.01,FALSE POSITIVE,False Positive
5513897,K02591.01,FALSE POSITIVE,False Positive
10664416,K02599.01,FALSE POSITIVE,False Positive
9602613,K02612.01,CONFIRMED,Exoplanet Candidate
5807769,K02614.01,CONFIRMED,Exoplanet Candidate
11495766,K02630.01,FALSE POSITIVE,False Positive
7282154,K07830.01,FALSE POSITIVE,False Positive
3228988,K03992.01,FALSE POSITIVE,False Positive
2970804,K03993.01,FALSE POSITIVE,False Positive
7552701,K03994.01,FALSE POSITIVE,False Positive
7418173,K03995.01,FALSE POSITIVE,False Positive
3228804,K03996.01,FALSE POSITIVE,False Positive
11045383,K01645.01,FALSE POSITIVE,False Positive
11391667,K01652.01,FALSE POSITIVE,False Positive
11392017,K01653.01,FALSE POSITIVE,False Positive
3446451,K01735.01,FALSE POSITIVE,False Positive
6603756,K01729.01,FALSE POSITIVE,False Positive
8460600,K01730.01,FALSE POSITIVE,False Positive
12121470,K02142.01,FALSE POSITIVE,False Positive
3327993,K02157.01,FALSE POSITIVE,False Positive
5467124,K02161.01,FALSE POSITIVE,False Positive
7906739,K02165.01,FALSE POSITIVE,False Positive
2860114,K02170.01,FALSE POSITIVE,False Positive
8501062,K02176.01,FALSE POSITIVE,False Positive
7199644,K07821.01,FALSE POSITIVE,False Positive
11966253,K02772.01,FALSE POSITIVE,False Positive
10275805,K02782.01,FALSE POSITIVE,False Positive
5709889,K02783.01,FALSE POSITIVE,False Positive
3119256,K02784.01,FALSE POSITIVE,False Positive
9943435,K02788.01,FALSE POSITIVE,False Positive
2442359,K03997.01,FALSE POSITIVE,False Positive
7707742,K03998.01,FALSE POSITIVE,False Positive
6041734,K02167.03,CONFIRMED,Exoplanet Candidate
2010191,K03999.01,FALSE POSITIVE,False Positive
5471675,K04000.01,FALSE POSITIVE,False Positive
7601665,K07842.01,CANDIDATE,Exoplanet Candidate
8845574,K01734.01,FALSE POSITIVE,False Positive
2021440,K01987.01,FALSE POSITIVE,False Positive
3122985,K01949.01,FALSE POSITIVE,False Positive
3248019,K01759.01,FALSE POSITIVE,False Positive
3328026,K01994.01,FALSE POSITIVE,False Positive
7116024,K07812.01,FALSE POSITIVE,False Positive
2014991,K02178.01,FALSE POSITIVE,False Positive
12885212,K02184.01,FALSE POSITIVE,False Positive
5894073,K02187.01,FALSE POSITIVE,False Positive
10518424,K02188.01,FALSE POSITIVE,False Positive
4245933,K02190.01,FALSE POSITIVE,False Positive
7199724,K07822.01,FALSE POSITIVE,False Positive
12935144,K02847.01,FALSE POSITIVE,Exoplanet Candidate
6185496,K02858.01,FALSE POSITIVE,False Positive
6606438,K02860.01,CONFIRMED,Exoplanet Candidate
9149789,K02874.01,CANDIDATE,Exoplanet Candidate
12170648,K02875.01,FALSE POSITIVE,False Positive
7051984,K02879.01,CANDIDATE,False Positive
7282168,K07831.01,FALSE POSITIVE,False Positive
9851943,K04001.01,FALSE POSITIVE,False Positive
5773121,K04002.01,CONFIRMED,Exoplanet Candidate
2708420,K04003.01,FALSE POSITIVE,False Positive
4814502,K04004.01,CONFIRMED,Exoplanet Candidate
8142787,K04005.01,CONFIRMED,Exoplanet Candidate
7613620,K07843.01,CANDIDATE,False Positive
3345675,K01772.01,CANDIDATE,Exoplanet Candidate
3654950,K01766.01,FALSE POSITIVE,False Positive
3836453,K01903.01,FALSE POSITIVE,False Positive
3952651,K01912.01,FALSE POSITIVE,False Positive
3966262,K01811.01,FALSE POSITIVE,False Positive
4144231,K01791.01,FALSE POSITIVE,False Positive
9964670,K02192.01,FALSE POSITIVE,False Positive
6209798,K02196.01,FALSE POSITIVE,False Positive
6525249,K02197.01,FALSE POSITIVE,False Positive
11075429,K02198.01,CONFIRMED,Exoplanet Candidate
11705004,K02199.01,CONFIRMED,Exoplanet Candidate
6137681,K03932.01,FALSE POSITIVE,False Positive
11244682,K03933.01,CONFIRMED,Exoplanet Candidate
9655419,K03934.01,FALSE POSITIVE,False Positive
5895158,K03935.01,CONFIRMED,Exoplanet Candidate
4947556,K03936.01,CANDIDATE,Exoplanet Candidate
7287028,K07832.01,CANDIDATE,Exoplanet Candidate
5471690,K04006.01,FALSE POSITIVE,False Positive
8376848,K04007.01,CANDIDATE,False Positive
5350447,K04008.01,FALSE POSITIVE,False Positive
4173026,K02172.02,CONFIRMED,Exoplanet Candidate
8934103,K04009.01,CONFIRMED,Exoplanet Candidate
7618364,K07844.01,FALSE POSITIVE,False Positive
4150390,K01768.01,FALSE POSITIVE,False Positive
4851464,K01757.01,FALSE POSITIVE,False Positive
4913000,K01775.01,FALSE POSITIVE,False Positive
4945877,K01936.01,FALSE POSITIVE,False Positive
5110423,K01777.01,FALSE POSITIVE,False Positive
2581191,K02203.01,FALSE POSITIVE,False Positive
7379385,K02207.01,FALSE POSITIVE,False Positive
6199702,K02211.01,FALSE POSITIVE,False Positive
6307083,K02050.01,FALSE POSITIVE,Exoplanet Candidate
6780158,K02231.01,FALSE POSITIVE,False Positive
7199756,K07823.01,FALSE POSITIVE,False Positive
4947556,K03936.02,CONFIRMED,Exoplanet Candidate
7362696,K03937.01,FALSE POSITIVE,False Positive
3865595,K03938.01,FALSE POSITIVE,False Positive
9593528,K03939.01,FALSE POSITIVE,False Positive
5195945,K03940.01,FALSE POSITIVE,False Positive
7300182,K07833.01,CANDIDATE,Exoplanet Candidate
5288577,K04010.01,FALSE POSITIVE,False Positive
11969988,K04011.01,FALSE POSITIVE,False Positive
8483258,K04012.01,FALSE POSITIVE,False Positive
4832225,K04013.01,FALSE POSITIVE,False Positive
9009953,K04014.01,CONFIRMED,Exoplanet Candidate
7664272,K07845.01,FALSE POSITIVE,False Positive
5302006,K01755.01,FALSE POSITIVE,False Positive
5306720,K01991.01,FALSE POSITIVE,False Positive
5389540,K01836.01,FALSE POSITIVE,False Positive
5444384,K01778.01,FALSE POSITIVE,False Positive
5450814,K01780.01,FALSE POSITIVE,False Positive
7116519,K07813.01,FALSE POSITIVE,False Positive
9635510,K02234.01,FALSE POSITIVE,False Positive
8076630,K02235.01,FALSE POSITIVE,False Positive
4077901,K02239.01,FALSE POSITIVE,False Positive
10271691,K02240.01,FALSE POSITIVE,False Positive
10544677,K02244.01,FALSE POSITIVE,False Positive
7199883,K07824.01,FALSE POSITIVE,False Positive
9904006,K02135.02,CANDIDATE,Exoplanet Candidate
8552587,K03941.01,FALSE POSITIVE,False Positive
6019872,K03942.01,FALSE POSITIVE,False Positive
7679812,K03943.01,CONFIRMED,Exoplanet Candidate
4864734,K03944.01,FALSE POSITIVE,False Positive
7366501,K07834.01,CANDIDATE,Exoplanet Candidate
8282846,K04015.01,CONFIRMED,Exoplanet Candidate
5938970,K04016.01,CONFIRMED,Exoplanet Candidate
8381693,K04017.01,FALSE POSITIVE,False Positive
4929299,K04018.01,FALSE POSITIVE,False Positive
7375348,K00266.01,CONFIRMED,Exoplanet Candidate
10223615,K00065.01,FALSE POSITIVE,False Positive
3342463,K00383.01,FALSE POSITIVE,False Positive
6680177,K00860.01,FALSE POSITIVE,False Positive
5565497,K01789.01,FALSE POSITIVE,False Positive
5730389,K01956.01,FALSE POSITIVE,False Positive
5802478,K01834.01,FALSE POSITIVE,Exoplanet Candidate
5942093,K01995.01,FALSE POSITIVE,False Positive
5992270,K01855.01,FALSE POSITIVE,Exoplanet Candidate
7117126,K07814.01,FALSE POSITIVE,False Positive
4761060,K02249.01,FALSE POSITIVE,False Positive
5479802,K02251.01,FALSE POSITIVE,False Positive
5607631,K02254.01,FALSE POSITIVE,False Positive
4951249,K02258.01,FALSE POSITIVE,False Positive
9156585,K02054.01,FALSE POSITIVE,False Positive
3121340,K03945.01,FALSE POSITIVE,False Positive
8636434,K03946.01,CONFIRMED,Exoplanet Candidate
5952366,K03947.01,FALSE POSITIVE,False Positive
5952366,K03947.02,FALSE POSITIVE,False Positive
6045250,K03948.01,FALSE POSITIVE,False Positive
5598595,K03949.01,FALSE POSITIVE,False Positive
6681233,K00562.01,FALSE POSITIVE,False Positive
7296438,K00364.01,CANDIDATE,False Positive
7351237,K00879.01,FALSE POSITIVE,False Positive
7436215,K00885.01,FALSE POSITIVE,False Positive
9763754,K00589.01,FALSE POSITIVE,False Positive
10216045,K00594.01,FALSE POSITIVE,False Positive
8846163,K00962.01,FALSE POSITIVE,False Positive
12366681,K00973.01,FALSE POSITIVE,False Positive
1996399,K01026.01,FALSE POSITIVE,False Positive
2697169,K01027.01,FALSE POSITIVE,False Positive
8435247,K01131.01,FALSE POSITIVE,False Positive
8332986,K01137.01,FALSE POSITIVE,False Positive
9425139,K01411.01,CANDIDATE,Exoplanet Candidate
6364327,K01744.01,FALSE POSITIVE,False Positive
6762829,K01740.01,FALSE POSITIVE,False Positive
7369865,K01918.01,FALSE POSITIVE,False Positive
7593110,K01748.01,FALSE POSITIVE,False Positive
7810483,K01943.01,CONFIRMED,Exoplanet Candidate
7117147,K07815.01,FALSE POSITIVE,False Positive
6634133,K02262.01,FALSE POSITIVE,False Positive
7021534,K02267.01,FALSE POSITIVE,False Positive
9277210,K02268.01,FALSE POSITIVE,False Positive
9728465,K02270.01,FALSE POSITIVE,False Positive
7124026,K02275.01,FALSE POSITIVE,False Positive
7200485,K07825.01,FALSE POSITIVE,False Positive
9904006,K02135.03,CONFIRMED,Exoplanet Candidate
4544572,K03950.01,FALSE POSITIVE,False Positive
5738634,K03951.01,FALSE POSITIVE,False Positive
10152836,K03952.01,FALSE POSITIVE,Exoplanet Candidate
10651816,K03953.01,FALSE POSITIVE,False Positive
7367164,K07835.01,CANDIDATE,Exoplanet Candidate
6964043,K01351.01,FALSE POSITIVE,False Positive
3644523,K01195.01,FALSE POSITIVE,False Positive
11909686,K01483.01,FALSE POSITIVE,False Positive
6678383,K00111.04,FALSE POSITIVE,False Positive
12644769,K01611.01,FALSE POSITIVE,False Positive
6233890,K01624.01,FALSE POSITIVE,False Positive
7671950,K07846.01,CANDIDATE,Exoplanet Candidate
7918172,K01817.01,FALSE POSITIVE,False Positive
8009496,K01869.01,FALSE POSITIVE,Exoplanet Candidate
8081187,K01951.01,CONFIRMED,Exoplanet Candidate
8111919,K02030.01,FALSE POSITIVE,False Positive
8127586,K01752.01,FALSE POSITIVE,False Positive
7117485,K07816.01,FALSE POSITIVE,False Positive
2860793,K02277.01,FALSE POSITIVE,False Positive
3851130,K02284.01,FALSE POSITIVE,False Positive
7257363,K02292.01,FALSE POSITIVE,False Positive
11922722,K02301.01,FALSE POSITIVE,False Positive
12061969,K02061.01,CONFIRMED,Exoplanet Candidate
7203326,K07826.01,FALSE POSITIVE,False Positive
8030339,K03954.01,FALSE POSITIVE,False Positive
9899414,K03955.01,FALSE POSITIVE,False Positive
5471059,K03956.01,FALSE POSITIVE,False Positive
7458309,K03957.01,FALSE POSITIVE,False Positive
7777372,K03958.01,FALSE POSITIVE,False Positive
7377200,K07836.01,FALSE POSITIVE,False Positive
6312314,K01625.01,FALSE POSITIVE,False Positive
6387969,K01617.01,FALSE POSITIVE,False Positive
6468337,K01620.01,FALSE POSITIVE,False Positive
9084778,K01631.01,CANDIDATE,Exoplanet Candidate
10357040,K01634.01,FALSE POSITIVE,False Positive
10514429,K01614.01,FALSE POSITIVE,False Positive
7747103,K07847.01,CANDIDATE,Exoplanet Candidate
8127607,K01919.01,FALSE POSITIVE,False Positive
8129042,K01743.01,FALSE POSITIVE,False Positive
8180020,K01741.01,FALSE POSITIVE,False Positive
8223328,K01767.01,FALSE POSITIVE,False Positive
8444552,K01769.01,FALSE POSITIVE,False Positive
6342333,K02065.01,CONFIRMED,Exoplanet Candidate
10674871,K02068.01,CANDIDATE,Exoplanet Candidate
6032517,K02070.01,FALSE POSITIVE,False Positive
4768846,K02077.01,FALSE POSITIVE,False Positive
8260234,K02085.01,FALSE POSITIVE,False Positive
7210749,K07828.01,FALSE POSITIVE,Exoplanet Candidate
9282769,K03959.01,FALSE POSITIVE,False Positive
10404582,K02147.02,CONFIRMED,Exoplanet Candidate
7777416,K03960.01,FALSE POSITIVE,False Positive
7597005,K03961.01,FALSE POSITIVE,False Positive
5479717,K03962.01,FALSE POSITIVE,False Positive
3764714,K03963.01,FALSE POSITIVE,False Positive
11392618,K01623.01,FALSE POSITIVE,False Positive
4474645,K01657.01,FALSE POSITIVE,False Positive
4570949,K01658.01,CONFIRMED,False Positive
4927315,K01663.01,FALSE POSITIVE,False Positive
4928119,K01664.01,FALSE POSITIVE,False Positive
11518201,K03104.01,CANDIDATE,Exoplanet Candidate
10861608,K03118.01,FALSE POSITIVE,False Positive
10934313,K03121.01,FALSE POSITIVE,False Positive
11497958,K01422.05,CONFIRMED,Exoplanet Candidate
7516809,K03133.01,FALSE POSITIVE,False Positive
6115516,K03134.01,FALSE POSITIVE,False Positive
9758032,K03137.01,CANDIDATE,Exoplanet Candidate
6444896,K03138.01,CONFIRMED,Exoplanet Candidate
5640511,K03139.01,FALSE POSITIVE,False Positive
7336093,K03143.01,FALSE POSITIVE,False Positive
10196493,K03149.01,FALSE POSITIVE,False Positive
11442793,K00351.05,CONFIRMED,Exoplanet Candidate
11442793,K00351.06,CONFIRMED,Exoplanet Candidate
7812455,K02881.01,FALSE POSITIVE,False Positive
9520443,K02893.01,FALSE POSITIVE,False Positive
10601465,K02902.01,FALSE POSITIVE,False Positive
7461307,K02909.01,FALSE POSITIVE,False Positive
7269881,K02916.01,FALSE POSITIVE,False Positive
6974658,K02925.01,CANDIDATE,Exoplanet Candidate
10964265,K02934.01,FALSE POSITIVE,False Positive
8672910,K00918.02,FALSE POSITIVE,Exoplanet Candidate
3233043,K00966.02,FALSE POSITIVE,False Positive
7269493,K01961.02,FALSE POSITIVE,False Positive
9634821,K02037.02,CANDIDATE,Exoplanet Candidate
8753896,K02473.02,FALSE POSITIVE,False Positive
11074835,K02533.02,FALSE POSITIVE,False Positive
10812504,K02570.02,FALSE POSITIVE,False Positive
9827149,K02586.02,FALSE POSITIVE,False Positive
9602613,K02612.02,CANDIDATE,Exoplanet Candidate
7584650,K02631.02,FALSE POSITIVE,False Positive
9758089,K01871.02,CONFIRMED,Exoplanet Candidate
10005758,K01783.02,CONFIRMED,Exoplanet Candidate
9823564,K02940.01,FALSE POSITIVE,False Positive
9532424,K02941.01,FALSE POSITIVE,False Positive
9950316,K02947.01,FALSE POSITIVE,False Positive
6028860,K02950.01,FALSE POSITIVE,False Positive
6778019,K02953.01,FALSE POSITIVE,False Positive
4571536,K02954.01,FALSE POSITIVE,False Positive
10904004,K02957.01,CANDIDATE,Exoplanet Candidate
3336283,K02974.01,FALSE POSITIVE,False Positive
5695904,K02983.01,FALSE POSITIVE,False Positive
1725415,K02988.01,FALSE POSITIVE,False Positive
11304987,K02993.01,FALSE POSITIVE,False Positive
11709423,K03001.01,FALSE POSITIVE,False Positive
8758136,K03006.01,FALSE POSITIVE,False Positive
12405333,K03009.01,CONFIRMED,Exoplanet Candidate
10617638,K03016.01,FALSE POSITIVE,False Positive
12833566,K03024.01,FALSE POSITIVE,False Positive
9153554,K03044.01,FALSE POSITIVE,False Positive
8161830,K03046.01,FALSE POSITIVE,False Positive
6461850,K03054.01,FALSE POSITIVE,False Positive
7613246,K03062.01,FALSE POSITIVE,False Positive
11551715,K03076.01,FALSE POSITIVE,False Positive
2715695,K03077.01,CONFIRMED,Exoplanet Candidate
11442793,K00351.04,CONFIRMED,Exoplanet Candidate
6312171,K03079.01,FALSE POSITIVE,False Positive
10665043,K03080.01,FALSE POSITIVE,False Positive
12352520,K03094.01,CONFIRMED,Exoplanet Candidate
7455981,K03096.01,CONFIRMED,Exoplanet Candidate
7107561,K03100.01,FALSE POSITIVE,False Positive
9605552,K03102.01,CANDIDATE,Exoplanet Candidate
11237332,K03103.01,FALSE POSITIVE,False Positive
8669092,K00068.01,FALSE POSITIVE,False Positive
5474613,K01599.02,CONFIRMED,False Positive
9823519,K02793.02,CONFIRMED,Exoplanet Candidate
2715695,K03077.02,CANDIDATE,Exoplanet Candidate
10587105,K00339.03,CONFIRMED,Exoplanet Candidate
8558011,K00577.02,CONFIRMED,False Positive
7885494,K07854.01,FALSE POSITIVE,False Positive
5281714,K05148.01,FALSE POSITIVE,False Positive
5283728,K05149.01,CANDIDATE,Exoplanet Candidate
5289857,K05150.01,FALSE POSITIVE,False Positive
5303185,K05151.01,FALSE POSITIVE,False Positive
5308777,K05152.01,FALSE POSITIVE,False Positive
5364090,K05153.01,FALSE POSITIVE,False Positive
5370944,K05154.01,FALSE POSITIVE,False Positive
5374838,K05155.01,CANDIDATE,Exoplanet Candidate
6364143,K05272.01,FALSE POSITIVE,False Positive
6364307,K05273.01,FALSE POSITIVE,False Positive
6366559,K05274.01,CANDIDATE,Exoplanet Candidate
6367663,K05275.01,CANDIDATE,Exoplanet Candidate
6368905,K05276.01,CANDIDATE,Exoplanet Candidate
6369548,K05277.01,FALSE POSITIVE,False Positive
6372194,K05278.01,CANDIDATE,Exoplanet Candidate
6387557,K05279.01,CANDIDATE,Exoplanet Candidate
3098843,K03376.01,FALSE POSITIVE,Exoplanet Candidate
3958301,K03381.02,FALSE POSITIVE,False Positive
5353137,K03447.01,FALSE POSITIVE,False Positive
4932689,K03453.01,FALSE POSITIVE,False Positive
5294945,K03463.01,CANDIDATE,Exoplanet Candidate
7742408,K03478.01,CONFIRMED,Exoplanet Candidate
3968809,K05030.01,CANDIDATE,Exoplanet Candidate
3970397,K05031.01,FALSE POSITIVE,False Positive
3973549,K05032.01,FALSE POSITIVE,False Positive
3974928,K05033.01,CANDIDATE,Exoplanet Candidate
4058169,K05034.01,FALSE POSITIVE,False Positive
4063943,K05035.01,CANDIDATE,Exoplanet Candidate
4068391,K05036.01,FALSE POSITIVE,False Positive
4071638,K05037.01,CANDIDATE,Exoplanet Candidate
5390913,K05156.01,CANDIDATE,False Positive
5391911,K05157.01,FALSE POSITIVE,False Positive
5394585,K05158.01,CANDIDATE,Exoplanet Candidate
5397106,K05159.01,FALSE POSITIVE,False Positive
5425643,K05160.01,CANDIDATE,Exoplanet Candidate
5425908,K05161.01,FALSE POSITIVE,False Positive
5428199,K05162.01,CANDIDATE,Exoplanet Candidate
5436415,K05163.01,FALSE POSITIVE,False Positive
6387887,K05280.01,FALSE POSITIVE,False Positive
6425377,K05281.01,CANDIDATE,Exoplanet Candidate
6428602,K05282.01,FALSE POSITIVE,False Positive
6442735,K05283.01,CANDIDATE,Exoplanet Candidate
6443093,K05284.01,CANDIDATE,Exoplanet Candidate
6447372,K05285.01,FALSE POSITIVE,False Positive
6461675,K05286.01,FALSE POSITIVE,False Positive
6509282,K05287.01,CANDIDATE,Exoplanet Candidate
8231667,K03494.01,CONFIRMED,Exoplanet Candidate
6697817,K03508.01,CANDIDATE,Exoplanet Candidate
3439096,K03509.01,FALSE POSITIVE,False Positive
3324644,K03781.01,FALSE POSITIVE,False Positive
5437945,K03791.02,CONFIRMED,Exoplanet Candidate
1161949,K04920.01,FALSE POSITIVE,False Positive
4077252,K05038.01,FALSE POSITIVE,False Positive
4077767,K05039.01,FALSE POSITIVE,False Positive
4135912,K05040.01,CANDIDATE,Exoplanet Candidate
4144238,K05041.01,FALSE POSITIVE,False Positive
4147171,K05042.01,FALSE POSITIVE,False Positive
4149060,K05043.01,FALSE POSITIVE,False Positive
4150972,K05044.01,CANDIDATE,Exoplanet Candidate
4160006,K05045.01,FALSE POSITIVE,False Positive
5436455,K05164.01,CANDIDATE,Exoplanet Candidate
5439000,K05165.01,CANDIDATE,Exoplanet Candidate
5440435,K05166.01,FALSE POSITIVE,False Positive
5440472,K05167.01,FALSE POSITIVE,False Positive
5440651,K05168.01,FALSE POSITIVE,False Positive
5443320,K05169.01,CANDIDATE,Exoplanet Candidate
5446961,K05170.01,FALSE POSITIVE,False Positive
5467126,K05171.01,FALSE POSITIVE,False Positive
6511182,K05288.01,CANDIDATE,Exoplanet Candidate
6517064,K05289.01,CANDIDATE,Exoplanet Candidate
6517200,K05290.01,CANDIDATE,Exoplanet Candidate
6517255,K05291.01,CANDIDATE,Exoplanet Candidate
6522124,K05292.01,FALSE POSITIVE,False Positive
6525196,K05293.01,FALSE POSITIVE,False Positive
6525398,K05294.01,FALSE POSITIVE,False Positive
6526377,K05295.01,FALSE POSITIVE,False Positive
1164301,K04921.01,CANDIDATE,Exoplanet Candidate
1297263,K04922.01,FALSE POSITIVE,False Positive
1429589,K04923.01,CANDIDATE,Exoplanet Candidate
1572948,K04924.01,FALSE POSITIVE,False Positive
1725193,K04925.01,FALSE POSITIVE,False Positive
1865864,K04926.01,CANDIDATE,Exoplanet Candidate
1870398,K04927.01,FALSE POSITIVE,False Positive
1873513,K04928.01,CONFIRMED,Exoplanet Candidate
4164511,K05046.01,CANDIDATE,Exoplanet Candidate
4179201,K05047.01,FALSE POSITIVE,Exoplanet Candidate
4241238,K05048.01,CANDIDATE,Exoplanet Candidate
4242806,K05049.01,FALSE POSITIVE,False Positive
4245861,K05050.01,FALSE POSITIVE,False Positive
4246343,K05051.01,FALSE POSITIVE,False Positive
4253860,K05052.01,FALSE POSITIVE,False Positive
4274816,K05053.01,FALSE POSITIVE,False Positive
5470851,K05172.01,FALSE POSITIVE,False Positive
5471108,K05173.01,FALSE POSITIVE,False Positive
5524229,K05174.01,CANDIDATE,Exoplanet Candidate
5525484,K05175.01,FALSE POSITIVE,False Positive
5529385,K05176.01,CANDIDATE,Exoplanet Candidate
5547424,K05177.01,FALSE POSITIVE,False Positive
5551240,K05178.01,CONFIRMED,Exoplanet Candidate
6527229,K05296.01,FALSE POSITIVE,False Positive
6543192,K05297.01,CANDIDATE,Exoplanet Candidate
6543674,K05298.01,FALSE POSITIVE,False Positive
6548429,K05299.01,FALSE POSITIVE,False Positive
6594945,K05300.01,CANDIDATE,Exoplanet Candidate
6599305,K05301.01,FALSE POSITIVE,False Positive
6600515,K05302.01,FALSE POSITIVE,False Positive
6608090,K05303.01,FALSE POSITIVE,False Positive
2010607,K04929.01,FALSE POSITIVE,False Positive
2015013,K04930.01,FALSE POSITIVE,False Positive
2019199,K04931.01,CANDIDATE,Exoplanet Candidate
2158460,K04932.01,CANDIDATE,False Positive
2163226,K04933.01,FALSE POSITIVE,False Positive
2165352,K04934.01,FALSE POSITIVE,False Positive
2305255,K04935.01,FALSE POSITIVE,False Positive
2305543,K04936.01,FALSE POSITIVE,False Positive
4276114,K05054.01,FALSE POSITIVE,False Positive
4281023,K05055.01,FALSE POSITIVE,False Positive
4281700,K05056.01,FALSE POSITIVE,False Positive
4346339,K05057.01,CANDIDATE,Exoplanet Candidate
4365461,K05058.01,FALSE POSITIVE,False Positive
4366923,K05059.01,FALSE POSITIVE,False Positive
4449752,K05060.01,FALSE POSITIVE,False Positive
4455763,K05061.01,FALSE POSITIVE,False Positive
5563057,K05179.01,FALSE POSITIVE,False Positive
5565261,K05180.01,FALSE POSITIVE,False Positive
5602409,K05181.01,FALSE POSITIVE,False Positive
5603270,K05182.01,FALSE POSITIVE,False Positive
5612111,K05183.01,FALSE POSITIVE,False Positive
5616628,K05184.01,FALSE POSITIVE,False Positive
5623137,K05185.01,FALSE POSITIVE,False Positive
6611779,K05304.01,FALSE POSITIVE,False Positive
6612411,K05305.01,FALSE POSITIVE,False Positive
6612973,K05306.01,FALSE POSITIVE,False Positive
6615600,K05307.01,FALSE POSITIVE,False Positive
6634112,K05308.01,CANDIDATE,Exoplanet Candidate
6635813,K05309.01,FALSE POSITIVE,False Positive
6675757,K05310.01,CANDIDATE,Exoplanet Candidate
6677415,K05311.01,FALSE POSITIVE,False Positive
2309910,K04937.01,FALSE POSITIVE,False Positive
2310993,K04938.01,CANDIDATE,Exoplanet Candidate
2437209,K04939.01,FALSE POSITIVE,False Positive
2437653,K04940.01,CANDIDATE,Exoplanet Candidate
2438406,K04941.01,FALSE POSITIVE,Exoplanet Candidate
2452289,K04942.01,FALSE POSITIVE,False Positive
2555080,K04943.01,CANDIDATE,Exoplanet Candidate
2569488,K04944.01,FALSE POSITIVE,False Positive
4459503,K05062.01,FALSE POSITIVE,False Positive
4464689,K05063.01,FALSE POSITIVE,False Positive
4469825,K05064.01,FALSE POSITIVE,False Positive
4470888,K05065.01,FALSE POSITIVE,False Positive
4471313,K05066.01,CANDIDATE,Exoplanet Candidate
4478142,K05067.01,CANDIDATE,Exoplanet Candidate
4484179,K05068.01,CANDIDATE,False Positive
5623839,K05186.01,FALSE POSITIVE,False Positive
5650420,K05187.01,FALSE POSITIVE,False Positive
5650930,K05188.01,CANDIDATE,False Positive
5653152,K05189.01,FALSE POSITIVE,False Positive
5653163,K05190.01,FALSE POSITIVE,False Positive
5685113,K05191.01,FALSE POSITIVE,Exoplanet Candidate
5697395,K05192.01,CANDIDATE,Exoplanet Candidate
5698524,K05193.01,FALSE POSITIVE,False Positive
6784887,K05328.01,FALSE POSITIVE,False Positive
6805414,K05329.01,CANDIDATE,Exoplanet Candidate
6864891,K05330.01,FALSE POSITIVE,Exoplanet Candidate
6869373,K05331.01,CANDIDATE,Exoplanet Candidate
6875342,K05332.01,CANDIDATE,Exoplanet Candidate
6879183,K05333.01,CANDIDATE,Exoplanet Candidate
7891264,K07855.01,FALSE POSITIVE,False Positive
6880123,K05334.01,FALSE POSITIVE,False Positive
6891512,K05335.01,FALSE POSITIVE,False Positive
2569516,K04945.01,FALSE POSITIVE,False Positive
2570432,K04946.01,FALSE POSITIVE,False Positive
2574543,K04947.01,FALSE POSITIVE,False Positive
2578811,K04948.01,FALSE POSITIVE,False Positive
7897936,K07856.01,FALSE POSITIVE,False Positive
2582800,K04949.01,FALSE POSITIVE,False Positive
2707916,K04950.01,FALSE POSITIVE,False Positive
2708270,K04951.01,FALSE POSITIVE,False Positive
4540508,K05069.01,FALSE POSITIVE,False Positive
4565943,K05070.01,FALSE POSITIVE,False Positive
4566848,K05071.01,CANDIDATE,Exoplanet Candidate
4570555,K05072.01,FALSE POSITIVE,False Positive
4586482,K05073.01,FALSE POSITIVE,False Positive
4647949,K05074.01,FALSE POSITIVE,False Positive
4678873,K05075.01,FALSE POSITIVE,False Positive
4732015,K05076.01,FALSE POSITIVE,False Positive
5709014,K05194.01,FALSE POSITIVE,False Positive
5732636,K05195.01,FALSE POSITIVE,False Positive
5734702,K05196.01,CANDIDATE,Exoplanet Candidate
5779606,K05197.01,FALSE POSITIVE,False Positive
5780194,K05198.01,FALSE POSITIVE,False Positive
5781991,K05199.01,FALSE POSITIVE,False Positive
5784803,K05200.01,FALSE POSITIVE,False Positive
5791713,K05201.01,FALSE POSITIVE,False Positive
6681473,K05312.01,FALSE POSITIVE,False Positive
6688318,K05313.01,FALSE POSITIVE,False Positive
6690523,K05314.01,FALSE POSITIVE,False Positive
6692742,K05315.01,FALSE POSITIVE,False Positive
6695801,K05316.01,FALSE POSITIVE,Exoplanet Candidate
6699562,K05317.01,FALSE POSITIVE,False Positive
6707260,K05318.01,FALSE POSITIVE,False Positive
6718474,K05319.01,FALSE POSITIVE,False Positive
2710101,K04952.01,FALSE POSITIVE,False Positive
2711123,K04953.01,FALSE POSITIVE,False Positive
2833632,K04954.01,FALSE POSITIVE,False Positive
2836076,K04955.01,FALSE POSITIVE,False Positive
2850321,K04956.01,FALSE POSITIVE,False Positive
2861126,K04957.01,FALSE POSITIVE,False Positive
2861298,K04958.01,CANDIDATE,Exoplanet Candidate
2987433,K04959.01,FALSE POSITIVE,False Positive
4732137,K05077.01,FALSE POSITIVE,Exoplanet Candidate
4736439,K05078.01,FALSE POSITIVE,False Positive
4737848,K05079.01,CANDIDATE,Exoplanet Candidate
4740375,K05080.01,FALSE POSITIVE,False Positive
4741777,K05081.01,FALSE POSITIVE,False Positive
4750406,K05082.01,FALSE POSITIVE,False Positive
4750962,K05083.01,CANDIDATE,Exoplanet Candidate
4760478,K05084.01,CONFIRMED,Exoplanet Candidate
5793275,K05202.01,CANDIDATE,Exoplanet Candidate
5794687,K05203.01,FALSE POSITIVE,False Positive
5817712,K05204.01,FALSE POSITIVE,False Positive
5857656,K05205.01,CANDIDATE,Exoplanet Candidate
5858519,K05206.01,FALSE POSITIVE,False Positive
5859725,K05207.01,CANDIDATE,Exoplanet Candidate
5869272,K05208.01,FALSE POSITIVE,False Positive
5905728,K05209.01,FALSE POSITIVE,False Positive
6719052,K05320.01,CANDIDATE,Exoplanet Candidate
6721603,K05321.01,CANDIDATE,Exoplanet Candidate
6756369,K05322.01,CANDIDATE,Exoplanet Candidate
6762188,K05323.01,FALSE POSITIVE,False Positive
6765563,K05324.01,CANDIDATE,Exoplanet Candidate
6766583,K05325.01,FALSE POSITIVE,Exoplanet Candidate
6767337,K05326.01,FALSE POSITIVE,False Positive
6776555,K05327.01,CANDIDATE,Exoplanet Candidate
2992634,K04960.01,CANDIDATE,Exoplanet Candidate
3001955,K04961.01,CANDIDATE,Exoplanet Candidate
3003673,K04962.01,FALSE POSITIVE,False Positive
3101178,K04963.01,CANDIDATE,Exoplanet Candidate
3117115,K04964.01,FALSE POSITIVE,False Positive
3120397,K04965.01,FALSE POSITIVE,Exoplanet Candidate
3222680,K04966.01,FALSE POSITIVE,False Positive
3239171,K04967.01,CANDIDATE,Exoplanet Candidate
4761427,K05085.01,CANDIDATE,Exoplanet Candidate
4769799,K05086.01,FALSE POSITIVE,False Positive
4770798,K05087.01,CANDIDATE,Exoplanet Candidate
4813750,K05088.01,CANDIDATE,Exoplanet Candidate
4814168,K05089.01,FALSE POSITIVE,False Positive
4815612,K05090.01,FALSE POSITIVE,False Positive
4819158,K05091.01,FALSE POSITIVE,False Positive
4833409,K05092.01,CANDIDATE,Exoplanet Candidate
5942112,K05210.01,FALSE POSITIVE,False Positive
5946568,K05211.01,CANDIDATE,Exoplanet Candidate
5949765,K05212.01,FALSE POSITIVE,False Positive
5954894,K05213.01,CANDIDATE,Exoplanet Candidate
5956038,K05214.01,FALSE POSITIVE,False Positive
5963591,K05215.01,FALSE POSITIVE,False Positive
5965629,K05216.01,CANDIDATE,Exoplanet Candidate
6934045,K05336.01,CANDIDATE,Exoplanet Candidate
6939913,K05337.01,CANDIDATE,Exoplanet Candidate
6947062,K05338.01,FALSE POSITIVE,Exoplanet Candidate
6948815,K05339.01,FALSE POSITIVE,False Positive
6952570,K05340.01,FALSE POSITIVE,False Positive
7009548,K05341.01,CANDIDATE,Exoplanet Candidate
7011044,K05342.01,FALSE POSITIVE,False Positive
7013635,K05343.01,FALSE POSITIVE,False Positive
3240049,K04968.01,FALSE POSITIVE,False Positive
3242039,K04969.01,CANDIDATE,Exoplanet Candidate
3245638,K04970.01,FALSE POSITIVE,False Positive
3329985,K04971.01,FALSE POSITIVE,False Positive
3340165,K04972.01,CANDIDATE,Exoplanet Candidate
3341760,K04973.01,FALSE POSITIVE,False Positive
3341982,K04974.01,FALSE POSITIVE,Exoplanet Candidate
3355104,K04975.01,CANDIDATE,Exoplanet Candidate
4840327,K05093.01,FALSE POSITIVE,False Positive
4843751,K05094.01,FALSE POSITIVE,False Positive
4856592,K05095.01,FALSE POSITIVE,False Positive
4863260,K05096.01,FALSE POSITIVE,False Positive
4902673,K05097.01,FALSE POSITIVE,False Positive
4912650,K05098.01,CANDIDATE,Exoplanet Candidate
4914221,K05099.01,CANDIDATE,Exoplanet Candidate
4914399,K05100.01,FALSE POSITIVE,False Positive
5967194,K05217.01,FALSE POSITIVE,False Positive
5980354,K05218.01,FALSE POSITIVE,False Positive
5981058,K05219.01,CANDIDATE,Exoplanet Candidate
5986270,K05220.01,FALSE POSITIVE,False Positive
5989391,K05221.01,FALSE POSITIVE,Exoplanet Candidate
6021840,K05222.01,CANDIDATE,False Positive
6023571,K05223.01,CANDIDATE,Exoplanet Candidate
6025174,K05224.01,CANDIDATE,Exoplanet Candidate
3356156,K04976.01,CANDIDATE,Exoplanet Candidate
3425363,K04977.01,CANDIDATE,Exoplanet Candidate
3428127,K04978.01,CANDIDATE,Exoplanet Candidate
3428359,K04979.01,FALSE POSITIVE,False Positive
3439031,K04980.01,FALSE POSITIVE,False Positive
3441795,K04981.01,CANDIDATE,Exoplanet Candidate
3449540,K04982.01,FALSE POSITIVE,False Positive
3449870,K04983.01,FALSE POSITIVE,False Positive
4915582,K05101.01,CANDIDATE,False Positive
4917357,K05102.01,FALSE POSITIVE,False Positive
4917658,K05103.01,FALSE POSITIVE,False Positive
4918303,K05104.01,CANDIDATE,Exoplanet Candidate
4927738,K05105.01,FALSE POSITIVE,False Positive
4937140,K05106.01,FALSE POSITIVE,False Positive
4940376,K05107.01,CANDIDATE,Exoplanet Candidate
4945035,K05108.01,FALSE POSITIVE,False Positive
6033602,K05225.01,FALSE POSITIVE,False Positive
6034379,K05226.01,CANDIDATE,Exoplanet Candidate
6034834,K05227.01,CANDIDATE,Exoplanet Candidate
6036286,K05228.01,CANDIDATE,False Positive
6038152,K05229.01,CANDIDATE,False Positive
6043490,K05230.01,CANDIDATE,Exoplanet Candidate
6045404,K05231.01,CANDIDATE,Exoplanet Candidate
6047853,K05232.01,FALSE POSITIVE,False Positive
3459529,K04984.01,FALSE POSITIVE,False Positive
3532510,K04985.01,FALSE POSITIVE,False Positive
3540873,K04986.01,CANDIDATE,Exoplanet Candidate
3542117,K04987.01,FALSE POSITIVE,False Positive
3542928,K04988.01,FALSE POSITIVE,Exoplanet Candidate
3545749,K04989.01,FALSE POSITIVE,False Positive
3546821,K04990.01,FALSE POSITIVE,False Positive
3548645,K04991.01,CANDIDATE,Exoplanet Candidate
4946581,K05109.01,FALSE POSITIVE,False Positive
4953262,K05110.01,CANDIDATE,Exoplanet Candidate
4996558,K05111.01,FALSE POSITIVE,False Positive
5006817,K05112.01,FALSE POSITIVE,False Positive
5008775,K05113.01,FALSE POSITIVE,False Positive
5015027,K05114.01,FALSE POSITIVE,False Positive
5016163,K05115.01,FALSE POSITIVE,False Positive
5024476,K05116.01,FALSE POSITIVE,False Positive
6058896,K05233.01,FALSE POSITIVE,False Positive
6062298,K05234.01,FALSE POSITIVE,False Positive
6065010,K05235.01,FALSE POSITIVE,False Positive
6067545,K05236.01,CANDIDATE,False Positive
6115356,K05237.01,CANDIDATE,Exoplanet Candidate
6116605,K05238.01,FALSE POSITIVE,False Positive
6118840,K05239.01,FALSE POSITIVE,False Positive
6129632,K05240.01,FALSE POSITIVE,Exoplanet Candidate
3553900,K04992.01,CANDIDATE,Exoplanet Candidate
3554819,K04993.01,FALSE POSITIVE,False Positive
3555178,K04994.01,FALSE POSITIVE,False Positive
3632330,K04995.01,FALSE POSITIVE,False Positive
3641216,K04996.01,FALSE POSITIVE,False Positive
3644399,K04997.01,FALSE POSITIVE,False Positive
3644649,K04998.01,FALSE POSITIVE,False Positive
5027859,K05117.01,CANDIDATE,Exoplanet Candidate
5032842,K05118.01,FALSE POSITIVE,False Positive
5036052,K05119.01,CANDIDATE,Exoplanet Candidate
5037742,K05120.01,FALSE POSITIVE,False Positive
5039053,K05121.01,FALSE POSITIVE,False Positive
5080565,K05122.01,FALSE POSITIVE,False Positive
5091808,K05123.01,FALSE POSITIVE,False Positive
6139220,K05241.01,FALSE POSITIVE,False Positive
6143819,K05242.01,FALSE POSITIVE,False Positive
6145939,K05243.01,FALSE POSITIVE,False Positive
6149980,K05244.01,FALSE POSITIVE,False Positive
6184894,K05245.01,CONFIRMED,Exoplanet Candidate
6195792,K05246.01,FALSE POSITIVE,False Positive
6197658,K05247.01,CANDIDATE,Exoplanet Candidate
6198670,K05248.01,CANDIDATE,False Positive
3646449,K04999.01,CANDIDATE,Exoplanet Candidate
3646515,K05000.01,FALSE POSITIVE,False Positive
3647097,K05001.01,CANDIDATE,Exoplanet Candidate
3730176,K05002.01,FALSE POSITIVE,False Positive
3748239,K05003.01,CANDIDATE,Exoplanet Candidate
3751118,K05004.01,CANDIDATE,Exoplanet Candidate
3755522,K05005.01,FALSE POSITIVE,False Positive
5094412,K05124.01,CANDIDATE,Exoplanet Candidate
5105886,K05125.01,FALSE POSITIVE,False Positive
5110453,K05126.01,CANDIDATE,Exoplanet Candidate
5113146,K05127.01,FALSE POSITIVE,False Positive
5130563,K05128.01,FALSE POSITIVE,False Positive
5131276,K05129.01,FALSE POSITIVE,False Positive
5166811,K05130.01,CANDIDATE,Exoplanet Candidate
5174677,K05131.01,FALSE POSITIVE,False Positive
6203955,K05249.01,CANDIDATE,Exoplanet Candidate
6205384,K05250.01,FALSE POSITIVE,False Positive
6205405,K05251.01,FALSE POSITIVE,False Positive
6206470,K05252.01,FALSE POSITIVE,False Positive
6263468,K05253.01,FALSE POSITIVE,Exoplanet Candidate
6266866,K05254.01,CANDIDATE,False Positive
6277594,K05255.01,FALSE POSITIVE,False Positive
9002278,K00701.04,CONFIRMED,Exoplanet Candidate
6026438,K02045.03,CONFIRMED,Exoplanet Candidate
3229150,K02150.02,CANDIDATE,Exoplanet Candidate
11360805,K02422.02,CANDIDATE,Exoplanet Candidate
3757521,K05006.01,CANDIDATE,Exoplanet Candidate
3758499,K05007.01,CANDIDATE,Exoplanet Candidate
3763724,K05008.01,FALSE POSITIVE,False Positive
3834728,K05009.01,CANDIDATE,Exoplanet Candidate
3836450,K05010.01,FALSE POSITIVE,False Positive
3836509,K05011.01,FALSE POSITIVE,False Positive
3836522,K05012.01,FALSE POSITIVE,False Positive
3846515,K05013.01,FALSE POSITIVE,False Positive
5179609,K05132.01,FALSE POSITIVE,False Positive
5181086,K05133.01,FALSE POSITIVE,False Positive
5181299,K05134.01,CANDIDATE,Exoplanet Candidate
5184144,K05135.01,CANDIDATE,Exoplanet Candidate
5192660,K05136.01,FALSE POSITIVE,Exoplanet Candidate
5193813,K05137.01,FALSE POSITIVE,False Positive
5199426,K05138.01,FALSE POSITIVE,False Positive
5211631,K05139.01,FALSE POSITIVE,False Positive
6281127,K05256.01,FALSE POSITIVE,False Positive
6285906,K05257.01,FALSE POSITIVE,False Positive
6287131,K05258.01,FALSE POSITIVE,False Positive
6289459,K05259.01,FALSE POSITIVE,False Positive
6289897,K05260.01,FALSE POSITIVE,False Positive
6290467,K05261.01,FALSE POSITIVE,False Positive
6309307,K05262.01,CANDIDATE,Exoplanet Candidate
6342980,K05263.01,FALSE POSITIVE,False Positive
8753896,K02473.03,CONFIRMED,Exoplanet Candidate
4150611,K03156.02,FALSE POSITIVE,False Positive
4150611,K03156.03,FALSE POSITIVE,False Positive
4909707,K03175.01,FALSE POSITIVE,False Positive
7919516,K07857.01,FALSE POSITIVE,False Positive
6850665,K03244.01,FALSE POSITIVE,False Positive
4948730,K03272.01,FALSE POSITIVE,False Positive
3848665,K05014.01,FALSE POSITIVE,False Positive
3848919,K05015.01,FALSE POSITIVE,False Positive
3848948,K05016.01,FALSE POSITIVE,False Positive
3852865,K05017.01,FALSE POSITIVE,False Positive
3854101,K05018.01,FALSE POSITIVE,False Positive
3858926,K05019.01,FALSE POSITIVE,Exoplanet Candidate
3859890,K05020.01,FALSE POSITIVE,Exoplanet Candidate
3863877,K05021.01,CANDIDATE,Exoplanet Candidate
5213005,K05140.01,FALSE POSITIVE,False Positive
5213811,K05141.01,FALSE POSITIVE,False Positive
5255259,K05142.01,CANDIDATE,Exoplanet Candidate
5260419,K05143.01,FALSE POSITIVE,False Positive
5262539,K05144.01,FALSE POSITIVE,False Positive
5263802,K05145.01,FALSE POSITIVE,False Positive
5265982,K05146.01,FALSE POSITIVE,False Positive
5271637,K05147.01,FALSE POSITIVE,False Positive
6346894,K05264.01,CANDIDATE,Exoplanet Candidate
6347434,K05265.01,FALSE POSITIVE,False Positive
6347890,K05266.01,CANDIDATE,Exoplanet Candidate
6350031,K05267.01,CANDIDATE,Exoplanet Candidate
6359881,K05268.01,CANDIDATE,Exoplanet Candidate
6359929,K05269.01,CANDIDATE,Exoplanet Candidate
6363560,K05270.01,FALSE POSITIVE,Exoplanet Candidate
6364064,K05271.01,FALSE POSITIVE,False Positive
11177676,K03281.01,CONFIRMED,Exoplanet Candidate
4936990,K03290.01,FALSE POSITIVE,False Positive
7130418,K03317.01,FALSE POSITIVE,Exoplanet Candidate
12208887,K03333.01,FALSE POSITIVE,False Positive
10711551,K03359.01,FALSE POSITIVE,False Positive
7919867,K07858.01,FALSE POSITIVE,False Positive
11081512,K03364.01,FALSE POSITIVE,False Positive
3865815,K05022.01,CANDIDATE,Exoplanet Candidate
3867593,K05023.01,FALSE POSITIVE,False Positive
3941219,K05024.01,FALSE POSITIVE,False Positive
3953106,K05025.01,FALSE POSITIVE,False Positive
3953212,K05026.01,FALSE POSITIVE,False Positive
3955444,K05027.01,CANDIDATE,Exoplanet Candidate
3962728,K05028.01,FALSE POSITIVE,False Positive
3965326,K05029.01,FALSE POSITIVE,False Positive
9265521,K05646.01,FALSE POSITIVE,False Positive
9268456,K05647.01,FALSE POSITIVE,False Positive
9271739,K05648.01,FALSE POSITIVE,False Positive
9274092,K05649.01,CANDIDATE,Exoplanet Candidate
9274431,K05650.01,FALSE POSITIVE,False Positive
9282853,K05651.01,CANDIDATE,Exoplanet Candidate
9292100,K05652.01,CANDIDATE,Exoplanet Candidate
9300066,K05653.01,CANDIDATE,Exoplanet Candidate
10186761,K05772.01,CANDIDATE,Exoplanet Candidate
10189542,K05773.01,FALSE POSITIVE,Exoplanet Candidate
10191056,K05774.01,FALSE POSITIVE,False Positive
10191449,K05775.01,CANDIDATE,Exoplanet Candidate
10199984,K05776.01,CANDIDATE,Exoplanet Candidate
10201891,K05777.01,FALSE POSITIVE,False Positive
10208477,K05778.01,FALSE POSITIVE,False Positive
10222603,K05779.01,FALSE POSITIVE,False Positive
7581535,K05400.01,FALSE POSITIVE,False Positive
7592339,K05401.01,FALSE POSITIVE,False Positive
7598326,K05402.01,FALSE POSITIVE,False Positive
7599004,K05403.01,FALSE POSITIVE,False Positive
7618231,K05404.01,FALSE POSITIVE,False Positive
7619667,K05405.01,FALSE POSITIVE,False Positive
7625138,K05406.01,CANDIDATE,Exoplanet Candidate
8507073,K05527.01,FALSE POSITIVE,False Positive
8507586,K05528.01,CANDIDATE,Exoplanet Candidate
8509781,K05529.01,FALSE POSITIVE,False Positive
8510197,K05530.01,FALSE POSITIVE,False Positive
8516349,K05531.01,FALSE POSITIVE,False Positive
8525101,K05532.01,CANDIDATE,Exoplanet Candidate
8525286,K05533.01,CANDIDATE,False Positive
8542879,K05534.01,FALSE POSITIVE,Exoplanet Candidate
9304976,K05654.01,CANDIDATE,Exoplanet Candidate
9306677,K05655.01,FALSE POSITIVE,False Positive
9330740,K05656.01,CANDIDATE,Exoplanet Candidate
9334027,K05657.01,CANDIDATE,False Positive
9357578,K05658.01,FALSE POSITIVE,False Positive
9362842,K05659.01,FALSE POSITIVE,False Positive
9363944,K05660.01,CANDIDATE,Exoplanet Candidate
9368524,K05661.01,FALSE POSITIVE,False Positive
10227881,K05780.01,FALSE POSITIVE,False Positive
10266852,K05781.01,FALSE POSITIVE,Exoplanet Candidate
10272858,K05782.01,CANDIDATE,Exoplanet Candidate
10292000,K05783.01,FALSE POSITIVE,False Positive
10319341,K05784.01,FALSE POSITIVE,False Positive
10319834,K05785.01,CANDIDATE,False Positive
10320341,K05786.01,FALSE POSITIVE,False Positive
10339000,K05787.01,CANDIDATE,Exoplanet Candidate
7625143,K05407.01,CANDIDATE,Exoplanet Candidate
7631138,K05408.01,CANDIDATE,Exoplanet Candidate
7658229,K05409.01,FALSE POSITIVE,False Positive
7662502,K05410.01,CANDIDATE,Exoplanet Candidate
7672215,K05411.01,CANDIDATE,Exoplanet Candidate
7674050,K05412.01,FALSE POSITIVE,False Positive
7690782,K05413.01,CANDIDATE,Exoplanet Candidate
7700561,K05414.01,FALSE POSITIVE,False Positive
8546464,K05535.01,FALSE POSITIVE,False Positive
8547213,K05536.01,CANDIDATE,Exoplanet Candidate
8547366,K05537.01,FALSE POSITIVE,False Positive
8547525,K05538.01,FALSE POSITIVE,False Positive
8547537,K05539.01,CANDIDATE,Exoplanet Candidate
8548403,K05540.01,FALSE POSITIVE,False Positive
8548454,K05541.01,CANDIDATE,Exoplanet Candidate
8552607,K05542.01,FALSE POSITIVE,False Positive
9390655,K05662.01,FALSE POSITIVE,Exoplanet Candidate
9391817,K05663.01,CANDIDATE,Exoplanet Candidate
9394762,K05664.01,FALSE POSITIVE,False Positive
9394953,K05665.01,CANDIDATE,Exoplanet Candidate
9397862,K05666.01,CANDIDATE,Exoplanet Candidate
9402670,K05667.01,FALSE POSITIVE,False Positive
9402859,K05668.01,FALSE POSITIVE,False Positive
9407689,K05669.01,FALSE POSITIVE,False Positive
10356840,K05788.01,FALSE POSITIVE,False Positive
10387792,K05789.01,CANDIDATE,Exoplanet Candidate
10394802,K05790.01,CANDIDATE,Exoplanet Candidate
10399137,K05791.01,FALSE POSITIVE,False Positive
10416390,K05792.01,FALSE POSITIVE,Exoplanet Candidate
10419108,K05793.01,FALSE POSITIVE,False Positive
10453009,K05794.01,CANDIDATE,Exoplanet Candidate
10459749,K05795.01,CANDIDATE,False Positive
7701809,K05415.01,FALSE POSITIVE,False Positive
7731281,K05416.01,CONFIRMED,Exoplanet Candidate
7743464,K05417.01,FALSE POSITIVE,False Positive
7747091,K05418.01,CANDIDATE,Exoplanet Candidate
7747197,K05419.01,FALSE POSITIVE,Exoplanet Candidate
7750342,K05420.01,FALSE POSITIVE,False Positive
7751133,K05421.01,FALSE POSITIVE,False Positive
7757620,K05422.01,CANDIDATE,False Positive
8560475,K05543.01,FALSE POSITIVE,False Positive
8561192,K05544.01,FALSE POSITIVE,False Positive
8570210,K05545.01,CANDIDATE,Exoplanet Candidate
8571421,K05546.01,CANDIDATE,Exoplanet Candidate
8574794,K05547.01,CANDIDATE,Exoplanet Candidate
8575061,K05548.01,FALSE POSITIVE,Exoplanet Candidate
8612291,K05549.01,FALSE POSITIVE,False Positive
8613769,K05550.01,CANDIDATE,Exoplanet Candidate
9412267,K05670.01,FALSE POSITIVE,False Positive
9417931,K05671.01,CANDIDATE,Exoplanet Candidate
9418508,K05672.01,FALSE POSITIVE,False Positive
9449320,K05673.01,FALSE POSITIVE,False Positive
9451521,K05674.01,FALSE POSITIVE,False Positive
9455322,K05675.01,FALSE POSITIVE,False Positive
9455526,K05676.01,FALSE POSITIVE,False Positive
9456887,K05677.01,CANDIDATE,Exoplanet Candidate
10470779,K05796.01,CANDIDATE,Exoplanet Candidate
10480952,K05797.01,FALSE POSITIVE,False Positive
10487228,K05798.01,CANDIDATE,Exoplanet Candidate
10519727,K05799.01,CANDIDATE,Exoplanet Candidate
10525077,K05800.01,CANDIDATE,Exoplanet Candidate
10535708,K05801.01,CANDIDATE,Exoplanet Candidate
10547378,K05802.01,FALSE POSITIVE,False Positive
10548411,K05803.01,FALSE POSITIVE,False Positive
7762153,K05423.01,CANDIDATE,Exoplanet Candidate
7762717,K05424.01,FALSE POSITIVE,False Positive
7767781,K05425.01,CANDIDATE,Exoplanet Candidate
7770901,K05426.01,CANDIDATE,Exoplanet Candidate
7800285,K05427.01,FALSE POSITIVE,False Positive
7804128,K05428.01,FALSE POSITIVE,False Positive
7809049,K05429.01,FALSE POSITIVE,False Positive
7811057,K05430.01,FALSE POSITIVE,Exoplanet Candidate
8622875,K05551.01,FALSE POSITIVE,False Positive
8644545,K05552.01,CANDIDATE,Exoplanet Candidate
8644911,K05553.01,CANDIDATE,Exoplanet Candidate
8652997,K05554.01,CANDIDATE,Exoplanet Candidate
8655076,K05555.01,FALSE POSITIVE,False Positive
8656535,K05556.01,CANDIDATE,Exoplanet Candidate
8671707,K05557.01,FALSE POSITIVE,False Positive
8676061,K05558.01,FALSE POSITIVE,False Positive
9457533,K05678.01,FALSE POSITIVE,Exoplanet Candidate
9463329,K05679.01,FALSE POSITIVE,False Positive
9466486,K05680.01,CANDIDATE,Exoplanet Candidate
9472328,K05681.01,CANDIDATE,False Positive
9472341,K05682.01,CANDIDATE,Exoplanet Candidate
9474485,K05683.01,FALSE POSITIVE,False Positive
9475697,K05684.01,CANDIDATE,False Positive
9481235,K05685.01,CANDIDATE,Exoplanet Candidate
10551346,K05804.01,FALSE POSITIVE,False Positive
10552151,K05805.01,CANDIDATE,Exoplanet Candidate
10552263,K05806.01,CANDIDATE,Exoplanet Candidate
10554421,K05807.01,CANDIDATE,False Positive
10556891,K05808.01,FALSE POSITIVE,False Positive
10579570,K05809.01,FALSE POSITIVE,False Positive
10581308,K05810.01,CANDIDATE,Exoplanet Candidate
10591578,K05811.01,FALSE POSITIVE,False Positive
7812990,K05431.01,CANDIDATE,Exoplanet Candidate
7819520,K05432.01,FALSE POSITIVE,False Positive
7829836,K05433.01,CANDIDATE,Exoplanet Candidate
7830953,K05434.01,CANDIDATE,Exoplanet Candidate
7836096,K05435.01,CANDIDATE,Exoplanet Candidate
7837526,K05436.01,FALSE POSITIVE,False Positive
7881464,K05437.01,CANDIDATE,Exoplanet Candidate
7884986,K05438.01,FALSE POSITIVE,False Positive
8677186,K05559.01,FALSE POSITIVE,False Positive
8678345,K05560.01,FALSE POSITIVE,False Positive
8682751,K05561.01,FALSE POSITIVE,False Positive
8715564,K05562.01,FALSE POSITIVE,False Positive
8715589,K05563.01,CANDIDATE,Exoplanet Candidate
8718273,K05564.01,FALSE POSITIVE,False Positive
8737343,K05565.01,FALSE POSITIVE,False Positive
8741367,K05566.01,CANDIDATE,Exoplanet Candidate
9489348,K05686.01,FALSE POSITIVE,False Positive
9517242,K05687.01,FALSE POSITIVE,False Positive
9532603,K05688.01,CANDIDATE,Exoplanet Candidate
9534832,K05689.01,CANDIDATE,Exoplanet Candidate
9536727,K05690.01,CANDIDATE,Exoplanet Candidate
9543302,K05691.01,FALSE POSITIVE,Exoplanet Candidate
9575728,K05692.01,CANDIDATE,Exoplanet Candidate
10799291,K05828.01,FALSE POSITIVE,False Positive
10802364,K05829.01,CANDIDATE,Exoplanet Candidate
10809888,K05830.01,CANDIDATE,False Positive
10813078,K05831.01,CANDIDATE,Exoplanet Candidate
10817600,K05832.01,FALSE POSITIVE,False Positive
10850327,K05833.01,CANDIDATE,Exoplanet Candidate
10855545,K05834.01,CANDIDATE,Exoplanet Candidate
10858504,K05835.01,CANDIDATE,False Positive
7885558,K05439.01,FALSE POSITIVE,False Positive
7888863,K05440.01,CANDIDATE,Exoplanet Candidate
7900450,K05441.01,FALSE POSITIVE,Exoplanet Candidate
7900695,K05442.01,FALSE POSITIVE,False Positive
7900727,K05443.01,FALSE POSITIVE,False Positive
7902719,K05444.01,FALSE POSITIVE,False Positive
7916058,K05445.01,FALSE POSITIVE,False Positive
7917068,K05446.01,CANDIDATE,Exoplanet Candidate
8742270,K05567.01,FALSE POSITIVE,False Positive
8745553,K05568.01,CONFIRMED,Exoplanet Candidate
8747222,K05569.01,FALSE POSITIVE,False Positive
8747910,K05570.01,CANDIDATE,Exoplanet Candidate
8766285,K05571.01,FALSE POSITIVE,False Positive
8807988,K05572.01,CANDIDATE,Exoplanet Candidate
8812360,K05573.01,FALSE POSITIVE,Exoplanet Candidate
8814872,K05574.01,CANDIDATE,Exoplanet Candidate
9579072,K05693.01,FALSE POSITIVE,False Positive
9579606,K05694.01,CANDIDATE,Exoplanet Candidate
9591728,K05695.01,FALSE POSITIVE,False Positive
9594184,K05696.01,FALSE POSITIVE,False Positive
9594992,K05697.01,FALSE POSITIVE,False Positive
9596820,K05698.01,CANDIDATE,Exoplanet Candidate
9598315,K05699.01,FALSE POSITIVE,False Positive
9602595,K05700.01,FALSE POSITIVE,False Positive
10601163,K05812.01,CANDIDATE,False Positive
10616317,K05813.01,FALSE POSITIVE,False Positive
10616656,K05814.01,FALSE POSITIVE,False Positive
10618044,K05815.01,CANDIDATE,Exoplanet Candidate
10656842,K05816.01,CANDIDATE,Exoplanet Candidate
10658177,K05817.01,CANDIDATE,Exoplanet Candidate
10661679,K05818.01,FALSE POSITIVE,False Positive
10663976,K05819.01,CANDIDATE,Exoplanet Candidate
7935997,K05447.01,FALSE POSITIVE,False Positive
7938499,K05448.01,FALSE POSITIVE,False Positive
7941635,K05449.01,FALSE POSITIVE,False Positive
7948619,K05450.01,FALSE POSITIVE,False Positive
7950158,K05451.01,CANDIDATE,Exoplanet Candidate
7967210,K05452.01,FALSE POSITIVE,False Positive
7970194,K05453.01,FALSE POSITIVE,False Positive
7978202,K05454.01,CONFIRMED,Exoplanet Candidate
8823893,K05575.01,FALSE POSITIVE,False Positive
8836224,K05576.01,FALSE POSITIVE,False Positive
8841297,K05577.01,CANDIDATE,Exoplanet Candidate
8868481,K05578.01,CANDIDATE,Exoplanet Candidate
8888745,K05579.01,CANDIDATE,Exoplanet Candidate
8890417,K05580.01,CANDIDATE,Exoplanet Candidate
8891684,K05581.01,CONFIRMED,Exoplanet Candidate
8904714,K05582.01,FALSE POSITIVE,False Positive
9645188,K05701.01,FALSE POSITIVE,False Positive
9659022,K05702.01,CANDIDATE,Exoplanet Candidate
9662475,K05703.01,FALSE POSITIVE,False Positive
9674789,K05704.01,CANDIDATE,Exoplanet Candidate
9705620,K05705.01,FALSE POSITIVE,False Positive
9715631,K05706.01,CONFIRMED,Exoplanet Candidate
9723746,K05707.01,CANDIDATE,Exoplanet Candidate
9724993,K05708.01,FALSE POSITIVE,False Positive
10677763,K05820.01,FALSE POSITIVE,False Positive
10678912,K05821.01,CANDIDATE,False Positive
10685764,K05822.01,CANDIDATE,Exoplanet Candidate
10724569,K05823.01,FALSE POSITIVE,False Positive
10734441,K05824.01,FALSE POSITIVE,False Positive
10737437,K05825.01,CANDIDATE,Exoplanet Candidate
10747162,K05826.01,CANDIDATE,Exoplanet Candidate
10777591,K05827.01,CONFIRMED,Exoplanet Candidate
7979297,K05455.01,CANDIDATE,Exoplanet Candidate
7982917,K05456.01,FALSE POSITIVE,False Positive
8005002,K05457.01,CANDIDATE,Exoplanet Candidate
8007174,K05458.01,CANDIDATE,Exoplanet Candidate
8009811,K05459.01,CANDIDATE,Exoplanet Candidate
8016211,K05460.01,FALSE POSITIVE,False Positive
8016650,K05461.01,CANDIDATE,False Positive
8025718,K05462.01,FALSE POSITIVE,False Positive
8915379,K05583.01,CANDIDATE,Exoplanet Candidate
8935352,K05584.01,FALSE POSITIVE,False Positive
8937555,K05585.01,CANDIDATE,Exoplanet Candidate
8939211,K05586.01,FALSE POSITIVE,False Positive
8939650,K05587.01,FALSE POSITIVE,False Positive
8946267,K05588.01,CANDIDATE,Exoplanet Candidate
8949512,K05589.01,FALSE POSITIVE,False Positive
8955741,K05590.01,FALSE POSITIVE,False Positive
9758615,K05709.01,FALSE POSITIVE,False Positive
9771920,K05710.01,FALSE POSITIVE,False Positive
9775475,K05711.01,FALSE POSITIVE,False Positive
9776907,K05712.01,CANDIDATE,Exoplanet Candidate
9780149,K05713.01,FALSE POSITIVE,False Positive
9786017,K05714.01,FALSE POSITIVE,False Positive
9832379,K05715.01,CANDIDATE,Exoplanet Candidate
9837659,K05716.01,FALSE POSITIVE,False Positive
10865043,K05836.01,CANDIDATE,Exoplanet Candidate
10878117,K05837.01,CANDIDATE,Exoplanet Candidate
10879247,K05838.01,FALSE POSITIVE,Exoplanet Candidate
10879899,K05839.01,CANDIDATE,Exoplanet Candidate
10905641,K05840.01,FALSE POSITIVE,False Positive
10920086,K05841.01,FALSE POSITIVE,False Positive
10933306,K05842.01,CANDIDATE,Exoplanet Candidate
10958972,K05843.01,FALSE POSITIVE,False Positive
8029848,K05463.01,FALSE POSITIVE,False Positive
8035322,K05464.01,FALSE POSITIVE,False Positive
8036863,K05465.01,FALSE POSITIVE,False Positive
8037038,K05466.01,CONFIRMED,Exoplanet Candidate
8040308,K05467.01,CANDIDATE,Exoplanet Candidate
8040457,K05468.01,CANDIDATE,False Positive
8043968,K05469.01,FALSE POSITIVE,False Positive
8044083,K05470.01,CANDIDATE,Exoplanet Candidate
8959240,K05591.01,CANDIDATE,Exoplanet Candidate
8971044,K05592.01,CANDIDATE,False Positive
8975776,K05593.01,FALSE POSITIVE,False Positive
8979500,K05594.01,FALSE POSITIVE,False Positive
9003126,K05595.01,FALSE POSITIVE,False Positive
9008125,K05596.01,FALSE POSITIVE,Exoplanet Candidate
9011877,K05597.01,CANDIDATE,Exoplanet Candidate
9838414,K05717.01,FALSE POSITIVE,False Positive
9838582,K05718.01,CANDIDATE,Exoplanet Candidate
9839030,K05719.01,CANDIDATE,Exoplanet Candidate
9845362,K05720.01,FALSE POSITIVE,Exoplanet Candidate
9845931,K05721.01,FALSE POSITIVE,False Positive
9847239,K05722.01,FALSE POSITIVE,False Positive
9848760,K05723.01,FALSE POSITIVE,False Positive
9850843,K05724.01,FALSE POSITIVE,False Positive
7018210,K05344.01,CANDIDATE,Exoplanet Candidate
7019580,K05345.01,FALSE POSITIVE,Exoplanet Candidate
7022603,K05346.01,FALSE POSITIVE,False Positive
7024045,K05347.01,FALSE POSITIVE,False Positive
7035812,K05348.01,FALSE POSITIVE,False Positive
7038988,K05349.01,FALSE POSITIVE,False Positive
7041972,K05350.01,FALSE POSITIVE,False Positive
7047299,K05351.01,FALSE POSITIVE,False Positive
8075618,K05471.01,FALSE POSITIVE,False Positive
8076215,K05472.01,CANDIDATE,Exoplanet Candidate
8094942,K05473.01,CANDIDATE,Exoplanet Candidate
8099517,K05474.01,CANDIDATE,Exoplanet Candidate
8105398,K05475.01,CONFIRMED,Exoplanet Candidate
8105719,K05476.01,CANDIDATE,Exoplanet Candidate
8106139,K05477.01,FALSE POSITIVE,False Positive
8108437,K05478.01,FALSE POSITIVE,False Positive
9012244,K05598.01,CANDIDATE,Exoplanet Candidate
9016592,K05599.01,FALSE POSITIVE,False Positive
9018021,K05600.01,CANDIDATE,Exoplanet Candidate
9024568,K05601.01,FALSE POSITIVE,False Positive
9026007,K05602.01,CANDIDATE,Exoplanet Candidate
9026248,K05603.01,CANDIDATE,Exoplanet Candidate
9044060,K05604.01,CANDIDATE,Exoplanet Candidate
9047416,K05605.01,CANDIDATE,Exoplanet Candidate
9851638,K05725.01,CANDIDATE,Exoplanet Candidate
9875101,K05726.01,FALSE POSITIVE,Exoplanet Candidate
9881660,K05727.01,CANDIDATE,Exoplanet Candidate
9896438,K05728.01,FALSE POSITIVE,False Positive
9899514,K05729.01,FALSE POSITIVE,False Positive
9899607,K05730.01,FALSE POSITIVE,False Positive
9908486,K05731.01,FALSE POSITIVE,False Positive
9910043,K05732.01,CANDIDATE,Exoplanet Candidate
7101726,K05352.01,CANDIDATE,Exoplanet Candidate
7107567,K05353.01,FALSE POSITIVE,False Positive
7109680,K05354.01,FALSE POSITIVE,False Positive
7115671,K05355.01,FALSE POSITIVE,False Positive
7123580,K05356.01,FALSE POSITIVE,False Positive
7123614,K05357.01,FALSE POSITIVE,False Positive
7125794,K05358.01,CANDIDATE,Exoplanet Candidate
7130612,K05359.01,CANDIDATE,Exoplanet Candidate
8125917,K05479.01,CANDIDATE,Exoplanet Candidate
8129333,K05480.01,CANDIDATE,Exoplanet Candidate
8155368,K05481.01,FALSE POSITIVE,False Positive
8158429,K05482.01,CANDIDATE,Exoplanet Candidate
8179747,K05483.01,FALSE POSITIVE,False Positive
8192427,K05484.01,FALSE POSITIVE,False Positive
8197176,K05485.01,CANDIDATE,False Positive
8197406,K05486.01,CANDIDATE,Exoplanet Candidate
9049550,K05606.01,FALSE POSITIVE,False Positive
9049697,K05607.01,FALSE POSITIVE,False Positive
9073549,K05608.01,CANDIDATE,Exoplanet Candidate
9079671,K05609.01,CANDIDATE,Exoplanet Candidate
9079767,K05610.01,CANDIDATE,Exoplanet Candidate
9087071,K05611.01,FALSE POSITIVE,False Positive
9087853,K05612.01,CANDIDATE,Exoplanet Candidate
9097470,K05613.01,CANDIDATE,Exoplanet Candidate
9911112,K05733.01,FALSE POSITIVE,False Positive
9933600,K05734.01,FALSE POSITIVE,False Positive
9934274,K05735.01,FALSE POSITIVE,False Positive
9935983,K05736.01,CANDIDATE,Exoplanet Candidate
9941136,K05737.01,CANDIDATE,Exoplanet Candidate
9941387,K05738.01,FALSE POSITIVE,False Positive
9941550,K05739.01,FALSE POSITIVE,False Positive
9942658,K05740.01,CANDIDATE,Exoplanet Candidate
7132462,K05360.01,CANDIDATE,Exoplanet Candidate
7138841,K05361.01,FALSE POSITIVE,False Positive
7174911,K05362.01,FALSE POSITIVE,False Positive
7176424,K05363.01,FALSE POSITIVE,False Positive
7184556,K05364.01,FALSE POSITIVE,False Positive
7186436,K05365.01,CANDIDATE,Exoplanet Candidate
7189825,K05366.01,FALSE POSITIVE,Exoplanet Candidate
7191523,K05367.01,CANDIDATE,False Positive
8223445,K05487.01,CANDIDATE,Exoplanet Candidate
8223655,K05488.01,FALSE POSITIVE,False Positive
8229361,K05489.01,FALSE POSITIVE,False Positive
8234889,K05490.01,FALSE POSITIVE,False Positive
8241258,K05491.01,FALSE POSITIVE,False Positive
8241736,K05492.01,FALSE POSITIVE,Exoplanet Candidate
8242350,K05493.01,FALSE POSITIVE,False Positive
8244947,K05494.01,FALSE POSITIVE,False Positive
9101279,K05614.01,FALSE POSITIVE,False Positive
9108058,K05615.01,FALSE POSITIVE,False Positive
9114614,K05616.01,CANDIDATE,Exoplanet Candidate
9116075,K05617.01,FALSE POSITIVE,False Positive
9116510,K05618.01,CANDIDATE,Exoplanet Candidate
9117123,K05619.01,FALSE POSITIVE,False Positive
9118858,K05620.01,FALSE POSITIVE,False Positive
9137257,K05621.01,FALSE POSITIVE,False Positive
9953491,K05741.01,CANDIDATE,Exoplanet Candidate
9954225,K05742.01,FALSE POSITIVE,False Positive
9957659,K05743.01,FALSE POSITIVE,False Positive
9957668,K05744.01,FALSE POSITIVE,False Positive
9962595,K05745.01,CANDIDATE,Exoplanet Candidate
9967398,K05746.01,FALSE POSITIVE,False Positive
9968924,K05747.01,CANDIDATE,Exoplanet Candidate
9993683,K05748.01,CANDIDATE,Exoplanet Candidate
7192680,K05368.01,FALSE POSITIVE,False Positive
7198587,K05369.01,CANDIDATE,Exoplanet Candidate
7203858,K05370.01,FALSE POSITIVE,False Positive
7204233,K05371.01,CANDIDATE,Exoplanet Candidate
7205717,K05372.01,CANDIDATE,Exoplanet Candidate
7206422,K05373.01,CANDIDATE,Exoplanet Candidate
7207081,K05374.01,FALSE POSITIVE,False Positive
7213311,K05375.01,CANDIDATE,Exoplanet Candidate
8255058,K05495.01,FALSE POSITIVE,False Positive
8265239,K05496.01,FALSE POSITIVE,False Positive
8279146,K05497.01,CANDIDATE,False Positive
8288404,K05498.01,FALSE POSITIVE,False Positive
8294683,K05499.01,CANDIDATE,Exoplanet Candidate
8295087,K05500.01,CANDIDATE,Exoplanet Candidate
8300828,K05501.01,FALSE POSITIVE,False Positive
8307489,K05502.01,CANDIDATE,Exoplanet Candidate
9141355,K05622.01,CONFIRMED,Exoplanet Candidate
9142225,K05623.01,FALSE POSITIVE,False Positive
9142334,K05624.01,FALSE POSITIVE,False Positive
9147012,K05625.01,CANDIDATE,Exoplanet Candidate
9147029,K05626.01,CANDIDATE,Exoplanet Candidate
9153246,K05627.01,FALSE POSITIVE,False Positive
9157030,K05628.01,CANDIDATE,Exoplanet Candidate
9157523,K05629.01,CANDIDATE,Exoplanet Candidate
9994381,K05749.01,CANDIDATE,Exoplanet Candidate
10002266,K05750.01,FALSE POSITIVE,False Positive
10004515,K05751.01,FALSE POSITIVE,False Positive
10004772,K05752.01,FALSE POSITIVE,False Positive
10006096,K05753.01,FALSE POSITIVE,False Positive
10007492,K05754.01,FALSE POSITIVE,False Positive
10007916,K05755.01,CANDIDATE,False Positive
10018364,K05756.01,FALSE POSITIVE,False Positive
7255910,K05376.01,FALSE POSITIVE,False Positive
7256460,K05377.01,FALSE POSITIVE,False Positive
7258902,K05378.01,FALSE POSITIVE,False Positive
7282470,K05379.01,CANDIDATE,False Positive
7289139,K05380.01,CANDIDATE,False Positive
7345136,K05381.01,FALSE POSITIVE,Exoplanet Candidate
7352727,K05382.01,FALSE POSITIVE,False Positive
7375100,K05383.01,FALSE POSITIVE,Exoplanet Candidate
8308639,K05503.01,FALSE POSITIVE,False Positive
8313697,K05504.01,FALSE POSITIVE,False Positive
8351919,K05505.01,FALSE POSITIVE,False Positive
8352009,K05506.01,CANDIDATE,False Positive
8352016,K05507.01,FALSE POSITIVE,Exoplanet Candidate
8364969,K05508.01,FALSE POSITIVE,False Positive
8378278,K05509.01,CANDIDATE,Exoplanet Candidate
8380743,K05510.01,FALSE POSITIVE,False Positive
9159461,K05630.01,FALSE POSITIVE,False Positive
9164003,K05631.01,FALSE POSITIVE,False Positive
9166700,K05632.01,CANDIDATE,Exoplanet Candidate
9173014,K05633.01,CANDIDATE,Exoplanet Candidate
9178502,K05634.01,FALSE POSITIVE,False Positive
9178894,K05635.01,CANDIDATE,Exoplanet Candidate
9180282,K05636.01,FALSE POSITIVE,False Positive
9181402,K05637.01,FALSE POSITIVE,False Positive
10023469,K05757.01,FALSE POSITIVE,False Positive
10027861,K05758.01,CANDIDATE,Exoplanet Candidate
10064591,K05759.01,CANDIDATE,Exoplanet Candidate
10074700,K05760.01,FALSE POSITIVE,False Positive
10083325,K05761.01,CANDIDATE,Exoplanet Candidate
10090854,K05762.01,CANDIDATE,Exoplanet Candidate
10096697,K05763.01,FALSE POSITIVE,Exoplanet Candidate
10098540,K05764.01,CANDIDATE,False Positive
7377343,K05384.01,CANDIDATE,Exoplanet Candidate
7383840,K05385.01,CANDIDATE,False Positive
7386200,K05386.01,FALSE POSITIVE,False Positive
7416016,K05387.01,CANDIDATE,False Positive
7416306,K05388.01,CANDIDATE,Exoplanet Candidate
7416646,K05389.01,CANDIDATE,Exoplanet Candidate
7440715,K05390.01,CANDIDATE,Exoplanet Candidate
7456380,K05391.01,FALSE POSITIVE,False Positive
8395870,K05511.01,CANDIDATE,Exoplanet Candidate
8396288,K05512.01,CANDIDATE,Exoplanet Candidate
8414914,K05513.01,FALSE POSITIVE,False Positive
8415353,K05514.01,CANDIDATE,Exoplanet Candidate
8429817,K05515.01,CANDIDATE,Exoplanet Candidate
8432034,K05516.01,FALSE POSITIVE,False Positive
8432249,K05517.01,CANDIDATE,False Positive
8439618,K05518.01,CANDIDATE,Exoplanet Candidate
9209981,K05638.01,CANDIDATE,Exoplanet Candidate
9210738,K05639.01,CANDIDATE,Exoplanet Candidate
9214176,K05640.01,CANDIDATE,Exoplanet Candidate
9216231,K05641.01,FALSE POSITIVE,False Positive
9217583,K05642.01,CANDIDATE,Exoplanet Candidate
9220614,K05643.01,CANDIDATE,Exoplanet Candidate
9224514,K05644.01,CANDIDATE,Exoplanet Candidate
9229807,K05645.01,CANDIDATE,Exoplanet Candidate
10130646,K05765.01,FALSE POSITIVE,False Positive
10132552,K05766.01,FALSE POSITIVE,False Positive
10132908,K05767.01,FALSE POSITIVE,False Positive
10141271,K05768.01,FALSE POSITIVE,False Positive
10146103,K05769.01,CANDIDATE,Exoplanet Candidate
10158715,K05770.01,FALSE POSITIVE,False Positive
10161534,K05771.01,FALSE POSITIVE,False Positive
7458433,K05392.01,FALSE POSITIVE,False Positive
7458743,K05393.01,CANDIDATE,Exoplanet Candidate
7468295,K05394.01,FALSE POSITIVE,False Positive
7516073,K05395.01,FALSE POSITIVE,False Positive
7538450,K05396.01,FALSE POSITIVE,False Positive
7539174,K05397.01,FALSE POSITIVE,False Positive
7539277,K05398.01,CANDIDATE,Exoplanet Candidate
7550875,K05399.01,FALSE POSITIVE,False Positive
8442463,K05519.01,FALSE POSITIVE,False Positive
8474892,K05520.01,FALSE POSITIVE,False Positive
8480642,K05521.01,FALSE POSITIVE,False Positive
8482513,K05522.01,FALSE POSITIVE,False Positive
8487777,K05523.01,FALSE POSITIVE,Exoplanet Candidate
8495232,K05524.01,FALSE POSITIVE,False Positive
8499922,K05525.01,FALSE POSITIVE,False Positive
8505674,K05526.01,FALSE POSITIVE,False Positive
11444772,K05897.01,CANDIDATE,Exoplanet Candidate
11444974,K05898.01,CANDIDATE,Exoplanet Candidate
11446961,K05899.01,CANDIDATE,Exoplanet Candidate
11453930,K05900.01,CANDIDATE,False Positive
11456256,K05901.01,CANDIDATE,Exoplanet Candidate
11457664,K05902.01,CANDIDATE,Exoplanet Candidate
11465658,K05903.01,CANDIDATE,Exoplanet Candidate
11465869,K05904.01,FALSE POSITIVE,False Positive
11493378,K05905.01,CANDIDATE,False Positive
11506938,K05906.01,FALSE POSITIVE,False Positive
11513366,K05907.01,CANDIDATE,False Positive
11513441,K05908.01,FALSE POSITIVE,Exoplanet Candidate
11520114,K05909.01,CANDIDATE,Exoplanet Candidate
11520465,K05910.01,CANDIDATE,Exoplanet Candidate
11559493,K05911.01,CANDIDATE,False Positive
11598638,K05912.01,CANDIDATE,Exoplanet Candidate
11598894,K05913.01,CANDIDATE,Exoplanet Candidate
11599800,K05914.01,FALSE POSITIVE,False Positive
11599937,K05915.01,CANDIDATE,Exoplanet Candidate
11600299,K05916.01,CANDIDATE,Exoplanet Candidate
11601425,K05917.01,CANDIDATE,Exoplanet Candidate
11601633,K05918.01,CANDIDATE,Exoplanet Candidate
11601972,K05919.01,CANDIDATE,Exoplanet Candidate
11603298,K05920.01,FALSE POSITIVE,False Positive
11614808,K05921.01,CANDIDATE,Exoplanet Candidate
11615258,K05922.01,CANDIDATE,Exoplanet Candidate
11615521,K05923.01,CANDIDATE,Exoplanet Candidate
11616434,K05924.01,CANDIDATE,Exoplanet Candidate
11651240,K05925.01,CANDIDATE,Exoplanet Candidate
11652427,K05926.01,CANDIDATE,Exoplanet Candidate
11654039,K05927.01,FALSE POSITIVE,False Positive
11674709,K05928.01,CANDIDATE,Exoplanet Candidate
11716643,K05929.01,CANDIDATE,Exoplanet Candidate
11722217,K05930.01,CANDIDATE,Exoplanet Candidate
11773174,K05931.01,CANDIDATE,False Positive
11803074,K05932.01,CANDIDATE,Exoplanet Candidate
11807906,K05933.01,CANDIDATE,Exoplanet Candidate
11811382,K05934.01,CANDIDATE,Exoplanet Candidate
11818566,K05935.01,CANDIDATE,Exoplanet Candidate
11819396,K05936.01,CANDIDATE,Exoplanet Candidate
11824578,K05937.01,CANDIDATE,Exoplanet Candidate
11860294,K05938.01,CANDIDATE,False Positive
11868941,K05939.01,CANDIDATE,Exoplanet Candidate
11905398,K05940.01,CANDIDATE,Exoplanet Candidate
11910670,K05941.01,CANDIDATE,Exoplanet Candidate
11911929,K05942.01,CANDIDATE,Exoplanet Candidate
11923213,K05943.01,CANDIDATE,Exoplanet Candidate
11924426,K05944.01,FALSE POSITIVE,False Positive
11959893,K05945.01,CANDIDATE,Exoplanet Candidate
11966643,K05946.01,CANDIDATE,Exoplanet Candidate
11968514,K05947.01,FALSE POSITIVE,False Positive
12007270,K05948.01,CANDIDATE,False Positive
12009917,K05949.01,CANDIDATE,Exoplanet Candidate
12020376,K05950.01,CANDIDATE,Exoplanet Candidate
12066767,K05951.01,CANDIDATE,Exoplanet Candidate
12071775,K05952.01,CANDIDATE,Exoplanet Candidate
12102775,K05953.01,CANDIDATE,Exoplanet Candidate
12105086,K05954.01,CANDIDATE,False Positive
12110901,K05955.01,CANDIDATE,False Positive
12121701,K05956.01,CANDIDATE,Exoplanet Candidate
12156805,K05957.01,FALSE POSITIVE,False Positive
12165063,K05958.01,FALSE POSITIVE,False Positive
12168895,K05959.01,CANDIDATE,False Positive
12170767,K05960.01,CANDIDATE,Exoplanet Candidate
12253490,K05961.01,CANDIDATE,Exoplanet Candidate
12257851,K05962.01,FALSE POSITIVE,False Positive
12265150,K05963.01,FALSE POSITIVE,False Positive
12300524,K05964.01,CANDIDATE,Exoplanet Candidate
12349560,K05965.01,CANDIDATE,Exoplanet Candidate
12350136,K05966.01,CANDIDATE,False Positive
10964747,K05844.01,FALSE POSITIVE,False Positive
10967168,K05845.01,CANDIDATE,Exoplanet Candidate
10977671,K05846.01,CANDIDATE,Exoplanet Candidate
10978581,K05847.01,CANDIDATE,Exoplanet Candidate
10979952,K05848.01,CANDIDATE,Exoplanet Candidate
10989620,K05849.01,CANDIDATE,Exoplanet Candidate
10991389,K05850.01,CANDIDATE,Exoplanet Candidate
12401859,K05967.01,CANDIDATE,Exoplanet Candidate
12402588,K05968.01,CANDIDATE,Exoplanet Candidate
12405436,K05969.01,FALSE POSITIVE,False Positive
12417572,K05970.01,FALSE POSITIVE,False Positive
12418418,K05971.01,CANDIDATE,Exoplanet Candidate
12505590,K05972.01,CANDIDATE,False Positive
12506986,K05973.01,CANDIDATE,Exoplanet Candidate
10991431,K05851.01,CANDIDATE,Exoplanet Candidate
11021266,K05852.01,CANDIDATE,Exoplanet Candidate
11021676,K05853.01,CANDIDATE,Exoplanet Candidate
11026582,K05854.01,CANDIDATE,Exoplanet Candidate
11036168,K05855.01,CANDIDATE,Exoplanet Candidate
11037818,K05856.01,CONFIRMED,Exoplanet Candidate
11046723,K05857.01,CANDIDATE,Exoplanet Candidate
11046870,K05858.01,FALSE POSITIVE,False Positive
12554212,K05974.01,CANDIDATE,Exoplanet Candidate
12645262,K05975.01,FALSE POSITIVE,False Positive
12645761,K05976.01,FALSE POSITIVE,False Positive
12690465,K05977.01,CANDIDATE,Exoplanet Candidate
12734110,K05978.01,CANDIDATE,Exoplanet Candidate
12735793,K05979.01,CANDIDATE,Exoplanet Candidate
12736658,K05980.01,FALSE POSITIVE,False Positive
12835139,K05981.01,FALSE POSITIVE,False Positive
11069681,K05859.01,CANDIDATE,Exoplanet Candidate
11072982,K05860.01,CANDIDATE,Exoplanet Candidate
11073238,K05861.01,FALSE POSITIVE,False Positive
11076176,K05862.01,FALSE POSITIVE,False Positive
11080702,K05863.01,CANDIDATE,Exoplanet Candidate
11082795,K05864.01,CANDIDATE,Exoplanet Candidate
11090561,K05865.01,FALSE POSITIVE,False Positive
11090926,K05866.01,CANDIDATE,Exoplanet Candidate
11097752,K05867.01,CANDIDATE,Exoplanet Candidate
11098704,K05868.01,CANDIDATE,Exoplanet Candidate
11100170,K05869.01,CANDIDATE,Exoplanet Candidate
11129145,K05870.01,CANDIDATE,Exoplanet Candidate
11145391,K05871.01,CANDIDATE,Exoplanet Candidate
11145637,K05872.01,CANDIDATE,Exoplanet Candidate
11147785,K05873.01,CANDIDATE,Exoplanet Candidate
11152511,K05874.01,CANDIDATE,False Positive
11176166,K05875.01,CONFIRMED,Exoplanet Candidate
11182213,K05876.01,CANDIDATE,Exoplanet Candidate
11183752,K05877.01,CANDIDATE,Exoplanet Candidate
11191364,K05878.01,CANDIDATE,Exoplanet Candidate
11198419,K05879.01,CANDIDATE,Exoplanet Candidate
11199233,K05880.01,FALSE POSITIVE,False Positive
11251991,K05881.01,CANDIDATE,Exoplanet Candidate
11298442,K05882.01,CANDIDATE,Exoplanet Candidate
11305417,K05883.01,CANDIDATE,Exoplanet Candidate
11338918,K05884.01,FALSE POSITIVE,Exoplanet Candidate
11340218,K05885.01,CANDIDATE,Exoplanet Candidate
11341266,K05886.01,CANDIDATE,Exoplanet Candidate
11341314,K05887.01,FALSE POSITIVE,False Positive
11348610,K05888.01,CANDIDATE,Exoplanet Candidate
11351454,K05889.01,CANDIDATE,Exoplanet Candidate
11355925,K05890.01,CANDIDATE,Exoplanet Candidate
11391512,K05891.01,CANDIDATE,Exoplanet Candidate
11393248,K05892.01,CANDIDATE,Exoplanet Candidate
11393633,K05893.01,CANDIDATE,Exoplanet Candidate
11401845,K05894.01,FALSE POSITIVE,False Positive
11407847,K05895.01,CANDIDATE,Exoplanet Candidate
11414368,K05896.01,CANDIDATE,Exoplanet Candidate
8355178,K06178.02,CANDIDATE,Exoplanet Candidate
8374077,K06179.01,CANDIDATE,Exoplanet Candidate
8494783,K06180.01,CANDIDATE,Exoplanet Candidate
8494783,K06180.02,CANDIDATE,Exoplanet Candidate
8517303,K06181.01,FALSE POSITIVE,False Positive
8590149,K06182.01,CANDIDATE,Exoplanet Candidate
10055126,K01608.03,CONFIRMED,Exoplanet Candidate
8590149,K06182.02,CANDIDATE,Exoplanet Candidate
3559935,K00492.02,CANDIDATE,Exoplanet Candidate
9285265,K03410.02,CONFIRMED,Exoplanet Candidate
3559860,K03440.02,CANDIDATE,Exoplanet Candidate
5384713,K03444.04,CANDIDATE,Exoplanet Candidate
6364582,K03456.02,CANDIDATE,Exoplanet Candidate
6525209,K03479.02,FALSE POSITIVE,False Positive
6368175,K03503.02,CONFIRMED,Exoplanet Candidate
5471158,K03504.02,CANDIDATE,Exoplanet Candidate
10407086,K04568.02,CANDIDATE,Exoplanet Candidate
9947653,K04647.02,CANDIDATE,Exoplanet Candidate
6527078,K04657.02,CANDIDATE,Exoplanet Candidate
12416597,K04895.02,CANDIDATE,Exoplanet Candidate
2309587,K05982.01,FALSE POSITIVE,False Positive
2445134,K05983.01,FALSE POSITIVE,False Positive
3241344,K05984.01,FALSE POSITIVE,False Positive
3347485,K05985.01,FALSE POSITIVE,False Positive
2019477,K06093.02,CANDIDATE,Exoplanet Candidate
2161623,K06094.01,FALSE POSITIVE,False Positive
2707097,K06095.01,FALSE POSITIVE,False Positive
2719873,K06096.01,FALSE POSITIVE,False Positive
8158127,K01015.03,CANDIDATE,Exoplanet Candidate
2852810,K06097.01,CANDIDATE,Exoplanet Candidate
2852810,K06097.02,CANDIDATE,Exoplanet Candidate
2852810,K06097.03,CANDIDATE,Exoplanet Candidate
8590780,K06183.01,FALSE POSITIVE,False Positive
8613338,K06184.01,FALSE POSITIVE,False Positive
8646141,K06185.01,FALSE POSITIVE,Exoplanet Candidate
8653134,K06186.01,CONFIRMED,Exoplanet Candidate
8702921,K06187.01,FALSE POSITIVE,False Positive
8822421,K06188.01,CANDIDATE,Exoplanet Candidate
8957954,K06189.01,FALSE POSITIVE,False Positive
8984706,K06190.01,FALSE POSITIVE,False Positive
4247807,K03748.02,FALSE POSITIVE,False Positive
4472818,K03878.02,CANDIDATE,Exoplanet Candidate
8030339,K03954.02,CONFIRMED,Exoplanet Candidate
8037145,K00520.04,CONFIRMED,Exoplanet Candidate
5471059,K03956.02,FALSE POSITIVE,False Positive
5471675,K04000.02,FALSE POSITIVE,False Positive
8934103,K04009.02,CANDIDATE,Exoplanet Candidate
9551430,K04030.02,CANDIDATE,Exoplanet Candidate
3530668,K05986.01,FALSE POSITIVE,False Positive
3532985,K05987.01,CANDIDATE,False Positive
10718726,K00600.02,CANDIDATE,Exoplanet Candidate
3831911,K05988.01,FALSE POSITIVE,False Positive
3852258,K05989.01,FALSE POSITIVE,False Positive
3858919,K05990.01,FALSE POSITIVE,False Positive
3869326,K05991.01,FALSE POSITIVE,False Positive
3971315,K05992.01,FALSE POSITIVE,False Positive
2852810,K06097.04,CANDIDATE,Exoplanet Candidate
2997455,K06098.01,FALSE POSITIVE,False Positive
3003991,K06099.01,FALSE POSITIVE,False Positive
3003991,K06099.02,FALSE POSITIVE,False Positive
3229028,K06100.01,FALSE POSITIVE,False Positive
3229028,K06100.02,CANDIDATE,Exoplanet Candidate
3230787,K06101.01,FALSE POSITIVE,False Positive
5956656,K01053.02,CANDIDATE,Exoplanet Candidate
9093086,K06191.01,CANDIDATE,Exoplanet Candidate
9015738,K01616.02,CANDIDATE,Exoplanet Candidate
7954278,K07859.01,CANDIDATE,Exoplanet Candidate
9093086,K06191.02,CANDIDATE,Exoplanet Candidate
9101400,K06192.01,FALSE POSITIVE,False Positive
9119652,K06193.01,FALSE POSITIVE,False Positive
9145861,K06194.01,CANDIDATE,Exoplanet Candidate
9145861,K06194.02,FALSE POSITIVE,False Positive
9153823,K06195.01,CANDIDATE,Exoplanet Candidate
7100673,K04032.03,CONFIRMED,Exoplanet Candidate
7100673,K04032.04,CONFIRMED,Exoplanet Candidate
10089911,K04034.02,CANDIDATE,Exoplanet Candidate
4150496,K04046.02,FALSE POSITIVE,False Positive
3747817,K04103.02,CANDIDATE,Exoplanet Candidate
6129694,K04131.02,FALSE POSITIVE,False Positive
8162789,K00521.02,CANDIDATE,Exoplanet Candidate
9899315,K04181.02,FALSE POSITIVE,False Positive
4037428,K05993.01,FALSE POSITIVE,False Positive
4049124,K05994.01,FALSE POSITIVE,False Positive
4275328,K05995.01,FALSE POSITIVE,False Positive
4753561,K05996.01,FALSE POSITIVE,False Positive
4912991,K05997.01,FALSE POSITIVE,False Positive
5613330,K00649.02,CANDIDATE,Exoplanet Candidate
5036966,K05998.01,FALSE POSITIVE,False Positive
5254230,K05999.01,FALSE POSITIVE,False Positive
3545840,K06102.01,CANDIDATE,Exoplanet Candidate
3634051,K06103.01,CONFIRMED,Exoplanet Candidate
7967517,K07860.01,FALSE POSITIVE,False Positive
3634051,K06103.02,CANDIDATE,False Positive
3761319,K06104.01,FALSE POSITIVE,False Positive
3761319,K06104.02,FALSE POSITIVE,False Positive
3762553,K06105.01,FALSE POSITIVE,False Positive
3965879,K06106.01,FALSE POSITIVE,False Positive
4035675,K06107.01,FALSE POSITIVE,False Positive
9282687,K06196.01,FALSE POSITIVE,False Positive
9289960,K06197.01,FALSE POSITIVE,False Positive
9291629,K06198.01,FALSE POSITIVE,False Positive
9304842,K06199.01,FALSE POSITIVE,False Positive
6975129,K01628.03,CANDIDATE,Exoplanet Candidate
9304923,K06200.01,FALSE POSITIVE,False Positive
9343862,K06201.01,FALSE POSITIVE,False Positive
9389245,K06202.01,CANDIDATE,Exoplanet Candidate
9828127,K04192.02,CANDIDATE,Exoplanet Candidate
5177859,K04246.02,CANDIDATE,Exoplanet Candidate
11081504,K04287.02,CANDIDATE,Exoplanet Candidate
5385410,K04323.02,FALSE POSITIVE,False Positive
3645438,K04385.02,CONFIRMED,Exoplanet Candidate
8110757,K07865.01,CANDIDATE,False Positive
3645438,K04385.03,CANDIDATE,Exoplanet Candidate
8278685,K04435.02,CANDIDATE,Exoplanet Candidate
5511659,K04541.02,CANDIDATE,Exoplanet Candidate
5385139,K06000.01,FALSE POSITIVE,False Positive
5385150,K06001.01,FALSE POSITIVE,False Positive
5385269,K06002.01,FALSE POSITIVE,False Positive
8210370,K07872.01,FALSE POSITIVE,False Positive
5385509,K06003.01,FALSE POSITIVE,False Positive
5385566,K06004.01,FALSE POSITIVE,False Positive
5385773,K06005.01,FALSE POSITIVE,False Positive
5386163,K06006.01,FALSE POSITIVE,False Positive
5470960,K06007.01,FALSE POSITIVE,False Positive
4139254,K06108.01,CANDIDATE,Exoplanet Candidate
4144236,K06109.01,FALSE POSITIVE,False Positive
10141900,K01082.04,CANDIDATE,Exoplanet Candidate
4144236,K06109.02,FALSE POSITIVE,False Positive
4150701,K06110.01,FALSE POSITIVE,False Positive
4255944,K06111.01,CANDIDATE,Exoplanet Candidate
4285087,K06112.01,FALSE POSITIVE,False Positive
4346875,K06113.01,FALSE POSITIVE,False Positive
9394605,K06203.01,FALSE POSITIVE,False Positive
9471755,K06204.01,FALSE POSITIVE,False Positive
9479460,K06205.01,FALSE POSITIVE,False Positive
9549472,K06206.01,FALSE POSITIVE,False Positive
9576197,K06207.01,FALSE POSITIVE,False Positive
8110758,K07866.01,FALSE POSITIVE,False Positive
9579860,K06208.01,FALSE POSITIVE,False Positive
9655711,K06209.01,CANDIDATE,Exoplanet Candidate
5856571,K01839.02,CANDIDATE,Exoplanet Candidate
8222395,K07873.01,CANDIDATE,Exoplanet Candidate
5796186,K00651.02,FALSE POSITIVE,False Positive
5471068,K06008.01,FALSE POSITIVE,False Positive
5471192,K06009.01,FALSE POSITIVE,False Positive
5471217,K06010.01,FALSE POSITIVE,False Positive
5471769,K06011.01,FALSE POSITIVE,False Positive
5471770,K06012.01,FALSE POSITIVE,False Positive
5556804,K06013.01,FALSE POSITIVE,False Positive
5597970,K06014.01,FALSE POSITIVE,False Positive
4459068,K06114.01,FALSE POSITIVE,False Positive
8107150,K07863.01,CANDIDATE,Exoplanet Candidate
4464394,K06115.01,CANDIDATE,Exoplanet Candidate
4547480,K06116.01,FALSE POSITIVE,Exoplanet Candidate
4739229,K06118.01,CANDIDATE,Exoplanet Candidate
4739229,K06118.02,CANDIDATE,Exoplanet Candidate
8620565,K01250.02,CANDIDATE,False Positive
4740676,K06119.01,FALSE POSITIVE,False Positive
4742420,K06120.01,CANDIDATE,Exoplanet Candidate
9655711,K06209.02,CANDIDATE,Exoplanet Candidate
9727765,K06210.01,CANDIDATE,Exoplanet Candidate
9767392,K06211.01,FALSE POSITIVE,False Positive
9774400,K06212.01,FALSE POSITIVE,False Positive
9839081,K06213.01,FALSE POSITIVE,False Positive
9974142,K06214.01,FALSE POSITIVE,False Positive
9974142,K06214.02,CANDIDATE,Exoplanet Candidate
10163066,K06215.01,FALSE POSITIVE,False Positive
9008103,K03283.03,CANDIDATE,Exoplanet Candidate
8780959,K03741.03,CONFIRMED,Exoplanet Candidate
8780959,K03741.04,CONFIRMED,Exoplanet Candidate
7429287,K04260.02,FALSE POSITIVE,False Positive
11296045,K04396.04,CANDIDATE,Exoplanet Candidate
6592335,K04777.02,FALSE POSITIVE,False Positive
5951416,K04781.02,FALSE POSITIVE,False Positive
5769810,K04913.02,CANDIDATE,Exoplanet Candidate
5643492,K06015.01,FALSE POSITIVE,False Positive
5795648,K06016.01,FALSE POSITIVE,False Positive
5961350,K06017.01,FALSE POSITIVE,False Positive
10340423,K00736.03,FALSE POSITIVE,False Positive
5979863,K06018.01,FALSE POSITIVE,False Positive
6117415,K06019.01,FALSE POSITIVE,False Positive
6128027,K06020.01,FALSE POSITIVE,False Positive
6146418,K06021.01,FALSE POSITIVE,False Positive
4742420,K06120.02,CANDIDATE,Exoplanet Candidate
4826439,K06121.01,FALSE POSITIVE,False Positive
4933476,K06122.01,FALSE POSITIVE,False Positive
4990977,K06123.01,FALSE POSITIVE,False Positive
5034333,K06124.01,FALSE POSITIVE,False Positive
5039441,K06125.01,FALSE POSITIVE,False Positive
8231299,K07874.01,FALSE POSITIVE,False Positive
5121173,K06126.01,FALSE POSITIVE,False Positive
5306984,K06127.01,CANDIDATE,Exoplanet Candidate
10198662,K06216.01,CANDIDATE,Exoplanet Candidate
10198662,K06216.02,CANDIDATE,Exoplanet Candidate
4157325,K01860.04,CANDIDATE,Exoplanet Candidate
10200627,K06217.01,CANDIDATE,Exoplanet Candidate
10219361,K06218.01,FALSE POSITIVE,False Positive
10228942,K06219.01,FALSE POSITIVE,False Positive
10341878,K06220.01,FALSE POSITIVE,False Positive
10357831,K06221.01,FALSE POSITIVE,False Positive
8332521,K04567.02,CANDIDATE,Exoplanet Candidate
6150977,K06022.01,FALSE POSITIVE,False Positive
6182019,K06023.01,FALSE POSITIVE,False Positive
6191945,K06024.01,FALSE POSITIVE,False Positive
6209347,K06025.01,FALSE POSITIVE,False Positive
6268722,K06026.01,FALSE POSITIVE,False Positive
6301030,K06027.01,FALSE POSITIVE,False Positive
10480982,K00744.02,FALSE POSITIVE,False Positive
6606934,K06028.01,FALSE POSITIVE,False Positive
8242769,K07875.01,CANDIDATE,Exoplanet Candidate
10964440,K01310.02,CANDIDATE,Exoplanet Candidate
5385548,K06128.01,FALSE POSITIVE,False Positive
5385778,K06129.01,FALSE POSITIVE,False Positive
5428657,K06130.01,CANDIDATE,Exoplanet Candidate
5471617,K06131.01,FALSE POSITIVE,False Positive
5471617,K06131.02,FALSE POSITIVE,False Positive
5629353,K06132.01,CANDIDATE,Exoplanet Candidate
5629353,K06132.02,CONFIRMED,Exoplanet Candidate
10363233,K06222.01,FALSE POSITIVE,False Positive
10385682,K06223.01,FALSE POSITIVE,False Positive
10414727,K06224.01,CANDIDATE,Exoplanet Candidate
10414727,K06224.02,FALSE POSITIVE,False Positive
10483644,K06225.01,FALSE POSITIVE,False Positive
4736569,K01996.02,CANDIDATE,Exoplanet Candidate
10601549,K06226.01,FALSE POSITIVE,False Positive
10614158,K06227.01,FALSE POSITIVE,False Positive
8505215,K00099.02,FALSE POSITIVE,False Positive
10662202,K00750.03,CANDIDATE,Exoplanet Candidate
9008103,K03283.02,CANDIDATE,Exoplanet Candidate
6614926,K06029.01,FALSE POSITIVE,False Positive
6628237,K06030.01,FALSE POSITIVE,False Positive
6694186,K06031.01,FALSE POSITIVE,False Positive
6934587,K06032.01,FALSE POSITIVE,False Positive
7219906,K06033.01,FALSE POSITIVE,False Positive
7257373,K06034.01,FALSE POSITIVE,False Positive
7295570,K06035.01,FALSE POSITIVE,False Positive
7362852,K06036.01,FALSE POSITIVE,False Positive
5629353,K06132.03,CANDIDATE,Exoplanet Candidate
5641294,K06133.01,FALSE POSITIVE,False Positive
5738698,K06134.01,FALSE POSITIVE,False Positive
4078157,K01319.02,CANDIDATE,Exoplanet Candidate
5768927,K06135.01,FALSE POSITIVE,False Positive
5814635,K06136.01,FALSE POSITIVE,False Positive
5816144,K06137.01,CANDIDATE,Exoplanet Candidate
5816144,K06137.02,FALSE POSITIVE,Exoplanet Candidate
10717220,K06228.01,CONFIRMED,Exoplanet Candidate
10728219,K06229.01,FALSE POSITIVE,False Positive
10735988,K06230.01,FALSE POSITIVE,False Positive
8112324,K07867.01,FALSE POSITIVE,False Positive
10971944,K06231.01,FALSE POSITIVE,False Positive
10973583,K06232.01,FALSE POSITIVE,False Positive
10989274,K06233.01,CONFIRMED,Exoplanet Candidate
11099351,K06234.01,FALSE POSITIVE,False Positive
11147460,K06235.01,FALSE POSITIVE,False Positive
10662202,K00750.04,FALSE POSITIVE,False Positive
11607193,K00983.02,FALSE POSITIVE,False Positive
10743597,K00989.04,FALSE POSITIVE,Exoplanet Candidate
4247991,K02311.03,CONFIRMED,Exoplanet Candidate
11968463,K02433.06,CANDIDATE,Exoplanet Candidate
11968463,K02433.07,CANDIDATE,Exoplanet Candidate
11074835,K02533.03,CANDIDATE,Exoplanet Candidate
8042747,K07861.01,FALSE POSITIVE,False Positive
9008737,K02768.03,FALSE POSITIVE,Exoplanet Candidate
7373877,K06037.01,FALSE POSITIVE,False Positive
5792202,K00841.04,CANDIDATE,Exoplanet Candidate
7436177,K06038.01,FALSE POSITIVE,False Positive
7537945,K06039.01,FALSE POSITIVE,False Positive
7624297,K06040.01,FALSE POSITIVE,False Positive
8109692,K07864.01,FALSE POSITIVE,False Positive
7695093,K06041.01,FALSE POSITIVE,False Positive
7749318,K06042.01,FALSE POSITIVE,False Positive
7777397,K06043.01,FALSE POSITIVE,False Positive
5817566,K06138.01,FALSE POSITIVE,False Positive
5952403,K06139.01,FALSE POSITIVE,False Positive
6032730,K06141.01,CANDIDATE,Exoplanet Candidate
6116172,K06142.01,CANDIDATE,Exoplanet Candidate
6116172,K06142.02,CANDIDATE,Exoplanet Candidate
6116172,K06142.03,CANDIDATE,Exoplanet Candidate
4150539,K01330.02,FALSE POSITIVE,False Positive
6182093,K06143.01,FALSE POSITIVE,False Positive
9839821,K02012.02,CONFIRMED,Exoplanet Candidate
11252617,K06236.01,FALSE POSITIVE,False Positive
8245108,K07876.01,FALSE POSITIVE,False Positive
11252617,K06236.02,FALSE POSITIVE,False Positive
11296437,K06237.01,FALSE POSITIVE,False Positive
11296437,K06237.02,CANDIDATE,Exoplanet Candidate
11341164,K06238.01,CANDIDATE,Exoplanet Candidate
11462969,K06239.01,CANDIDATE,Exoplanet Candidate
11462969,K06239.02,CANDIDATE,Exoplanet Candidate
7830321,K06044.01,FALSE POSITIVE,False Positive
7841986,K06045.01,FALSE POSITIVE,False Positive
7877820,K06046.01,FALSE POSITIVE,False Positive
7914906,K06047.01,FALSE POSITIVE,False Positive
5792202,K00841.05,CANDIDATE,Exoplanet Candidate
8019043,K06048.01,FALSE POSITIVE,False Positive
8023317,K06049.01,FALSE POSITIVE,False Positive
8126531,K07868.01,FALSE POSITIVE,False Positive
8121067,K06050.01,FALSE POSITIVE,False Positive
6197038,K06144.01,FALSE POSITIVE,False Positive
6221385,K06145.01,CONFIRMED,Exoplanet Candidate
6221385,K06145.02,CONFIRMED,Exoplanet Candidate
6221385,K06145.03,CANDIDATE,Exoplanet Candidate
6362386,K06146.01,FALSE POSITIVE,False Positive
8260269,K07877.01,FALSE POSITIVE,False Positive
6449358,K06147.01,FALSE POSITIVE,False Positive
6593968,K06148.01,FALSE POSITIVE,False Positive
6674908,K06149.01,FALSE POSITIVE,False Positive
11516930,K06240.01,FALSE POSITIVE,False Positive
11558882,K06241.01,FALSE POSITIVE,False Positive
11656928,K06242.01,CANDIDATE,Exoplanet Candidate
11566064,K00353.03,CANDIDATE,Exoplanet Candidate
8042835,K07862.01,FALSE POSITIVE,False Positive
2853780,K02081.02,FALSE POSITIVE,False Positive
11656928,K06242.02,CANDIDATE,Exoplanet Candidate
11656928,K06242.03,CANDIDATE,Exoplanet Candidate
11673686,K06243.01,FALSE POSITIVE,False Positive
8153568,K06051.01,FALSE POSITIVE,False Positive
8167938,K06052.01,FALSE POSITIVE,False Positive
8167978,K06053.01,FALSE POSITIVE,False Positive
8168581,K06054.01,FALSE POSITIVE,False Positive
8230809,K06055.01,FALSE POSITIVE,False Positive
8364115,K06056.01,FALSE POSITIVE,False Positive
8458207,K06057.01,FALSE POSITIVE,False Positive
7825899,K00896.03,CANDIDATE,Exoplanet Candidate
6946681,K06150.01,CANDIDATE,Exoplanet Candidate
4150624,K01334.02,FALSE POSITIVE,False Positive
6946708,K06151.01,CANDIDATE,Exoplanet Candidate
6967278,K06152.01,FALSE POSITIVE,False Positive
7108433,K06153.01,FALSE POSITIVE,False Positive
7119080,K06154.01,FALSE POSITIVE,False Positive
7129465,K06155.01,FALSE POSITIVE,False Positive
7174617,K06156.01,FALSE POSITIVE,False Positive
11724210,K06244.01,FALSE POSITIVE,False Positive
11775507,K06245.01,CANDIDATE,Exoplanet Candidate
11775507,K06245.02,CANDIDATE,Exoplanet Candidate
11856178,K06246.01,CANDIDATE,Exoplanet Candidate
11867071,K06247.01,FALSE POSITIVE,False Positive
11975363,K06248.01,FALSE POSITIVE,False Positive
12207117,K06249.01,FALSE POSITIVE,False Positive
6768394,K02086.04,CANDIDATE,Exoplanet Candidate
8580438,K06058.01,FALSE POSITIVE,False Positive
8581232,K06059.01,FALSE POSITIVE,False Positive
8655458,K06060.01,FALSE POSITIVE,False Positive
8695779,K06061.01,FALSE POSITIVE,False Positive
8953059,K06062.01,FALSE POSITIVE,False Positive
9048145,K06063.01,FALSE POSITIVE,False Positive
9214712,K06064.01,FALSE POSITIVE,False Positive
9214715,K06065.01,FALSE POSITIVE,False Positive
7190639,K06157.01,FALSE POSITIVE,False Positive
7198881,K06158.01,FALSE POSITIVE,Exoplanet Candidate
7198881,K06158.02,FALSE POSITIVE,False Positive
7422883,K06159.01,FALSE POSITIVE,False Positive
10545066,K00337.02,CANDIDATE,Exoplanet Candidate
7663405,K01519.02,CANDIDATE,Exoplanet Candidate
7464205,K06160.01,FALSE POSITIVE,False Positive
7622059,K06161.01,FALSE POSITIVE,False Positive
12367464,K06250.01,FALSE POSITIVE,False Positive
12470041,K06251.01,FALSE POSITIVE,False Positive
11358389,K02163.03,CANDIDATE,Exoplanet Candidate
5706595,K02183.03,CANDIDATE,Exoplanet Candidate
12885212,K02184.02,CANDIDATE,Exoplanet Candidate
8179286,K07869.01,FALSE POSITIVE,False Positive
3548044,K02194.03,CANDIDATE,Exoplanet Candidate
2581191,K02203.02,FALSE POSITIVE,False Positive
8168187,K02209.02,CANDIDATE,Exoplanet Candidate
9221398,K06066.01,FALSE POSITIVE,False Positive
9411317,K06067.01,FALSE POSITIVE,False Positive
9605514,K00945.03,CANDIDATE,Exoplanet Candidate
9418619,K06068.01,CANDIDATE,False Positive
9532123,K06069.01,FALSE POSITIVE,False Positive
9549471,K06070.01,FALSE POSITIVE,False Positive
9649222,K06071.01,FALSE POSITIVE,False Positive
9664215,K06072.01,FALSE POSITIVE,False Positive
7750740,K06162.01,FALSE POSITIVE,False Positive
7779942,K06163.01,FALSE POSITIVE,False Positive
7835312,K06164.01,CANDIDATE,Exoplanet Candidate
7835312,K06164.02,FALSE POSITIVE,False Positive
7838906,K06165.01,FALSE POSITIVE,False Positive
7908367,K06166.01,CONFIRMED,Exoplanet Candidate
7908367,K06166.02,CONFIRMED,Exoplanet Candidate
7940533,K06167.01,FALSE POSITIVE,False Positive
4142847,K02210.02,CONFIRMED,Exoplanet Candidate
9221517,K02281.02,CANDIDATE,Exoplanet Candidate
11623629,K00365.02,CANDIDATE,Exoplanet Candidate
10730703,K02327.02,CANDIDATE,Exoplanet Candidate
4665571,K02393.02,CONFIRMED,Exoplanet Candidate
6364215,K02404.02,FALSE POSITIVE,False Positive
7047363,K02432.02,FALSE POSITIVE,False Positive
7289317,K02450.02,CANDIDATE,Exoplanet Candidate
9714358,K06073.01,FALSE POSITIVE,False Positive
9851123,K06074.01,FALSE POSITIVE,Exoplanet Candidate
9966115,K06075.01,FALSE POSITIVE,False Positive
10026458,K06076.01,FALSE POSITIVE,False Positive
10139305,K06077.01,FALSE POSITIVE,False Positive
7375348,K00266.02,CANDIDATE,Exoplanet Candidate
1432789,K00992.02,CANDIDATE,Exoplanet Candidate
10288922,K06078.01,FALSE POSITIVE,False Positive
12266636,K01522.02,CANDIDATE,Exoplanet Candidate
7974634,K06168.01,CANDIDATE,Exoplanet Candidate
8182107,K07870.01,CANDIDATE,Exoplanet Candidate
7974634,K06168.02,CANDIDATE,Exoplanet Candidate
7974634,K06168.03,FALSE POSITIVE,False Positive
8043882,K06169.01,FALSE POSITIVE,False Positive
8058507,K06170.01,FALSE POSITIVE,False Positive
8095099,K06171.01,FALSE POSITIVE,False Positive
8163784,K06172.01,CANDIDATE,Exoplanet Candidate
2305866,K02610.02,CANDIDATE,Exoplanet Candidate
12206313,K02714.03,CONFIRMED,Exoplanet Candidate
5184911,K02719.02,CANDIDATE,Exoplanet Candidate
6436029,K02828.02,CANDIDATE,Exoplanet Candidate
7767162,K02869.02,CANDIDATE,Exoplanet Candidate
9478990,K00423.02,CANDIDATE,Exoplanet Candidate
10793172,K02871.03,CANDIDATE,Exoplanet Candidate
10122538,K02926.03,CONFIRMED,Exoplanet Candidate
10659313,K06079.01,FALSE POSITIVE,False Positive
10710755,K06080.01,FALSE POSITIVE,False Positive
10727668,K06081.01,FALSE POSITIVE,False Positive
10735519,K06082.01,FALSE POSITIVE,False Positive
8197767,K07871.01,FALSE POSITIVE,False Positive
10935310,K06083.01,FALSE POSITIVE,False Positive
11021252,K06084.01,FALSE POSITIVE,False Positive
11404644,K06085.01,CANDIDATE,False Positive
11408935,K06086.01,FALSE POSITIVE,False Positive
8165617,K06173.01,CANDIDATE,Exoplanet Candidate
8181016,K06174.01,FALSE POSITIVE,False Positive
8197761,K06175.01,FALSE POSITIVE,False Positive
4840513,K01541.02,FALSE POSITIVE,False Positive
8223568,K06176.01,CANDIDATE,Exoplanet Candidate
8223568,K06176.02,CANDIDATE,Exoplanet Candidate
8265156,K06177.01,FALSE POSITIVE,False Positive
8355178,K06178.01,CANDIDATE,Exoplanet Candidate
10122538,K02926.04,CONFIRMED,Exoplanet Candidate
4770174,K02971.02,CANDIDATE,Exoplanet Candidate
9838804,K03028.02,CANDIDATE,Exoplanet Candidate
9020114,K03088.02,CANDIDATE,Exoplanet Candidate
6609270,K03090.02,FALSE POSITIVE,Exoplanet Candidate
7983117,K03214.02,CANDIDATE,Exoplanet Candidate
11125797,K03371.02,CONFIRMED,Exoplanet Candidate
9966219,K03401.02,CANDIDATE,False Positive
11974540,K00129.02,CANDIDATE,Exoplanet Candidate
7219825,K00238.03,CANDIDATE,Exoplanet Candidate
9958962,K00593.04,CANDIDATE,Exoplanet Candidate
11519226,K06087.01,FALSE POSITIVE,False Positive
1718189,K00993.03,CANDIDATE,Exoplanet Candidate
11756821,K06088.01,FALSE POSITIVE,False Positive
11769146,K06089.01,FALSE POSITIVE,False Positive
11812199,K06090.01,FALSE POSITIVE,False Positive
8263187,K07878.01,CANDIDATE,Exoplanet Candidate
11826400,K06091.01,FALSE POSITIVE,False Positive
12010534,K06092.01,FALSE POSITIVE,False Positive
2019477,K06093.01,CANDIDATE,Exoplanet Candidate
7116117,K03163.01,FALSE POSITIVE,False Positive
7868092,K03169.01,FALSE POSITIVE,False Positive
3337061,K03172.01,FALSE POSITIVE,False Positive
9826171,K03173.01,FALSE POSITIVE,False Positive
3936658,K03180.01,FALSE POSITIVE,False Positive
4577484,K03181.01,FALSE POSITIVE,False Positive
4735826,K03184.02,CONFIRMED,Exoplanet Candidate
5005618,K03186.01,FALSE POSITIVE,False Positive
4663658,K03187.01,FALSE POSITIVE,False Positive
10467815,K03191.01,FALSE POSITIVE,False Positive
10847721,K03192.01,FALSE POSITIVE,False Positive
10118942,K03195.01,FALSE POSITIVE,False Positive
9471539,K03198.01,FALSE POSITIVE,False Positive
5482603,K03199.01,FALSE POSITIVE,False Positive
2305819,K03201.01,FALSE POSITIVE,False Positive
9518710,K03207.01,CANDIDATE,False Positive
10284575,K03210.01,FALSE POSITIVE,False Positive
3342952,K03215.01,FALSE POSITIVE,False Positive
10338624,K03222.01,FALSE POSITIVE,False Positive
5307990,K03228.01,FALSE POSITIVE,False Positive
2142501,K03233.01,FALSE POSITIVE,False Positive
2713018,K03235.01,FALSE POSITIVE,False Positive
8413968,K03251.01,FALSE POSITIVE,False Positive
9008103,K03283.01,FALSE POSITIVE,False Positive
4376629,K03378.01,FALSE POSITIVE,False Positive
3958301,K03381.01,FALSE POSITIVE,False Positive
8211605,K03405.01,FALSE POSITIVE,False Positive
11098573,K03406.01,FALSE POSITIVE,False Positive
7289338,K03420.01,CANDIDATE,Exoplanet Candidate
9837586,K03442.01,FALSE POSITIVE,False Positive
6021655,K03488.01,FALSE POSITIVE,False Positive
8308682,K03507.01,FALSE POSITIVE,False Positive
11442793,K00351.07,CONFIRMED,Exoplanet Candidate
3344427,K03764.01,FALSE POSITIVE,False Positive
6205481,K03774.01,FALSE POSITIVE,False Positive
4474637,K03829.01,FALSE POSITIVE,False Positive
8435232,K03833.01,FALSE POSITIVE,False Positive
6462874,K01231.02,FALSE POSITIVE,False Positive
8218379,K01920.02,CANDIDATE,Exoplanet Candidate
11450414,K01992.03,CONFIRMED,Exoplanet Candidate
5217733,K03155.01,FALSE POSITIVE,False Positive
4150611,K03156.01,FALSE POSITIVE,False Positive
4150611,K03156.04,FALSE POSITIVE,False Positive
5706592,K06618.01,CANDIDATE,Exoplanet Candidate
5716244,K06619.01,FALSE POSITIVE,False Positive
5725851,K06620.01,FALSE POSITIVE,False Positive
5731312,K06621.01,FALSE POSITIVE,False Positive
5735878,K06622.01,FALSE POSITIVE,False Positive
5736461,K06623.01,FALSE POSITIVE,False Positive
5737869,K06624.01,FALSE POSITIVE,Exoplanet Candidate
5771589,K06625.01,FALSE POSITIVE,False Positive
8364232,K07882.01,CANDIDATE,Exoplanet Candidate
6670742,K06753.01,CANDIDATE,Exoplanet Candidate
6672229,K06754.01,FALSE POSITIVE,False Positive
6676725,K06755.01,FALSE POSITIVE,False Positive
6695622,K06756.01,FALSE POSITIVE,False Positive
6695889,K06757.01,FALSE POSITIVE,False Positive
6697716,K06758.01,FALSE POSITIVE,False Positive
6697976,K06759.01,CANDIDATE,Exoplanet Candidate
6698670,K06760.01,FALSE POSITIVE,False Positive
7541746,K06886.01,FALSE POSITIVE,False Positive
7584778,K06887.01,FALSE POSITIVE,False Positive
7588436,K06888.01,FALSE POSITIVE,False Positive
7592529,K06889.01,CANDIDATE,Exoplanet Candidate
7592922,K06890.01,CANDIDATE,False Positive
7597703,K06891.01,FALSE POSITIVE,False Positive
7602351,K06892.01,CANDIDATE,Exoplanet Candidate
7605600,K06893.01,FALSE POSITIVE,False Positive
8312222,K07017.01,FALSE POSITIVE,False Positive
8314801,K07018.01,FALSE POSITIVE,False Positive
8316503,K07019.01,FALSE POSITIVE,False Positive
8330575,K07020.01,FALSE POSITIVE,False Positive
8345358,K07021.01,FALSE POSITIVE,False Positive
8358008,K07022.01,FALSE POSITIVE,False Positive
8362974,K07023.01,CANDIDATE,Exoplanet Candidate
8364119,K07024.01,FALSE POSITIVE,False Positive
9278021,K07152.01,FALSE POSITIVE,False Positive
9284741,K07153.01,FALSE POSITIVE,False Positive
9286728,K07154.01,FALSE POSITIVE,False Positive
9291368,K07155.01,FALSE POSITIVE,False Positive
9291368,K07155.02,FALSE POSITIVE,False Positive
9291748,K07156.01,FALSE POSITIVE,False Positive
9301564,K07157.01,CANDIDATE,Exoplanet Candidate
9304561,K07158.01,FALSE POSITIVE,False Positive
9328852,K07159.01,FALSE POSITIVE,False Positive
10089123,K07283.01,CANDIDATE,Exoplanet Candidate
10091257,K07284.01,FALSE POSITIVE,False Positive
10093664,K07285.01,FALSE POSITIVE,False Positive
10095512,K07286.01,FALSE POSITIVE,False Positive
10098534,K07287.01,FALSE POSITIVE,False Positive
10129482,K07288.01,FALSE POSITIVE,False Positive
10155080,K07289.01,FALSE POSITIVE,False Positive
10156064,K07290.01,FALSE POSITIVE,False Positive
8555967,K07894.01,CANDIDATE,Exoplanet Candidate
11198723,K07417.01,FALSE POSITIVE,False Positive
11199725,K07418.01,FALSE POSITIVE,False Positive
11200773,K07419.01,FALSE POSITIVE,False Positive
11228612,K07420.01,FALSE POSITIVE,False Positive
11232745,K07421.01,FALSE POSITIVE,False Positive
11233911,K07422.01,FALSE POSITIVE,False Positive
11234677,K07423.01,FALSE POSITIVE,False Positive
11235323,K07424.01,FALSE POSITIVE,False Positive
3765917,K04526.02,CANDIDATE,Exoplanet Candidate
3547760,K04535.02,CANDIDATE,Exoplanet Candidate
8652360,K04562.02,FALSE POSITIVE,False Positive
5476671,K04598.02,FALSE POSITIVE,False Positive
11290515,K04716.02,CANDIDATE,Exoplanet Candidate
4919550,K04766.02,FALSE POSITIVE,Exoplanet Candidate
8216763,K04838.02,CANDIDATE,Exoplanet Candidate
6767227,K04871.02,CANDIDATE,Exoplanet Candidate
8094120,K04881.02,FALSE POSITIVE,False Positive
3854496,K06368.01,CANDIDATE,Exoplanet Candidate
3858757,K06369.01,FALSE POSITIVE,Exoplanet Candidate
3858767,K06370.01,FALSE POSITIVE,False Positive
3858884,K06371.01,FALSE POSITIVE,False Positive
3936061,K06372.01,CANDIDATE,Exoplanet Candidate
3938073,K06373.01,FALSE POSITIVE,False Positive
3972391,K06374.01,FALSE POSITIVE,False Positive
3972432,K06375.01,CANDIDATE,Exoplanet Candidate
3973002,K06376.01,FALSE POSITIVE,False Positive
5025217,K06496.01,FALSE POSITIVE,False Positive
5025234,K06497.01,FALSE POSITIVE,False Positive
5025294,K06498.01,FALSE POSITIVE,False Positive
5026187,K06499.01,FALSE POSITIVE,False Positive
5031804,K06500.01,FALSE POSITIVE,False Positive
5031882,K06501.01,FALSE POSITIVE,False Positive
5036516,K06502.01,FALSE POSITIVE,False Positive
5036530,K06503.01,FALSE POSITIVE,False Positive
5781192,K06626.01,FALSE POSITIVE,False Positive
5802285,K06627.01,FALSE POSITIVE,False Positive
5802470,K06628.01,FALSE POSITIVE,False Positive
5807579,K06629.01,FALSE POSITIVE,False Positive
5809372,K06630.01,FALSE POSITIVE,False Positive
5860347,K06631.01,CANDIDATE,Exoplanet Candidate
5871918,K06632.01,FALSE POSITIVE,False Positive
5894825,K06633.01,FALSE POSITIVE,False Positive
8374394,K07883.01,FALSE POSITIVE,False Positive
6706287,K06761.01,FALSE POSITIVE,False Positive
6715997,K06762.01,CANDIDATE,Exoplanet Candidate
6763884,K06763.01,CANDIDATE,Exoplanet Candidate
6766748,K06764.01,FALSE POSITIVE,False Positive
6768616,K06765.01,CANDIDATE,Exoplanet Candidate
6774408,K06766.01,FALSE POSITIVE,False Positive
6778289,K06767.01,FALSE POSITIVE,False Positive
6781047,K06768.01,FALSE POSITIVE,False Positive
6781535,K06769.01,FALSE POSITIVE,False Positive
8440062,K07886.01,FALSE POSITIVE,False Positive
7622072,K06894.01,FALSE POSITIVE,False Positive
7630658,K06895.01,FALSE POSITIVE,False Positive
7631194,K06896.01,FALSE POSITIVE,False Positive
7662209,K06897.01,FALSE POSITIVE,False Positive
7663804,K06898.01,FALSE POSITIVE,False Positive
7668648,K06899.01,FALSE POSITIVE,False Positive
7670485,K06900.01,FALSE POSITIVE,False Positive
7670617,K06901.01,FALSE POSITIVE,False Positive
8367298,K07025.01,FALSE POSITIVE,False Positive
8374499,K07026.01,FALSE POSITIVE,False Positive
8378656,K07027.01,FALSE POSITIVE,False Positive
8378922,K07028.01,FALSE POSITIVE,False Positive
8379547,K07029.01,FALSE POSITIVE,False Positive
8381592,K07030.01,FALSE POSITIVE,False Positive
8382339,K07031.01,FALSE POSITIVE,False Positive
8394475,K07032.01,CANDIDATE,Exoplanet Candidate
8398290,K07033.01,FALSE POSITIVE,False Positive
9328864,K07160.01,FALSE POSITIVE,False Positive
9334490,K07161.01,FALSE POSITIVE,False Positive
9340411,K07162.01,CANDIDATE,Exoplanet Candidate
9344623,K07163.01,FALSE POSITIVE,False Positive
9353182,K07164.01,FALSE POSITIVE,False Positive
9357275,K07165.01,FALSE POSITIVE,False Positive
9357375,K07166.01,FALSE POSITIVE,False Positive
9392702,K07167.01,FALSE POSITIVE,False Positive
9394920,K07168.01,FALSE POSITIVE,False Positive
8524110,K07891.01,FALSE POSITIVE,False Positive
10163067,K07291.01,CANDIDATE,Exoplanet Candidate
10164018,K07292.01,FALSE POSITIVE,False Positive
10189523,K07293.01,FALSE POSITIVE,False Positive
10198109,K07294.01,FALSE POSITIVE,False Positive
10208759,K07295.01,FALSE POSITIVE,False Positive
10214328,K07296.01,FALSE POSITIVE,False Positive
10215422,K07297.01,FALSE POSITIVE,False Positive
10257903,K07298.01,FALSE POSITIVE,False Positive
10258558,K07299.01,FALSE POSITIVE,False Positive
11240948,K07425.01,FALSE POSITIVE,False Positive
11241560,K07426.01,CANDIDATE,Exoplanet Candidate
11244571,K07427.01,CANDIDATE,Exoplanet Candidate
11250867,K07428.01,FALSE POSITIVE,False Positive
11251058,K07429.01,FALSE POSITIVE,False Positive
11282568,K07430.01,CANDIDATE,Exoplanet Candidate
11285625,K07431.01,FALSE POSITIVE,False Positive
11286311,K07432.01,CANDIDATE,Exoplanet Candidate
4732015,K05076.02,FALSE POSITIVE,False Positive
8043638,K00460.02,CANDIDATE,Exoplanet Candidate
11176166,K05875.02,CANDIDATE,Exoplanet Candidate
9214712,K06064.02,FALSE POSITIVE,False Positive
9214715,K06065.02,FALSE POSITIVE,False Positive
7838906,K06165.02,FALSE POSITIVE,False Positive
1026032,K06252.01,FALSE POSITIVE,False Positive
1293379,K06253.01,CANDIDATE,Exoplanet Candidate
3973504,K06377.01,FALSE POSITIVE,False Positive
4042088,K06378.01,FALSE POSITIVE,False Positive
4055092,K06379.01,FALSE POSITIVE,False Positive
4067549,K06380.01,FALSE POSITIVE,False Positive
4069063,K06381.01,FALSE POSITIVE,False Positive
4069213,K06382.01,FALSE POSITIVE,False Positive
4075064,K06383.01,FALSE POSITIVE,False Positive
4076061,K06384.01,CANDIDATE,Exoplanet Candidate
4076952,K06385.01,FALSE POSITIVE,False Positive
5036530,K06503.02,FALSE POSITIVE,False Positive
5036538,K06504.01,FALSE POSITIVE,False Positive
5038469,K06505.01,FALSE POSITIVE,False Positive
5039687,K06506.01,FALSE POSITIVE,False Positive
5042785,K06507.01,FALSE POSITIVE,False Positive
5078879,K06508.01,FALSE POSITIVE,False Positive
5080346,K06509.01,FALSE POSITIVE,False Positive
5080652,K06510.01,FALSE POSITIVE,False Positive
5894972,K06634.01,FALSE POSITIVE,False Positive
5951140,K06635.01,CANDIDATE,Exoplanet Candidate
5952309,K06636.01,FALSE POSITIVE,False Positive
5952457,K06637.01,FALSE POSITIVE,False Positive
5962514,K06639.01,FALSE POSITIVE,False Positive
5962716,K06640.01,FALSE POSITIVE,False Positive
5966732,K06641.01,CANDIDATE,Exoplanet Candidate
5977541,K06642.01,FALSE POSITIVE,False Positive
5977804,K06643.01,FALSE POSITIVE,False Positive
6792124,K06770.01,FALSE POSITIVE,False Positive
6804648,K06771.01,FALSE POSITIVE,False Positive
6806632,K06772.01,FALSE POSITIVE,False Positive
6841577,K06773.01,FALSE POSITIVE,False Positive
6842345,K06774.01,CANDIDATE,Exoplanet Candidate
6852488,K06775.01,FALSE POSITIVE,False Positive
6853172,K06776.01,CANDIDATE,Exoplanet Candidate
6859546,K06777.01,CANDIDATE,Exoplanet Candidate
8460634,K07887.01,FALSE POSITIVE,False Positive
7671594,K06902.01,FALSE POSITIVE,False Positive
7677005,K06903.01,FALSE POSITIVE,False Positive
7687365,K06904.01,CANDIDATE,Exoplanet Candidate
7691527,K06905.01,FALSE POSITIVE,False Positive
7695445,K06906.01,FALSE POSITIVE,False Positive
7700500,K06907.01,CANDIDATE,Exoplanet Candidate
7700578,K06908.01,FALSE POSITIVE,False Positive
7707736,K06909.01,FALSE POSITIVE,False Positive
7733540,K06910.01,FALSE POSITIVE,False Positive
8411947,K07034.01,FALSE POSITIVE,False Positive
8414159,K07035.01,FALSE POSITIVE,False Positive
8414216,K07036.01,FALSE POSITIVE,Exoplanet Candidate
8415863,K07037.01,FALSE POSITIVE,False Positive
8423903,K07038.01,FALSE POSITIVE,False Positive
8429450,K07039.01,FALSE POSITIVE,False Positive
8442795,K07040.01,CANDIDATE,Exoplanet Candidate
8443812,K07041.01,CANDIDATE,Exoplanet Candidate
8445775,K07042.01,FALSE POSITIVE,False Positive
9397900,K07169.01,CANDIDATE,Exoplanet Candidate
9411943,K07170.01,FALSE POSITIVE,False Positive
9412462,K07171.01,FALSE POSITIVE,False Positive
9418994,K07172.01,FALSE POSITIVE,False Positive
9451096,K07173.01,FALSE POSITIVE,False Positive
9458266,K07174.01,CANDIDATE,Exoplanet Candidate
9466042,K07175.01,FALSE POSITIVE,False Positive
9468296,K07176.01,FALSE POSITIVE,False Positive
10264202,K07300.01,FALSE POSITIVE,False Positive
10264293,K07301.01,CANDIDATE,Exoplanet Candidate
10268809,K07302.01,FALSE POSITIVE,False Positive
10274244,K07303.01,FALSE POSITIVE,False Positive
10275887,K07304.01,FALSE POSITIVE,False Positive
10290021,K07305.01,CANDIDATE,Exoplanet Candidate
10290447,K07306.01,FALSE POSITIVE,False Positive
10292465,K07307.01,FALSE POSITIVE,False Positive
10294608,K07308.01,FALSE POSITIVE,False Positive
11287726,K07433.01,FALSE POSITIVE,False Positive
11288492,K07434.01,CANDIDATE,Exoplanet Candidate
11288772,K07435.01,CANDIDATE,Exoplanet Candidate
11295085,K07436.01,FALSE POSITIVE,False Positive
11296724,K07437.01,CANDIDATE,Exoplanet Candidate
11350389,K07438.01,FALSE POSITIVE,False Positive
11356602,K07439.01,FALSE POSITIVE,False Positive
11358392,K07440.01,FALSE POSITIVE,False Positive
1433531,K06254.01,FALSE POSITIVE,False Positive
1717528,K06255.01,FALSE POSITIVE,False Positive
1871483,K06256.01,CANDIDATE,Exoplanet Candidate
2012722,K06257.01,FALSE POSITIVE,False Positive
2013883,K06258.01,FALSE POSITIVE,False Positive
2161949,K06259.01,CANDIDATE,Exoplanet Candidate
2161949,K06259.02,CANDIDATE,Exoplanet Candidate
2162994,K06260.01,FALSE POSITIVE,False Positive
2167444,K06261.01,FALSE POSITIVE,False Positive
4078693,K06386.01,FALSE POSITIVE,False Positive
4142768,K06387.01,FALSE POSITIVE,False Positive
4149684,K06388.01,FALSE POSITIVE,False Positive
4150703,K06389.01,FALSE POSITIVE,False Positive
4157488,K06390.01,FALSE POSITIVE,False Positive
4160669,K06391.01,FALSE POSITIVE,False Positive
4171955,K06392.01,FALSE POSITIVE,False Positive
4174507,K06393.01,FALSE POSITIVE,False Positive
5083138,K06511.01,CANDIDATE,Exoplanet Candidate
5083252,K06512.01,FALSE POSITIVE,False Positive
5087223,K06513.01,CANDIDATE,Exoplanet Candidate
5091075,K06514.01,FALSE POSITIVE,False Positive
5091614,K06515.01,FALSE POSITIVE,False Positive
5092799,K06516.01,CANDIDATE,Exoplanet Candidate
5092799,K06516.02,CANDIDATE,Exoplanet Candidate
5094301,K06517.01,FALSE POSITIVE,False Positive
5983348,K06644.01,FALSE POSITIVE,False Positive
5990753,K06645.01,FALSE POSITIVE,False Positive
6019971,K06646.01,CANDIDATE,Exoplanet Candidate
6029130,K06647.01,FALSE POSITIVE,False Positive
6035335,K06648.01,FALSE POSITIVE,False Positive
6041511,K06649.01,FALSE POSITIVE,False Positive
6042116,K06650.01,FALSE POSITIVE,False Positive
6042663,K06651.01,FALSE POSITIVE,False Positive
6044064,K06652.01,FALSE POSITIVE,False Positive
6859813,K06778.01,FALSE POSITIVE,False Positive
6863840,K06779.01,FALSE POSITIVE,False Positive
6864569,K06780.01,FALSE POSITIVE,False Positive
6864706,K06781.01,CANDIDATE,Exoplanet Candidate
6864859,K06782.01,FALSE POSITIVE,False Positive
6867219,K06783.01,CANDIDATE,Exoplanet Candidate
6877673,K06784.01,FALSE POSITIVE,False Positive
6877871,K06785.01,FALSE POSITIVE,False Positive
6878408,K06786.01,CANDIDATE,False Positive
7741048,K06911.01,FALSE POSITIVE,False Positive
7751562,K06912.01,FALSE POSITIVE,False Positive
7755741,K06913.01,FALSE POSITIVE,False Positive
7755741,K06913.02,CANDIDATE,False Positive
7769072,K06914.01,FALSE POSITIVE,False Positive
7769815,K06915.01,FALSE POSITIVE,False Positive
7777365,K06916.01,FALSE POSITIVE,False Positive
7798259,K06917.01,FALSE POSITIVE,False Positive
8453191,K07043.01,FALSE POSITIVE,False Positive
8453324,K07044.01,FALSE POSITIVE,False Positive
8479107,K07045.01,FALSE POSITIVE,False Positive
8479386,K07046.01,FALSE POSITIVE,False Positive
8488876,K07047.01,FALSE POSITIVE,False Positive
8504570,K07048.01,FALSE POSITIVE,False Positive
8509346,K07049.01,FALSE POSITIVE,False Positive
8517433,K07050.01,FALSE POSITIVE,False Positive
9474222,K07177.01,FALSE POSITIVE,False Positive
9474969,K07178.01,FALSE POSITIVE,False Positive
9480398,K07179.01,CANDIDATE,Exoplanet Candidate
9490342,K07180.01,CANDIDATE,False Positive
9509207,K07181.01,FALSE POSITIVE,False Positive
9513168,K07182.01,CANDIDATE,Exoplanet Candidate
9520700,K07183.01,FALSE POSITIVE,False Positive
9529294,K07184.01,FALSE POSITIVE,False Positive
12116489,K00547.02,CANDIDATE,Exoplanet Candidate
10296163,K07309.01,FALSE POSITIVE,False Positive
10330495,K07310.01,FALSE POSITIVE,False Positive
10332789,K07311.01,FALSE POSITIVE,False Positive
10340228,K07312.01,FALSE POSITIVE,False Positive
10341787,K07313.01,FALSE POSITIVE,False Positive
10342097,K07314.01,FALSE POSITIVE,False Positive
10345862,K07315.01,FALSE POSITIVE,False Positive
10346522,K07316.01,FALSE POSITIVE,False Positive
10352603,K07317.01,FALSE POSITIVE,False Positive
11359305,K07441.01,FALSE POSITIVE,False Positive
11391181,K07442.01,FALSE POSITIVE,False Positive
11401869,K07443.01,FALSE POSITIVE,False Positive
11409698,K07444.01,FALSE POSITIVE,False Positive
11411639,K07445.01,CANDIDATE,Exoplanet Candidate
11455795,K07446.01,FALSE POSITIVE,False Positive
11457191,K07447.01,FALSE POSITIVE,False Positive
11462556,K07448.01,FALSE POSITIVE,False Positive
2283362,K06262.01,CANDIDATE,Exoplanet Candidate
2301068,K06263.01,CANDIDATE,Exoplanet Candidate
2305372,K06264.01,FALSE POSITIVE,False Positive
2306740,K06265.01,FALSE POSITIVE,False Positive
2308957,K06266.01,FALSE POSITIVE,False Positive
2422820,K06267.01,CANDIDATE,Exoplanet Candidate
2437452,K06268.01,FALSE POSITIVE,False Positive
2437804,K06269.01,FALSE POSITIVE,False Positive
2438061,K06270.01,FALSE POSITIVE,False Positive
4180396,K06394.01,FALSE POSITIVE,False Positive
4245897,K06395.01,FALSE POSITIVE,False Positive
4252226,K06396.01,FALSE POSITIVE,False Positive
4261960,K06397.01,FALSE POSITIVE,False Positive
4269252,K06398.01,FALSE POSITIVE,False Positive
4274071,K06399.01,CANDIDATE,Exoplanet Candidate
4281895,K06400.01,FALSE POSITIVE,False Positive
4282390,K06401.01,CANDIDATE,False Positive
5095269,K06518.01,FALSE POSITIVE,False Positive
5097278,K06519.01,FALSE POSITIVE,False Positive
5098757,K06520.01,FALSE POSITIVE,False Positive
5111801,K06521.01,FALSE POSITIVE,False Positive
5112198,K06522.01,FALSE POSITIVE,False Positive
5113809,K06523.01,FALSE POSITIVE,False Positive
5115178,K06524.01,FALSE POSITIVE,False Positive
5115379,K06525.01,FALSE POSITIVE,False Positive
5115688,K06526.01,CANDIDATE,Exoplanet Candidate
6045093,K06653.01,CANDIDATE,Exoplanet Candidate
6046311,K06654.01,FALSE POSITIVE,False Positive
6048106,K06655.01,FALSE POSITIVE,False Positive
6048255,K06656.01,FALSE POSITIVE,False Positive
6057750,K06657.01,CANDIDATE,Exoplanet Candidate
6060580,K06658.01,FALSE POSITIVE,False Positive
6063448,K06659.01,FALSE POSITIVE,False Positive
6066107,K06660.01,FALSE POSITIVE,False Positive
8391983,K07884.01,CANDIDATE,Exoplanet Candidate
6890618,K06787.01,FALSE POSITIVE,False Positive
6925263,K06788.01,FALSE POSITIVE,False Positive
6927629,K06789.01,FALSE POSITIVE,False Positive
6929016,K06790.01,FALSE POSITIVE,False Positive
6936977,K06791.01,FALSE POSITIVE,False Positive
6939670,K06792.01,FALSE POSITIVE,False Positive
6947623,K06793.01,CANDIDATE,Exoplanet Candidate
6947837,K06794.01,FALSE POSITIVE,False Positive
6949550,K06795.01,FALSE POSITIVE,False Positive
7811211,K06918.01,CANDIDATE,Exoplanet Candidate
7812893,K06919.01,CANDIDATE,Exoplanet Candidate
7816680,K06920.01,FALSE POSITIVE,False Positive
7816935,K06921.01,CANDIDATE,Exoplanet Candidate
7838639,K06922.01,FALSE POSITIVE,False Positive
7846730,K06923.01,FALSE POSITIVE,False Positive
7847927,K06924.01,FALSE POSITIVE,False Positive
7868967,K06925.01,CANDIDATE,Exoplanet Candidate
8526387,K07051.01,FALSE POSITIVE,False Positive
8543278,K07052.01,FALSE POSITIVE,False Positive
8552500,K07053.01,FALSE POSITIVE,False Positive
8552540,K07054.01,FALSE POSITIVE,False Positive
8553788,K07055.01,FALSE POSITIVE,False Positive
8553907,K07056.01,FALSE POSITIVE,False Positive
8559796,K07057.01,FALSE POSITIVE,False Positive
8559863,K07058.01,FALSE POSITIVE,False Positive
8489260,K07889.01,CANDIDATE,Exoplanet Candidate
9529856,K07185.01,FALSE POSITIVE,False Positive
9536048,K07186.01,FALSE POSITIVE,False Positive
9540450,K07187.01,FALSE POSITIVE,False Positive
9540675,K07188.01,FALSE POSITIVE,False Positive
9541163,K07189.01,FALSE POSITIVE,False Positive
9541567,K07190.01,FALSE POSITIVE,False Positive
9569866,K07191.01,FALSE POSITIVE,False Positive
9579192,K07192.01,FALSE POSITIVE,False Positive
8540376,K07892.01,CONFIRMED,Exoplanet Candidate
10363300,K07318.01,FALSE POSITIVE,False Positive
10388451,K07319.01,CANDIDATE,Exoplanet Candidate
10396708,K07320.01,CANDIDATE,Exoplanet Candidate
10407047,K07321.01,FALSE POSITIVE,False Positive
10407430,K07322.01,FALSE POSITIVE,False Positive
10407464,K07323.01,FALSE POSITIVE,False Positive
10417704,K07324.01,FALSE POSITIVE,False Positive
10420279,K07325.01,FALSE POSITIVE,False Positive
10422852,K07326.01,FALSE POSITIVE,False Positive
11495989,K07449.01,CANDIDATE,False Positive
11499757,K07450.01,FALSE POSITIVE,False Positive
11501774,K07451.01,FALSE POSITIVE,False Positive
11502172,K07452.01,FALSE POSITIVE,False Positive
11502179,K07453.01,FALSE POSITIVE,False Positive
11506235,K07454.01,FALSE POSITIVE,False Positive
11551652,K07455.01,CANDIDATE,False Positive
11560382,K07456.01,FALSE POSITIVE,False Positive
11560431,K07457.01,FALSE POSITIVE,False Positive
2438062,K06271.01,FALSE POSITIVE,False Positive
2438517,K06272.01,FALSE POSITIVE,False Positive
2442084,K06273.01,FALSE POSITIVE,False Positive
2449245,K06274.01,CANDIDATE,Exoplanet Candidate
2450716,K06275.01,FALSE POSITIVE,False Positive
2557350,K06276.01,CANDIDATE,Exoplanet Candidate
2557430,K06277.01,FALSE POSITIVE,False Positive
2568971,K06278.01,FALSE POSITIVE,False Positive
4284147,K06402.01,FALSE POSITIVE,False Positive
4349935,K06403.01,FALSE POSITIVE,False Positive
4352168,K06404.01,FALSE POSITIVE,False Positive
4356621,K06405.01,FALSE POSITIVE,False Positive
4357985,K06406.01,FALSE POSITIVE,False Positive
4367544,K06407.01,FALSE POSITIVE,False Positive
4372410,K06408.01,FALSE POSITIVE,False Positive
4372620,K06409.01,CANDIDATE,Exoplanet Candidate
4372961,K06410.01,FALSE POSITIVE,False Positive
5119143,K06527.01,FALSE POSITIVE,False Positive
5125048,K06528.01,FALSE POSITIVE,False Positive
5126627,K06529.01,FALSE POSITIVE,False Positive
5130890,K06530.01,FALSE POSITIVE,False Positive
5164794,K06531.01,FALSE POSITIVE,False Positive
5171707,K06532.01,CANDIDATE,Exoplanet Candidate
5172274,K06533.01,FALSE POSITIVE,False Positive
5174492,K06534.01,FALSE POSITIVE,False Positive
6068947,K06661.01,FALSE POSITIVE,False Positive
6103049,K06662.01,FALSE POSITIVE,False Positive
6109688,K06663.01,FALSE POSITIVE,False Positive
6111011,K06664.01,CANDIDATE,Exoplanet Candidate
6128141,K06665.01,FALSE POSITIVE,False Positive
6128245,K06666.01,CANDIDATE,Exoplanet Candidate
6131659,K06667.01,FALSE POSITIVE,False Positive
6146838,K06668.01,FALSE POSITIVE,False Positive
6950275,K06796.01,FALSE POSITIVE,False Positive
6953219,K06797.01,FALSE POSITIVE,False Positive
6956176,K06798.01,CANDIDATE,Exoplanet Candidate
6962018,K06799.01,FALSE POSITIVE,False Positive
6965293,K06800.01,FALSE POSITIVE,False Positive
6967430,K06801.01,FALSE POSITIVE,False Positive
7009828,K06802.01,FALSE POSITIVE,False Positive
7025851,K06803.01,FALSE POSITIVE,False Positive
7870250,K06926.01,FALSE POSITIVE,False Positive
7871395,K06927.01,FALSE POSITIVE,False Positive
7885518,K06928.01,FALSE POSITIVE,False Positive
7885570,K06929.01,FALSE POSITIVE,False Positive
7886329,K06930.01,FALSE POSITIVE,False Positive
7902204,K06931.01,CANDIDATE,Exoplanet Candidate
7919653,K06932.01,FALSE POSITIVE,False Positive
7938468,K06933.01,FALSE POSITIVE,False Positive
8560861,K07059.01,FALSE POSITIVE,False Positive
8565900,K07060.01,FALSE POSITIVE,False Positive
8566113,K07061.01,CANDIDATE,False Positive
8569819,K07062.01,FALSE POSITIVE,False Positive
8574270,K07063.01,FALSE POSITIVE,False Positive
8581658,K07064.01,FALSE POSITIVE,False Positive
8590527,K07065.01,FALSE POSITIVE,False Positive
8604993,K07066.01,FALSE POSITIVE,False Positive
8608490,K07067.01,FALSE POSITIVE,False Positive
9579789,K07193.01,FALSE POSITIVE,False Positive
9581498,K07194.01,FALSE POSITIVE,False Positive
9588862,K07195.01,CANDIDATE,Exoplanet Candidate
9592855,K07196.01,FALSE POSITIVE,False Positive
9596064,K07197.01,CANDIDATE,Exoplanet Candidate
9596187,K07198.01,FALSE POSITIVE,False Positive
9596892,K07199.01,CANDIDATE,Exoplanet Candidate
9597095,K07200.01,FALSE POSITIVE,False Positive
10450504,K07327.01,CANDIDATE,Exoplanet Candidate
10454401,K07328.01,FALSE POSITIVE,False Positive
10462826,K07329.01,FALSE POSITIVE,False Positive
10464199,K07330.01,CANDIDATE,Exoplanet Candidate
10468514,K07331.01,FALSE POSITIVE,False Positive
10471113,K07332.01,FALSE POSITIVE,False Positive
10481054,K07333.01,FALSE POSITIVE,False Positive
10486425,K07334.01,FALSE POSITIVE,False Positive
11560447,K07458.01,FALSE POSITIVE,False Positive
11601357,K07459.01,FALSE POSITIVE,False Positive
11602794,K07460.01,CANDIDATE,Exoplanet Candidate
11615481,K07461.01,FALSE POSITIVE,False Positive
11616200,K07462.01,FALSE POSITIVE,False Positive
11616631,K07463.01,FALSE POSITIVE,False Positive
11616663,K07464.01,FALSE POSITIVE,False Positive
11618798,K07465.01,FALSE POSITIVE,False Positive
2570505,K06279.01,FALSE POSITIVE,False Positive
2570767,K06280.01,FALSE POSITIVE,False Positive
2571075,K06281.01,FALSE POSITIVE,False Positive
2576692,K06282.01,FALSE POSITIVE,False Positive
2580872,K06283.01,FALSE POSITIVE,False Positive
2583777,K06284.01,FALSE POSITIVE,False Positive
2693092,K06285.01,FALSE POSITIVE,False Positive
2708156,K06286.01,FALSE POSITIVE,False Positive
2708172,K06287.01,FALSE POSITIVE,False Positive
4375101,K06411.01,FALSE POSITIVE,False Positive
4380283,K06412.01,FALSE POSITIVE,False Positive
4384793,K06413.01,FALSE POSITIVE,False Positive
4445630,K06414.01,FALSE POSITIVE,False Positive
4446411,K06415.01,FALSE POSITIVE,False Positive
4454219,K06416.01,FALSE POSITIVE,False Positive
4456622,K06417.01,FALSE POSITIVE,False Positive
4482738,K06418.01,FALSE POSITIVE,False Positive
4484312,K06419.01,FALSE POSITIVE,False Positive
5174920,K06535.01,FALSE POSITIVE,False Positive
5181455,K06536.01,FALSE POSITIVE,False Positive
5193386,K06537.01,FALSE POSITIVE,False Positive
5193439,K06538.01,CANDIDATE,Exoplanet Candidate
5196851,K06539.01,FALSE POSITIVE,False Positive
5199978,K06540.01,FALSE POSITIVE,False Positive
5211470,K06541.01,FALSE POSITIVE,False Positive
5215508,K06542.01,CANDIDATE,False Positive
6147573,K06669.01,FALSE POSITIVE,False Positive
6152521,K06670.01,FALSE POSITIVE,False Positive
6185717,K06671.01,FALSE POSITIVE,False Positive
6187508,K06672.01,CANDIDATE,Exoplanet Candidate
6205460,K06673.01,FALSE POSITIVE,False Positive
6206751,K06674.01,FALSE POSITIVE,False Positive
6207053,K06675.01,FALSE POSITIVE,False Positive
6209225,K06676.01,CANDIDATE,False Positive
6220470,K06677.01,FALSE POSITIVE,False Positive
7031132,K06804.01,FALSE POSITIVE,False Positive
7031732,K06805.01,FALSE POSITIVE,False Positive
7031767,K06806.01,FALSE POSITIVE,False Positive
7031948,K06807.01,FALSE POSITIVE,False Positive
7031992,K06808.01,FALSE POSITIVE,False Positive
7032117,K06809.01,FALSE POSITIVE,False Positive
7032174,K06810.01,FALSE POSITIVE,False Positive
7032383,K06811.01,FALSE POSITIVE,False Positive
7939761,K06934.01,CANDIDATE,Exoplanet Candidate
7943535,K06935.01,FALSE POSITIVE,False Positive
7947631,K06936.01,FALSE POSITIVE,False Positive
7950775,K06937.01,FALSE POSITIVE,False Positive
7955301,K06938.01,FALSE POSITIVE,False Positive
7960295,K06939.01,FALSE POSITIVE,False Positive
7960547,K06940.01,FALSE POSITIVE,False Positive
7967100,K06941.01,FALSE POSITIVE,False Positive
8610483,K07068.01,FALSE POSITIVE,False Positive
8613446,K07069.01,CANDIDATE,Exoplanet Candidate
8618226,K07070.01,FALSE POSITIVE,False Positive
8621026,K07071.01,FALSE POSITIVE,False Positive
8624860,K07072.01,CANDIDATE,Exoplanet Candidate
8625408,K07073.01,CANDIDATE,Exoplanet Candidate
8686442,K07074.01,CANDIDATE,Exoplanet Candidate
8690001,K07075.01,FALSE POSITIVE,False Positive
8693536,K07076.01,CANDIDATE,Exoplanet Candidate
9597854,K07201.01,FALSE POSITIVE,False Positive
9602431,K07202.01,FALSE POSITIVE,False Positive
9602538,K07203.01,FALSE POSITIVE,False Positive
9630640,K07204.01,FALSE POSITIVE,False Positive
9635520,K07205.01,CANDIDATE,False Positive
9635529,K07206.01,FALSE POSITIVE,False Positive
9637299,K07207.01,FALSE POSITIVE,False Positive
9639106,K07208.01,CANDIDATE,Exoplanet Candidate
9640123,K07209.01,CANDIDATE,Exoplanet Candidate
10490960,K07335.01,FALSE POSITIVE,False Positive
10491031,K07336.01,FALSE POSITIVE,False Positive
10535807,K07337.01,FALSE POSITIVE,False Positive
10535858,K07338.01,FALSE POSITIVE,False Positive
10546063,K07339.01,CANDIDATE,Exoplanet Candidate
10547685,K07340.01,FALSE POSITIVE,False Positive
10549576,K07341.01,FALSE POSITIVE,False Positive
10552700,K07342.01,FALSE POSITIVE,False Positive
11619964,K07466.01,FALSE POSITIVE,False Positive
11650543,K07467.01,CANDIDATE,Exoplanet Candidate
11651105,K07468.01,FALSE POSITIVE,False Positive
11662440,K07469.01,FALSE POSITIVE,False Positive
11671646,K07470.01,CANDIDATE,Exoplanet Candidate
11672354,K07471.01,CANDIDATE,Exoplanet Candidate
11704044,K07472.01,FALSE POSITIVE,False Positive
11706658,K07473.01,FALSE POSITIVE,False Positive
2708445,K06288.01,FALSE POSITIVE,False Positive
2708614,K06289.01,FALSE POSITIVE,False Positive
2711114,K06290.01,FALSE POSITIVE,False Positive
2716979,K06291.01,CANDIDATE,Exoplanet Candidate
2720354,K06292.01,FALSE POSITIVE,False Positive
2834463,K06293.01,CANDIDATE,Exoplanet Candidate
2852560,K06294.01,FALSE POSITIVE,False Positive
2856960,K06295.01,FALSE POSITIVE,False Positive
4484356,K06420.01,FALSE POSITIVE,False Positive
4489844,K06421.01,FALSE POSITIVE,False Positive
4540632,K06422.01,FALSE POSITIVE,False Positive
4544623,K06423.01,FALSE POSITIVE,False Positive
4565985,K06424.01,FALSE POSITIVE,False Positive
4567118,K06425.01,CANDIDATE,Exoplanet Candidate
4569590,K06426.01,FALSE POSITIVE,False Positive
4574310,K06427.01,FALSE POSITIVE,False Positive
4575824,K06428.01,FALSE POSITIVE,False Positive
5216727,K06543.01,FALSE POSITIVE,False Positive
5218014,K06544.01,FALSE POSITIVE,False Positive
5255552,K06545.01,FALSE POSITIVE,False Positive
5263167,K06546.01,CANDIDATE,Exoplanet Candidate
5266937,K06547.01,FALSE POSITIVE,False Positive
5269407,K06548.01,FALSE POSITIVE,False Positive
5271803,K06549.01,FALSE POSITIVE,False Positive
5272571,K06550.01,FALSE POSITIVE,False Positive
6228703,K06678.01,FALSE POSITIVE,False Positive
6231401,K06679.01,FALSE POSITIVE,False Positive
6265961,K06680.01,CANDIDATE,Exoplanet Candidate
6279823,K06681.01,FALSE POSITIVE,False Positive
6283224,K06682.01,FALSE POSITIVE,False Positive
6285094,K06683.01,FALSE POSITIVE,False Positive
6285396,K06684.01,FALSE POSITIVE,False Positive
6285397,K06685.01,FALSE POSITIVE,False Positive
7032968,K06812.01,FALSE POSITIVE,False Positive
7033713,K06813.01,FALSE POSITIVE,False Positive
7033748,K06814.01,FALSE POSITIVE,False Positive
7049486,K06815.01,FALSE POSITIVE,False Positive
7050754,K06816.01,FALSE POSITIVE,False Positive
7090801,K06817.01,FALSE POSITIVE,False Positive
7097571,K06818.01,FALSE POSITIVE,False Positive
7103300,K06819.01,CANDIDATE,Exoplanet Candidate
7970629,K06942.01,FALSE POSITIVE,False Positive
7970760,K06943.01,FALSE POSITIVE,False Positive
7971389,K06944.01,FALSE POSITIVE,False Positive
7976136,K06945.01,FALSE POSITIVE,False Positive
7976435,K06946.01,FALSE POSITIVE,False Positive
7985167,K06947.01,FALSE POSITIVE,False Positive
7987749,K06948.01,FALSE POSITIVE,False Positive
8007675,K06949.01,CANDIDATE,Exoplanet Candidate
8700506,K07077.01,FALSE POSITIVE,False Positive
8701327,K07078.01,FALSE POSITIVE,False Positive
8711548,K07079.01,FALSE POSITIVE,False Positive
8713828,K07080.01,FALSE POSITIVE,False Positive
8719897,K07081.01,FALSE POSITIVE,False Positive
8736245,K07082.01,FALSE POSITIVE,False Positive
8738115,K07083.01,FALSE POSITIVE,False Positive
8739209,K07084.01,FALSE POSITIVE,False Positive
8746310,K07085.01,FALSE POSITIVE,False Positive
9640921,K07210.01,FALSE POSITIVE,False Positive
9640921,K07210.02,FALSE POSITIVE,False Positive
9641031,K07211.01,FALSE POSITIVE,False Positive
9641103,K07212.01,FALSE POSITIVE,False Positive
9644411,K07213.01,FALSE POSITIVE,False Positive
9644683,K07214.01,FALSE POSITIVE,False Positive
9651602,K07215.01,CANDIDATE,Exoplanet Candidate
9652166,K07216.01,FALSE POSITIVE,False Positive
10556578,K07343.01,FALSE POSITIVE,False Positive
10583181,K07344.01,FALSE POSITIVE,False Positive
10586619,K07345.01,CANDIDATE,Exoplanet Candidate
10592163,K07346.01,FALSE POSITIVE,False Positive
10597164,K07347.01,FALSE POSITIVE,False Positive
10601538,K07348.01,FALSE POSITIVE,False Positive
10601579,K07349.01,FALSE POSITIVE,False Positive
10613718,K07350.01,FALSE POSITIVE,False Positive
8557246,K07895.01,FALSE POSITIVE,False Positive
11709022,K07474.01,FALSE POSITIVE,False Positive
11724091,K07475.01,FALSE POSITIVE,False Positive
11757422,K07476.01,FALSE POSITIVE,False Positive
11763910,K07477.01,FALSE POSITIVE,False Positive
11768970,K07478.01,FALSE POSITIVE,False Positive
11773625,K07479.01,CANDIDATE,Exoplanet Candidate
11775530,K07480.01,FALSE POSITIVE,False Positive
11811454,K07481.01,FALSE POSITIVE,False Positive
8560280,K07896.01,FALSE POSITIVE,False Positive
2860594,K06296.01,FALSE POSITIVE,False Positive
2860788,K06297.01,FALSE POSITIVE,False Positive
2969638,K06298.01,FALSE POSITIVE,False Positive
2970670,K06299.01,CANDIDATE,False Positive
2973509,K06300.01,FALSE POSITIVE,False Positive
2994092,K06301.01,CANDIDATE,Exoplanet Candidate
2998124,K06302.01,FALSE POSITIVE,False Positive
3098194,K06303.01,FALSE POSITIVE,False Positive
4578594,K06429.01,FALSE POSITIVE,False Positive
4587448,K06430.01,FALSE POSITIVE,False Positive
4633434,K06431.01,FALSE POSITIVE,False Positive
4661634,K06432.01,FALSE POSITIVE,False Positive
4665989,K06433.01,FALSE POSITIVE,False Positive
4671584,K06434.01,FALSE POSITIVE,False Positive
4678171,K06435.01,FALSE POSITIVE,False Positive
4681152,K06436.01,FALSE POSITIVE,False Positive
4725292,K06437.01,FALSE POSITIVE,False Positive
8297017,K07879.01,CANDIDATE,False Positive
5282656,K06551.01,FALSE POSITIVE,False Positive
5284133,K06552.01,FALSE POSITIVE,False Positive
5285607,K06553.01,FALSE POSITIVE,False Positive
5286786,K06554.01,FALSE POSITIVE,False Positive
5288543,K06555.01,FALSE POSITIVE,False Positive
5294739,K06556.01,FALSE POSITIVE,False Positive
5295206,K06557.01,CANDIDATE,Exoplanet Candidate
5298620,K06558.01,FALSE POSITIVE,False Positive
5300878,K06559.01,FALSE POSITIVE,False Positive
6292732,K06686.01,FALSE POSITIVE,False Positive
6307000,K06687.01,CANDIDATE,Exoplanet Candidate
6311637,K06688.01,FALSE POSITIVE,False Positive
6345758,K06689.01,CANDIDATE,Exoplanet Candidate
6364126,K06690.01,FALSE POSITIVE,False Positive
6364195,K06691.01,FALSE POSITIVE,False Positive
6364200,K06692.01,FALSE POSITIVE,False Positive
6364247,K06693.01,FALSE POSITIVE,False Positive
7105574,K06820.01,FALSE POSITIVE,False Positive
7115200,K06821.01,FALSE POSITIVE,False Positive
7115332,K06822.01,FALSE POSITIVE,False Positive
7115463,K06823.01,FALSE POSITIVE,False Positive
7115597,K06824.01,FALSE POSITIVE,False Positive
7115878,K06825.01,FALSE POSITIVE,False Positive
7116043,K06826.01,FALSE POSITIVE,False Positive
7116226,K06827.01,FALSE POSITIVE,False Positive
8008128,K06950.01,FALSE POSITIVE,False Positive
8009500,K06951.01,FALSE POSITIVE,False Positive
8013289,K06952.01,FALSE POSITIVE,False Positive
8016214,K06953.01,FALSE POSITIVE,False Positive
8016692,K06954.01,CANDIDATE,Exoplanet Candidate
8027902,K06955.01,FALSE POSITIVE,False Positive
8039925,K06956.01,FALSE POSITIVE,False Positive
8042644,K06957.01,CANDIDATE,Exoplanet Candidate
8081389,K06958.01,FALSE POSITIVE,False Positive
8750094,K07086.01,FALSE POSITIVE,False Positive
8758161,K07087.01,FALSE POSITIVE,False Positive
8760760,K07088.01,CANDIDATE,Exoplanet Candidate
8767034,K07089.01,FALSE POSITIVE,False Positive
8773948,K07090.01,FALSE POSITIVE,False Positive
8784288,K07091.01,FALSE POSITIVE,False Positive
8804358,K07092.01,FALSE POSITIVE,False Positive
8807057,K07093.01,CANDIDATE,Exoplanet Candidate
8508493,K07890.01,FALSE POSITIVE,False Positive
9652632,K07217.01,FALSE POSITIVE,False Positive
9655424,K07218.01,FALSE POSITIVE,False Positive
9657636,K07219.01,FALSE POSITIVE,False Positive
9658089,K07220.01,CANDIDATE,Exoplanet Candidate
9665503,K07221.01,FALSE POSITIVE,False Positive
9673173,K07222.01,FALSE POSITIVE,False Positive
9674320,K07223.01,CANDIDATE,False Positive
9693803,K07224.01,CANDIDATE,Exoplanet Candidate
9711751,K07225.01,FALSE POSITIVE,False Positive
10619109,K07351.01,FALSE POSITIVE,False Positive
10646620,K07352.01,FALSE POSITIVE,False Positive
10649230,K07353.01,FALSE POSITIVE,False Positive
10659624,K07354.01,CANDIDATE,Exoplanet Candidate
10661913,K07355.01,FALSE POSITIVE,False Positive
10661976,K07356.01,FALSE POSITIVE,False Positive
10662021,K07357.01,FALSE POSITIVE,False Positive
10665228,K07358.01,CANDIDATE,Exoplanet Candidate
8560927,K07897.01,FALSE POSITIVE,False Positive
11817750,K07482.01,FALSE POSITIVE,False Positive
11825996,K07483.01,CANDIDATE,Exoplanet Candidate
11854636,K07484.01,CANDIDATE,Exoplanet Candidate
11855538,K07485.01,FALSE POSITIVE,False Positive
11858541,K07486.01,FALSE POSITIVE,False Positive
11873166,K07487.01,FALSE POSITIVE,False Positive
11873171,K07488.01,FALSE POSITIVE,False Positive
11904704,K07489.01,CANDIDATE,Exoplanet Candidate
3102024,K06304.01,FALSE POSITIVE,False Positive
3110937,K06305.01,FALSE POSITIVE,False Positive
3115480,K06306.01,FALSE POSITIVE,False Positive
3120320,K06307.01,FALSE POSITIVE,False Positive
3127817,K06308.01,FALSE POSITIVE,False Positive
3228740,K06309.01,FALSE POSITIVE,False Positive
3230206,K06310.01,FALSE POSITIVE,False Positive
3230227,K06311.01,FALSE POSITIVE,False Positive
4729553,K06438.01,FALSE POSITIVE,False Positive
4736208,K06439.01,FALSE POSITIVE,False Positive
4737302,K06441.01,FALSE POSITIVE,False Positive
4739194,K06442.01,FALSE POSITIVE,False Positive
4739565,K06443.01,FALSE POSITIVE,False Positive
4740688,K06444.01,FALSE POSITIVE,Exoplanet Candidate
4753988,K06445.01,FALSE POSITIVE,False Positive
4757331,K06446.01,FALSE POSITIVE,False Positive
5301955,K06560.01,FALSE POSITIVE,False Positive
5306862,K06561.01,FALSE POSITIVE,False Positive
5307574,K06562.01,FALSE POSITIVE,False Positive
5308778,K06563.01,FALSE POSITIVE,False Positive
5310435,K06564.01,FALSE POSITIVE,False Positive
5343976,K06565.01,FALSE POSITIVE,False Positive
5347537,K06566.01,FALSE POSITIVE,False Positive
5347784,K06567.01,FALSE POSITIVE,False Positive
6364294,K06694.01,FALSE POSITIVE,False Positive
6367439,K06695.01,FALSE POSITIVE,False Positive
6367628,K06696.01,FALSE POSITIVE,False Positive
6368222,K06697.01,CANDIDATE,Exoplanet Candidate
6372268,K06698.01,CANDIDATE,Exoplanet Candidate
6384840,K06699.01,FALSE POSITIVE,False Positive
6386784,K06700.01,FALSE POSITIVE,False Positive
6390236,K06701.01,FALSE POSITIVE,False Positive
6421188,K06702.01,FALSE POSITIVE,False Positive
7116236,K06828.01,FALSE POSITIVE,False Positive
7117513,K06829.01,FALSE POSITIVE,False Positive
7117541,K06830.01,FALSE POSITIVE,False Positive
7118545,K06831.01,FALSE POSITIVE,False Positive
7125636,K06832.01,FALSE POSITIVE,False Positive
7128918,K06833.01,FALSE POSITIVE,False Positive
7132015,K06834.01,FALSE POSITIVE,False Positive
7135549,K06835.01,CANDIDATE,Exoplanet Candidate
8088354,K06959.01,FALSE POSITIVE,False Positive
8091197,K06960.01,CANDIDATE,Exoplanet Candidate
8094140,K06961.01,FALSE POSITIVE,False Positive
8094221,K06962.01,FALSE POSITIVE,False Positive
8097825,K06963.01,FALSE POSITIVE,False Positive
8098300,K06964.01,FALSE POSITIVE,False Positive
8098515,K06965.01,FALSE POSITIVE,False Positive
8098960,K06966.01,CANDIDATE,Exoplanet Candidate
8104436,K06967.01,FALSE POSITIVE,False Positive
8815279,K07094.01,CANDIDATE,Exoplanet Candidate
8822585,K07095.01,FALSE POSITIVE,False Positive
8823397,K07096.01,FALSE POSITIVE,False Positive
8841616,K07097.01,FALSE POSITIVE,False Positive
8845221,K07098.01,FALSE POSITIVE,False Positive
8845552,K07099.01,CANDIDATE,Exoplanet Candidate
8848104,K07100.01,FALSE POSITIVE,False Positive
8848115,K07101.01,FALSE POSITIVE,False Positive
8868657,K07102.01,FALSE POSITIVE,False Positive
9726452,K07226.01,CANDIDATE,Exoplanet Candidate
9762514,K07227.01,FALSE POSITIVE,False Positive
9762519,K07228.01,FALSE POSITIVE,False Positive
9777062,K07229.01,FALSE POSITIVE,False Positive
9786821,K07230.01,FALSE POSITIVE,False Positive
9790965,K07231.01,FALSE POSITIVE,False Positive
9790965,K07231.02,CANDIDATE,False Positive
9811915,K07232.01,CANDIDATE,Exoplanet Candidate
9818732,K07233.01,FALSE POSITIVE,False Positive
10665749,K07359.01,CANDIDATE,Exoplanet Candidate
10670112,K07360.01,CANDIDATE,False Positive
10680424,K07361.01,CANDIDATE,Exoplanet Candidate
10685175,K07362.01,FALSE POSITIVE,False Positive
10686876,K07363.01,FALSE POSITIVE,False Positive
10686930,K07364.01,FALSE POSITIVE,False Positive
10711913,K07365.01,FALSE POSITIVE,False Positive
10732401,K07366.01,FALSE POSITIVE,False Positive
11906217,K07490.01,FALSE POSITIVE,False Positive
11913052,K07491.01,FALSE POSITIVE,False Positive
11913071,K07492.01,FALSE POSITIVE,False Positive
11918482,K07493.01,FALSE POSITIVE,False Positive
11922648,K07494.01,FALSE POSITIVE,False Positive
11922782,K07495.01,FALSE POSITIVE,False Positive
11923819,K07496.01,FALSE POSITIVE,False Positive
11959569,K07497.01,FALSE POSITIVE,False Positive
11966557,K07498.01,FALSE POSITIVE,False Positive
5897826,K00126.02,CANDIDATE,Exoplanet Candidate
3240158,K01106.03,CANDIDATE,Exoplanet Candidate
2837111,K01110.02,CANDIDATE,Exoplanet Candidate
3241619,K06312.01,FALSE POSITIVE,False Positive
3241662,K06313.01,FALSE POSITIVE,False Positive
3245000,K06314.01,FALSE POSITIVE,False Positive
3246867,K06315.01,CANDIDATE,Exoplanet Candidate
3247294,K06316.01,FALSE POSITIVE,False Positive
3248332,K06317.01,FALSE POSITIVE,False Positive
3249334,K06318.01,CANDIDATE,Exoplanet Candidate
3323289,K06319.01,FALSE POSITIVE,False Positive
3324069,K06320.01,CANDIDATE,Exoplanet Candidate
4758350,K06447.01,FALSE POSITIVE,False Positive
4758368,K06448.01,FALSE POSITIVE,False Positive
4760959,K06449.01,CANDIDATE,Exoplanet Candidate
4764969,K06450.01,CANDIDATE,False Positive
4768756,K06451.01,FALSE POSITIVE,False Positive
4769824,K06452.01,FALSE POSITIVE,False Positive
4773155,K06453.01,FALSE POSITIVE,False Positive
4830859,K06454.01,CANDIDATE,Exoplanet Candidate
4832273,K06455.01,FALSE POSITIVE,False Positive
5353938,K06568.01,CANDIDATE,Exoplanet Candidate
5359678,K06569.01,FALSE POSITIVE,False Positive
5380812,K06570.01,CANDIDATE,False Positive
5385469,K06571.01,FALSE POSITIVE,False Positive
5385647,K06572.01,FALSE POSITIVE,False Positive
5385667,K06573.01,FALSE POSITIVE,False Positive
5388229,K06574.01,FALSE POSITIVE,False Positive
5389184,K06575.01,FALSE POSITIVE,False Positive
6421483,K06703.01,FALSE POSITIVE,False Positive
6421937,K06704.01,FALSE POSITIVE,False Positive
6423922,K06705.01,CANDIDATE,Exoplanet Candidate
6428942,K06706.01,FALSE POSITIVE,False Positive
6436505,K06707.01,CANDIDATE,Exoplanet Candidate
6437993,K06708.01,FALSE POSITIVE,False Positive
6442246,K06709.01,FALSE POSITIVE,False Positive
6443392,K06710.01,FALSE POSITIVE,False Positive
7137798,K06836.01,FALSE POSITIVE,False Positive
7177553,K06837.01,FALSE POSITIVE,False Positive
7177892,K06838.01,FALSE POSITIVE,False Positive
7185487,K06839.01,FALSE POSITIVE,False Positive
7198648,K06840.01,FALSE POSITIVE,False Positive
7199935,K06841.01,FALSE POSITIVE,False Positive
7200102,K06842.01,FALSE POSITIVE,False Positive
7200225,K06843.01,FALSE POSITIVE,False Positive
8488381,K07888.01,CANDIDATE,Exoplanet Candidate
8111622,K06968.01,FALSE POSITIVE,False Positive
8112013,K06969.01,FALSE POSITIVE,False Positive
8115647,K06970.01,CANDIDATE,Exoplanet Candidate
8120820,K06971.01,CANDIDATE,Exoplanet Candidate
8123170,K06972.01,FALSE POSITIVE,False Positive
8123937,K06973.01,FALSE POSITIVE,False Positive
8128965,K06974.01,FALSE POSITIVE,False Positive
8129189,K06975.01,FALSE POSITIVE,False Positive
8878681,K07103.01,FALSE POSITIVE,False Positive
8879427,K07104.01,FALSE POSITIVE,False Positive
8879915,K07105.01,FALSE POSITIVE,False Positive
8881169,K07106.01,CANDIDATE,Exoplanet Candidate
8890996,K07107.01,FALSE POSITIVE,False Positive
8906676,K07108.01,FALSE POSITIVE,False Positive
8938628,K07109.01,FALSE POSITIVE,False Positive
8940961,K07110.01,FALSE POSITIVE,False Positive
8953278,K07111.01,CANDIDATE,Exoplanet Candidate
9821078,K07234.01,FALSE POSITIVE,False Positive
9821428,K07235.01,CANDIDATE,False Positive
9837013,K07236.01,CANDIDATE,Exoplanet Candidate
9848420,K07237.01,FALSE POSITIVE,False Positive
9850387,K07238.01,FALSE POSITIVE,False Positive
9850912,K07239.01,FALSE POSITIVE,False Positive
9852050,K07240.01,FALSE POSITIVE,False Positive
9873869,K07241.01,FALSE POSITIVE,False Positive
10736223,K07367.01,FALSE POSITIVE,False Positive
10736489,K07368.01,CONFIRMED,Exoplanet Candidate
10743600,K07369.01,FALSE POSITIVE,False Positive
10751908,K07370.01,CANDIDATE,Exoplanet Candidate
10753734,K07371.01,FALSE POSITIVE,False Positive
10794242,K07372.01,FALSE POSITIVE,False Positive
10794405,K07373.01,FALSE POSITIVE,False Positive
10809677,K07374.01,FALSE POSITIVE,False Positive
10812541,K07375.01,CANDIDATE,Exoplanet Candidate
11967004,K07499.01,FALSE POSITIVE,False Positive
11968490,K07500.01,FALSE POSITIVE,False Positive
11970288,K07501.01,FALSE POSITIVE,False Positive
12004679,K07502.01,FALSE POSITIVE,False Positive
12004680,K07503.01,FALSE POSITIVE,False Positive
12004689,K07504.01,FALSE POSITIVE,False Positive
12013615,K07505.01,FALSE POSITIVE,False Positive
12016243,K07506.01,CANDIDATE,Exoplanet Candidate
12022517,K07507.01,FALSE POSITIVE,False Positive
6307521,K01126.02,FALSE POSITIVE,False Positive
7037540,K01347.02,FALSE POSITIVE,False Positive
11129738,K01427.02,CANDIDATE,Exoplanet Candidate
10028792,K01574.04,CANDIDATE,Exoplanet Candidate
4860678,K01602.02,CANDIDATE,Exoplanet Candidate
5531953,K01681.04,CANDIDATE,Exoplanet Candidate
4349442,K01803.03,FALSE POSITIVE,Exoplanet Candidate
7765528,K01840.02,CANDIDATE,Exoplanet Candidate
3327980,K06321.01,FALSE POSITIVE,False Positive
3329643,K06322.01,FALSE POSITIVE,False Positive
3335816,K06323.01,FALSE POSITIVE,False Positive
3337438,K06324.01,FALSE POSITIVE,False Positive
3337548,K06325.01,FALSE POSITIVE,False Positive
3339538,K06326.01,FALSE POSITIVE,False Positive
3341934,K06327.01,FALSE POSITIVE,False Positive
3343866,K06328.01,FALSE POSITIVE,False Positive
4839180,K06456.01,FALSE POSITIVE,False Positive
4840263,K06457.01,FALSE POSITIVE,False Positive
4840818,K06458.01,FALSE POSITIVE,False Positive
4847832,K06459.01,FALSE POSITIVE,False Positive
4851217,K06460.01,FALSE POSITIVE,False Positive
4851338,K06461.01,FALSE POSITIVE,False Positive
4851356,K06462.01,FALSE POSITIVE,False Positive
4862332,K06463.01,FALSE POSITIVE,False Positive
4862625,K06464.01,FALSE POSITIVE,False Positive
5393558,K06576.01,FALSE POSITIVE,False Positive
5397905,K06577.01,FALSE POSITIVE,False Positive
5444392,K06578.01,FALSE POSITIVE,False Positive
5456979,K06579.01,CANDIDATE,Exoplanet Candidate
5460835,K06580.01,FALSE POSITIVE,False Positive
5462901,K06581.01,FALSE POSITIVE,False Positive
5466109,K06582.01,CANDIDATE,Exoplanet Candidate
5471010,K06583.01,FALSE POSITIVE,False Positive
6447326,K06711.01,FALSE POSITIVE,False Positive
6448768,K06712.01,FALSE POSITIVE,False Positive
6449291,K06713.01,FALSE POSITIVE,Exoplanet Candidate
6449552,K06714.01,FALSE POSITIVE,False Positive
6452742,K06715.01,FALSE POSITIVE,False Positive
6464285,K06716.01,FALSE POSITIVE,False Positive
6466939,K06717.01,FALSE POSITIVE,False Positive
6468938,K06718.01,FALSE POSITIVE,False Positive
8429014,K07885.01,FALSE POSITIVE,False Positive
7200301,K06844.01,FALSE POSITIVE,False Positive
7203179,K06845.01,FALSE POSITIVE,False Positive
7203194,K06846.01,FALSE POSITIVE,False Positive
7204073,K06847.01,FALSE POSITIVE,False Positive
7212722,K06848.01,FALSE POSITIVE,False Positive
7217088,K06849.01,CANDIDATE,Exoplanet Candidate
7280953,K06850.01,FALSE POSITIVE,False Positive
7281217,K06851.01,FALSE POSITIVE,False Positive
7281229,K06852.01,FALSE POSITIVE,False Positive
8143170,K06976.01,FALSE POSITIVE,False Positive
8145789,K06977.01,FALSE POSITIVE,False Positive
8145958,K06978.01,CANDIDATE,Exoplanet Candidate
8155584,K06979.01,FALSE POSITIVE,False Positive
8155654,K06980.01,CANDIDATE,Exoplanet Candidate
8158324,K06981.01,FALSE POSITIVE,False Positive
8162376,K06982.01,FALSE POSITIVE,False Positive
8167504,K06983.01,CANDIDATE,Exoplanet Candidate
8953281,K07112.01,FALSE POSITIVE,False Positive
8953426,K07113.01,FALSE POSITIVE,False Positive
8953475,K07114.01,FALSE POSITIVE,False Positive
8957572,K07115.01,FALSE POSITIVE,False Positive
8958811,K07116.01,CANDIDATE,Exoplanet Candidate
8958939,K07117.01,CANDIDATE,Exoplanet Candidate
8958939,K07117.02,CANDIDATE,Exoplanet Candidate
8973000,K07118.01,FALSE POSITIVE,False Positive
9881258,K07242.01,FALSE POSITIVE,False Positive
9899153,K07243.01,FALSE POSITIVE,False Positive
9899193,K07244.01,FALSE POSITIVE,False Positive
9899410,K07245.01,FALSE POSITIVE,False Positive
9899421,K07246.01,FALSE POSITIVE,False Positive
9899577,K07247.01,FALSE POSITIVE,False Positive
9899583,K07248.01,FALSE POSITIVE,False Positive
9906489,K07249.01,FALSE POSITIVE,False Positive
10815677,K07376.01,CANDIDATE,Exoplanet Candidate
10816107,K07377.01,FALSE POSITIVE,False Positive
10843431,K07378.01,CONFIRMED,Exoplanet Candidate
10847907,K07379.01,FALSE POSITIVE,False Positive
10848097,K07380.01,CANDIDATE,Exoplanet Candidate
10849244,K07381.01,FALSE POSITIVE,False Positive
10857589,K07382.01,FALSE POSITIVE,False Positive
10866969,K07383.01,CANDIDATE,Exoplanet Candidate
12022718,K07508.01,FALSE POSITIVE,False Positive
12053823,K07509.01,FALSE POSITIVE,False Positive
12067960,K07510.01,CANDIDATE,Exoplanet Candidate
12071006,K07511.01,FALSE POSITIVE,False Positive
12105785,K07512.01,FALSE POSITIVE,False Positive
12106875,K07513.01,FALSE POSITIVE,False Positive
12157983,K07514.01,FALSE POSITIVE,False Positive
12164751,K07515.01,FALSE POSITIVE,False Positive
12217907,K07516.01,FALSE POSITIVE,False Positive
10028352,K01957.02,FALSE POSITIVE,False Positive
6307083,K02050.02,CANDIDATE,Exoplanet Candidate
7620413,K02103.02,CANDIDATE,Exoplanet Candidate
11705004,K02199.02,CANDIDATE,Exoplanet Candidate
2854181,K02232.02,CANDIDATE,Exoplanet Candidate
5978559,K02321.02,CANDIDATE,Exoplanet Candidate
8838950,K02421.02,CANDIDATE,Exoplanet Candidate
6867555,K02439.02,CANDIDATE,Exoplanet Candidate
12208631,K02449.02,CANDIDATE,Exoplanet Candidate
3346543,K06329.01,CANDIDATE,Exoplanet Candidate
3352751,K06330.01,FALSE POSITIVE,False Positive
3356193,K06331.01,CANDIDATE,Exoplanet Candidate
3427776,K06332.01,FALSE POSITIVE,False Positive
3437739,K06333.01,FALSE POSITIVE,False Positive
3440230,K06334.01,FALSE POSITIVE,False Positive
3441340,K06335.01,FALSE POSITIVE,False Positive
3448323,K06336.01,FALSE POSITIVE,False Positive
4862625,K06464.02,FALSE POSITIVE,False Positive
4863369,K06465.01,FALSE POSITIVE,Exoplanet Candidate
4863753,K06466.01,FALSE POSITIVE,False Positive
4902030,K06467.01,FALSE POSITIVE,False Positive
4908495,K06468.01,FALSE POSITIVE,False Positive
4912589,K06469.01,FALSE POSITIVE,False Positive
4914709,K06470.01,FALSE POSITIVE,False Positive
4914737,K06471.01,FALSE POSITIVE,Exoplanet Candidate
5471141,K06584.01,FALSE POSITIVE,False Positive
5471328,K06585.01,FALSE POSITIVE,False Positive
5471415,K06586.01,FALSE POSITIVE,False Positive
5471480,K06587.01,FALSE POSITIVE,False Positive
5475712,K06588.01,FALSE POSITIVE,False Positive
5479973,K06589.01,FALSE POSITIVE,False Positive
5513822,K06590.01,FALSE POSITIVE,False Positive
5513833,K06591.01,FALSE POSITIVE,False Positive
6471229,K06719.01,FALSE POSITIVE,False Positive
6471230,K06720.01,FALSE POSITIVE,False Positive
6521174,K06721.01,FALSE POSITIVE,False Positive
6521542,K06722.01,FALSE POSITIVE,False Positive
6522353,K06723.01,FALSE POSITIVE,False Positive
6522750,K06724.01,FALSE POSITIVE,False Positive
6523216,K06725.01,FALSE POSITIVE,False Positive
6531485,K06726.01,FALSE POSITIVE,False Positive
6531801,K06727.01,FALSE POSITIVE,False Positive
7281356,K06853.01,FALSE POSITIVE,False Positive
7281399,K06854.01,FALSE POSITIVE,False Positive
7281410,K06855.01,FALSE POSITIVE,False Positive
7281616,K06856.01,FALSE POSITIVE,False Positive
7281699,K06857.01,FALSE POSITIVE,False Positive
7282008,K06858.01,FALSE POSITIVE,False Positive
7285616,K06859.01,FALSE POSITIVE,False Positive
7335514,K06860.01,CANDIDATE,Exoplanet Candidate
8178616,K06984.01,FALSE POSITIVE,False Positive
8180290,K06985.01,CANDIDATE,Exoplanet Candidate
8183389,K06986.01,FALSE POSITIVE,False Positive
8192861,K06987.01,FALSE POSITIVE,False Positive
8193315,K06988.01,FALSE POSITIVE,False Positive
8195877,K06989.01,FALSE POSITIVE,False Positive
8196180,K06990.01,FALSE POSITIVE,False Positive
8210721,K06991.01,FALSE POSITIVE,False Positive
8977176,K07119.01,FALSE POSITIVE,False Positive
9001468,K07120.01,FALSE POSITIVE,False Positive
9005854,K07121.01,FALSE POSITIVE,False Positive
9007918,K07122.01,FALSE POSITIVE,False Positive
9007953,K07123.01,FALSE POSITIVE,False Positive
9024857,K07124.01,FALSE POSITIVE,False Positive
9025739,K07125.01,CANDIDATE,Exoplanet Candidate
9029486,K07126.01,FALSE POSITIVE,False Positive
9906802,K07250.01,FALSE POSITIVE,False Positive
9906841,K07251.01,FALSE POSITIVE,False Positive
9909965,K07252.01,CANDIDATE,Exoplanet Candidate
9913481,K07253.01,FALSE POSITIVE,False Positive
9913798,K07254.01,FALSE POSITIVE,False Positive
9932197,K07255.01,CANDIDATE,Exoplanet Candidate
9934208,K07256.01,FALSE POSITIVE,False Positive
9936698,K07257.01,FALSE POSITIVE,False Positive
10867017,K07384.01,FALSE POSITIVE,False Positive
10909274,K07385.01,FALSE POSITIVE,False Positive
10920813,K07386.01,FALSE POSITIVE,False Positive
10923260,K07387.01,FALSE POSITIVE,False Positive
10924400,K07388.01,FALSE POSITIVE,False Positive
10932270,K07389.01,CANDIDATE,False Positive
10936427,K07390.01,FALSE POSITIVE,False Positive
10937609,K07391.01,FALSE POSITIVE,False Positive
10965963,K07392.01,FALSE POSITIVE,False Positive
12251779,K07517.01,FALSE POSITIVE,False Positive
12268220,K07518.01,FALSE POSITIVE,False Positive
12302391,K07519.01,FALSE POSITIVE,False Positive
12304728,K07520.01,CANDIDATE,False Positive
12306808,K07521.01,FALSE POSITIVE,False Positive
12351927,K07522.01,FALSE POSITIVE,False Positive
12353633,K07523.01,FALSE POSITIVE,False Positive
12353720,K07524.01,FALSE POSITIVE,False Positive
8565912,K07898.01,FALSE POSITIVE,False Positive
7778767,K02523.02,CANDIDATE,Exoplanet Candidate
9026749,K02564.02,CANDIDATE,Exoplanet Candidate
10916600,K02623.02,CANDIDATE,Exoplanet Candidate
6198182,K02636.02,CANDIDATE,Exoplanet Candidate
5695396,K00283.03,CANDIDATE,Exoplanet Candidate
6964929,K02756.02,CANDIDATE,Exoplanet Candidate
2853828,K02896.02,FALSE POSITIVE,False Positive
7008149,K02918.02,FALSE POSITIVE,False Positive
3458919,K06337.01,FALSE POSITIVE,False Positive
3542573,K06338.01,FALSE POSITIVE,False Positive
3543270,K06339.01,FALSE POSITIVE,False Positive
3544678,K06340.01,FALSE POSITIVE,False Positive
3545626,K06341.01,CANDIDATE,Exoplanet Candidate
3547178,K06342.01,CANDIDATE,Exoplanet Candidate
3548622,K06343.01,CANDIDATE,Exoplanet Candidate
3556742,K06344.01,FALSE POSITIVE,False Positive
4917014,K06472.01,FALSE POSITIVE,False Positive
4931073,K06473.01,FALSE POSITIVE,False Positive
4932691,K06474.01,FALSE POSITIVE,False Positive
4939265,K06475.01,CANDIDATE,Exoplanet Candidate
4940201,K06476.01,FALSE POSITIVE,False Positive
4946680,K06477.01,FALSE POSITIVE,False Positive
4947726,K06478.01,FALSE POSITIVE,False Positive
4948863,K06479.01,FALSE POSITIVE,False Positive
8308516,K07880.01,CANDIDATE,Exoplanet Candidate
5529501,K06592.01,FALSE POSITIVE,False Positive
5529560,K06593.01,FALSE POSITIVE,False Positive
5530881,K06594.01,FALSE POSITIVE,False Positive
5534476,K06595.01,FALSE POSITIVE,False Positive
5534702,K06596.01,FALSE POSITIVE,False Positive
5535280,K06597.01,FALSE POSITIVE,False Positive
5552808,K06598.01,CANDIDATE,Exoplanet Candidate
5553624,K06599.01,FALSE POSITIVE,False Positive
5564082,K06600.01,CANDIDATE,False Positive
6543682,K06728.01,FALSE POSITIVE,False Positive
6545018,K06729.01,FALSE POSITIVE,False Positive
6548447,K06730.01,FALSE POSITIVE,False Positive
6551106,K06731.01,CANDIDATE,Exoplanet Candidate
6584167,K06732.01,FALSE POSITIVE,False Positive
6584278,K06733.01,CANDIDATE,Exoplanet Candidate
6590726,K06734.01,CANDIDATE,Exoplanet Candidate
6591789,K06735.01,FALSE POSITIVE,False Positive
6593363,K06736.01,FALSE POSITIVE,False Positive
7336754,K06861.01,FALSE POSITIVE,False Positive
7345335,K06862.01,CANDIDATE,Exoplanet Candidate
7350067,K06863.01,CONFIRMED,Exoplanet Candidate
7362534,K06864.01,FALSE POSITIVE,False Positive
7362632,K06865.01,FALSE POSITIVE,False Positive
7365447,K06866.01,FALSE POSITIVE,False Positive
7366036,K06867.01,FALSE POSITIVE,False Positive
7366065,K06868.01,FALSE POSITIVE,False Positive
8211521,K06992.01,FALSE POSITIVE,False Positive
8227086,K06993.01,CANDIDATE,Exoplanet Candidate
8227464,K06994.01,CANDIDATE,Exoplanet Candidate
8229048,K06995.01,FALSE POSITIVE,False Positive
8231877,K06996.01,FALSE POSITIVE,False Positive
8234477,K06997.01,FALSE POSITIVE,False Positive
8240109,K06998.01,FALSE POSITIVE,False Positive
8240861,K06999.01,FALSE POSITIVE,False Positive
9049010,K07127.01,FALSE POSITIVE,False Positive
9083503,K07128.01,FALSE POSITIVE,False Positive
9085039,K07129.01,CANDIDATE,Exoplanet Candidate
9093566,K07130.01,FALSE POSITIVE,False Positive
9098590,K07131.01,FALSE POSITIVE,False Positive
9098810,K07132.01,FALSE POSITIVE,False Positive
9099773,K07133.01,CANDIDATE,Exoplanet Candidate
9101208,K07134.01,FALSE POSITIVE,False Positive
9943009,K07258.01,CANDIDATE,Exoplanet Candidate
9944201,K07259.01,CANDIDATE,Exoplanet Candidate
9944421,K07260.01,FALSE POSITIVE,False Positive
9945280,K07261.01,FALSE POSITIVE,False Positive
9953736,K07262.01,FALSE POSITIVE,False Positive
9958053,K07263.01,FALSE POSITIVE,False Positive
9959093,K07264.01,CANDIDATE,Exoplanet Candidate
9963009,K07265.01,FALSE POSITIVE,False Positive
8545603,K07893.01,FALSE POSITIVE,False Positive
10976412,K07393.01,FALSE POSITIVE,False Positive
10979716,K07394.01,FALSE POSITIVE,False Positive
10982373,K07395.01,FALSE POSITIVE,False Positive
10987439,K07396.01,FALSE POSITIVE,False Positive
10989032,K07397.01,FALSE POSITIVE,False Positive
10991989,K07398.01,FALSE POSITIVE,False Positive
10992733,K07399.01,FALSE POSITIVE,False Positive
11019739,K07400.01,CANDIDATE,Exoplanet Candidate
12356746,K07525.01,FALSE POSITIVE,False Positive
12356914,K07526.01,FALSE POSITIVE,False Positive
12365000,K07527.01,FALSE POSITIVE,False Positive
12365015,K07528.01,FALSE POSITIVE,False Positive
12367017,K07529.01,FALSE POSITIVE,False Positive
12367310,K07530.01,FALSE POSITIVE,False Positive
12403968,K07531.01,FALSE POSITIVE,False Positive
12418662,K07532.01,FALSE POSITIVE,False Positive
12418816,K07533.01,FALSE POSITIVE,False Positive
8709688,K03019.02,CANDIDATE,Exoplanet Candidate
9959492,K03051.02,FALSE POSITIVE,False Positive
2716801,K03053.02,CANDIDATE,Exoplanet Candidate
3230805,K03068.02,CANDIDATE,Exoplanet Candidate
11810124,K03344.03,CANDIDATE,Exoplanet Candidate
9349757,K03348.02,CANDIDATE,Exoplanet Candidate
3219037,K03395.02,CANDIDATE,Exoplanet Candidate
9117416,K03425.03,CANDIDATE,Exoplanet Candidate
3558803,K06345.01,FALSE POSITIVE,False Positive
3634169,K06346.01,FALSE POSITIVE,False Positive
3644174,K06347.01,FALSE POSITIVE,Exoplanet Candidate
3655326,K06348.01,FALSE POSITIVE,False Positive
3656322,K06349.01,FALSE POSITIVE,False Positive
3656700,K06350.01,FALSE POSITIVE,False Positive
3659940,K06351.01,FALSE POSITIVE,False Positive
3663494,K06352.01,CANDIDATE,Exoplanet Candidate
4949027,K06480.01,FALSE POSITIVE,False Positive
4949214,K06481.01,FALSE POSITIVE,False Positive
4950341,K06482.01,FALSE POSITIVE,False Positive
4950557,K06483.01,FALSE POSITIVE,False Positive
4995716,K06484.01,CANDIDATE,Exoplanet Candidate
5000179,K06485.01,FALSE POSITIVE,False Positive
5017058,K06486.01,FALSE POSITIVE,False Positive
5018787,K06487.01,FALSE POSITIVE,False Positive
8345473,K07881.01,FALSE POSITIVE,False Positive
5597361,K06601.01,CANDIDATE,Exoplanet Candidate
5598639,K06602.01,FALSE POSITIVE,False Positive
5610698,K06603.01,FALSE POSITIVE,False Positive
5616489,K06604.01,FALSE POSITIVE,False Positive
5617510,K06605.01,CANDIDATE,Exoplanet Candidate
5621294,K06606.01,FALSE POSITIVE,False Positive
5621299,K06607.01,FALSE POSITIVE,False Positive
5622250,K06608.01,FALSE POSITIVE,False Positive
5632781,K06609.01,FALSE POSITIVE,False Positive
6594972,K06737.01,FALSE POSITIVE,False Positive
6595662,K06738.01,FALSE POSITIVE,False Positive
6603765,K06739.01,CANDIDATE,Exoplanet Candidate
6606282,K06740.01,FALSE POSITIVE,False Positive
6606669,K06741.01,FALSE POSITIVE,False Positive
6607610,K06742.01,FALSE POSITIVE,False Positive
6610219,K06743.01,FALSE POSITIVE,False Positive
6610433,K06744.01,FALSE POSITIVE,False Positive
7368103,K06869.01,FALSE POSITIVE,False Positive
7369523,K06870.01,FALSE POSITIVE,False Positive
7376982,K06871.01,FALSE POSITIVE,False Positive
7381580,K06872.01,CANDIDATE,Exoplanet Candidate
7381695,K06873.01,FALSE POSITIVE,False Positive
7385387,K06874.01,FALSE POSITIVE,False Positive
7385478,K06875.01,FALSE POSITIVE,False Positive
7421876,K06876.01,FALSE POSITIVE,False Positive
8243263,K07000.01,FALSE POSITIVE,False Positive
8244295,K07001.01,FALSE POSITIVE,False Positive
8248103,K07002.01,CANDIDATE,Exoplanet Candidate
8256882,K07003.01,CANDIDATE,Exoplanet Candidate
8262223,K07004.01,FALSE POSITIVE,False Positive
8265520,K07005.01,FALSE POSITIVE,False Positive
8265990,K07006.01,FALSE POSITIVE,False Positive
8283875,K07007.01,CANDIDATE,Exoplanet Candidate
9119405,K07135.01,FALSE POSITIVE,False Positive
9150870,K07136.01,CANDIDATE,Exoplanet Candidate
9156957,K07137.01,FALSE POSITIVE,False Positive
9159301,K07138.01,FALSE POSITIVE,False Positive
9163674,K07139.01,FALSE POSITIVE,False Positive
9164788,K07140.01,FALSE POSITIVE,False Positive
9172506,K07141.01,FALSE POSITIVE,False Positive
9179531,K07142.01,FALSE POSITIVE,False Positive
9963639,K07266.01,FALSE POSITIVE,False Positive
9965691,K07267.01,FALSE POSITIVE,False Positive
9971475,K07268.01,FALSE POSITIVE,False Positive
10000490,K07269.01,FALSE POSITIVE,False Positive
10002049,K07270.01,CANDIDATE,Exoplanet Candidate
10014702,K07271.01,FALSE POSITIVE,False Positive
10019854,K07272.01,CANDIDATE,Exoplanet Candidate
10020423,K07273.01,FALSE POSITIVE,False Positive
11027270,K07401.01,FALSE POSITIVE,False Positive
11027722,K07402.01,FALSE POSITIVE,False Positive
11029877,K07403.01,FALSE POSITIVE,False Positive
11068630,K07404.01,CANDIDATE,Exoplanet Candidate
11071207,K07405.01,FALSE POSITIVE,False Positive
11073223,K07406.01,FALSE POSITIVE,False Positive
11076279,K07407.01,FALSE POSITIVE,False Positive
11092783,K07408.01,CANDIDATE,Exoplanet Candidate
11124509,K07409.01,FALSE POSITIVE,False Positive
12454800,K07534.01,CANDIDATE,Exoplanet Candidate
12458817,K07535.01,CANDIDATE,Exoplanet Candidate
12470530,K07536.01,FALSE POSITIVE,False Positive
12504353,K07537.01,FALSE POSITIVE,False Positive
12506342,K07538.01,FALSE POSITIVE,False Positive
12519942,K07539.01,CANDIDATE,Exoplanet Candidate
12555616,K07540.01,CANDIDATE,Exoplanet Candidate
12557713,K07541.01,FALSE POSITIVE,False Positive
9730163,K02704.03,CONFIRMED,Exoplanet Candidate
2437112,K03461.02,FALSE POSITIVE,False Positive
8719324,K03716.02,FALSE POSITIVE,False Positive
5471690,K04006.02,FALSE POSITIVE,False Positive
7100673,K04032.05,CANDIDATE,Exoplanet Candidate
3937814,K04084.02,CANDIDATE,Exoplanet Candidate
3937814,K04084.03,CANDIDATE,Exoplanet Candidate
4548098,K04157.02,CANDIDATE,Exoplanet Candidate
5078025,K04211.02,FALSE POSITIVE,False Positive
3733638,K06353.01,CANDIDATE,Exoplanet Candidate
3746248,K06354.01,FALSE POSITIVE,False Positive
3748855,K06355.01,CANDIDATE,Exoplanet Candidate
3748855,K06355.02,CANDIDATE,Exoplanet Candidate
3757588,K06356.01,FALSE POSITIVE,False Positive
3764411,K06357.01,FALSE POSITIVE,False Positive
3765692,K06358.01,CANDIDATE,Exoplanet Candidate
3766353,K06359.01,FALSE POSITIVE,False Positive
5019567,K06488.01,FALSE POSITIVE,False Positive
5021432,K06489.01,CANDIDATE,Exoplanet Candidate
5021732,K06490.01,FALSE POSITIVE,False Positive
5022440,K06491.01,FALSE POSITIVE,False Positive
5022900,K06492.01,FALSE POSITIVE,False Positive
5024126,K06493.01,FALSE POSITIVE,False Positive
5024268,K06494.01,FALSE POSITIVE,False Positive
5024372,K06495.01,FALSE POSITIVE,False Positive
5633259,K06610.01,CANDIDATE,Exoplanet Candidate
5647638,K06611.01,FALSE POSITIVE,False Positive
5653126,K06612.01,FALSE POSITIVE,False Positive
5686974,K06613.01,FALSE POSITIVE,False Positive
5696909,K06614.01,FALSE POSITIVE,False Positive
5697628,K06615.01,FALSE POSITIVE,False Positive
5700330,K06616.01,FALSE POSITIVE,False Positive
5702770,K06617.01,CANDIDATE,Exoplanet Candidate
6614748,K06745.01,CANDIDATE,Exoplanet Candidate
6628926,K06746.01,CANDIDATE,Exoplanet Candidate
6629156,K06747.01,FALSE POSITIVE,False Positive
6629588,K06748.01,FALSE POSITIVE,False Positive
6636020,K06749.01,FALSE POSITIVE,Exoplanet Candidate
6664842,K06750.01,CANDIDATE,Exoplanet Candidate
6665064,K06751.01,CANDIDATE,Exoplanet Candidate
6670610,K06752.01,CANDIDATE,Exoplanet Candidate
7431665,K06877.01,FALSE POSITIVE,False Positive
7447895,K06878.01,CANDIDATE,Exoplanet Candidate
7455553,K06879.01,FALSE POSITIVE,False Positive
7456521,K06880.01,FALSE POSITIVE,False Positive
7461314,K06881.01,FALSE POSITIVE,False Positive
7461521,K06882.01,CANDIDATE,Exoplanet Candidate
7499571,K06883.01,FALSE POSITIVE,Exoplanet Candidate
7537660,K06884.01,CANDIDATE,False Positive
7541502,K06885.01,FALSE POSITIVE,False Positive
8285254,K07008.01,FALSE POSITIVE,False Positive
8285970,K07009.01,FALSE POSITIVE,False Positive
8288719,K07010.01,FALSE POSITIVE,False Positive
8294484,K07011.01,FALSE POSITIVE,False Positive
8296467,K07012.01,FALSE POSITIVE,False Positive
8301013,K07013.01,FALSE POSITIVE,False Positive
8302455,K07014.01,FALSE POSITIVE,False Positive
8302473,K07015.01,FALSE POSITIVE,False Positive
8311864,K07016.01,CONFIRMED,False Positive
9181340,K07143.01,FALSE POSITIVE,False Positive
9203154,K07144.01,CANDIDATE,Exoplanet Candidate
9205993,K07145.01,FALSE POSITIVE,False Positive
9207508,K07146.01,FALSE POSITIVE,False Positive
9210828,K07147.01,FALSE POSITIVE,False Positive
9221627,K07148.01,CANDIDATE,Exoplanet Candidate
9236858,K07149.01,FALSE POSITIVE,False Positive
9243795,K07150.01,FALSE POSITIVE,False Positive
9266285,K07151.01,FALSE POSITIVE,False Positive
10026136,K07274.01,FALSE POSITIVE,False Positive
10026457,K07275.01,FALSE POSITIVE,False Positive
10031409,K07276.01,FALSE POSITIVE,False Positive
10031526,K07277.01,FALSE POSITIVE,False Positive
10031808,K07278.01,FALSE POSITIVE,False Positive
10053138,K07279.01,CANDIDATE,Exoplanet Candidate
10063044,K07280.01,FALSE POSITIVE,False Positive
10066755,K07281.01,CANDIDATE,False Positive
10070479,K07282.01,CANDIDATE,Exoplanet Candidate
11134079,K07410.01,FALSE POSITIVE,False Positive
11137061,K07411.01,FALSE POSITIVE,False Positive
11144439,K07412.01,FALSE POSITIVE,False Positive
7119481,K00566.02,CANDIDATE,Exoplanet Candidate
11147276,K07413.01,FALSE POSITIVE,False Positive
11154043,K07414.01,FALSE POSITIVE,False Positive
11182260,K07415.01,CANDIDATE,Exoplanet Candidate
11187972,K07416.01,CANDIDATE,Exoplanet Candidate
4548011,K04288.03,FALSE POSITIVE,Exoplanet Candidate
2852941,K04298.02,FALSE POSITIVE,Exoplanet Candidate
8773015,K04301.02,CANDIDATE,Exoplanet Candidate
9883606,K04383.02,CANDIDATE,Exoplanet Candidate
9597729,K04417.02,FALSE POSITIVE,False Positive
9836563,K04421.02,CANDIDATE,Exoplanet Candidate
6508221,K00416.04,CANDIDATE,Exoplanet Candidate
9100953,K04500.03,CANDIDATE,Exoplanet Candidate
3830820,K06360.01,FALSE POSITIVE,False Positive
3831523,K06361.01,FALSE POSITIVE,False Positive
3834364,K06362.01,FALSE POSITIVE,False Positive
3836413,K06363.01,FALSE POSITIVE,False Positive
3836439,K06364.01,FALSE POSITIVE,False Positive
3838004,K06365.01,FALSE POSITIVE,False Positive
3851134,K06366.01,FALSE POSITIVE,False Positive
3851193,K06367.01,FALSE POSITIVE,False Positive
9595956,K07604.01,FALSE POSITIVE,Exoplanet Candidate
9655792,K07605.01,FALSE POSITIVE,False Positive
9970396,K07606.01,FALSE POSITIVE,False Positive
10079420,K07607.01,CANDIDATE,Exoplanet Candidate
10253638,K07608.01,FALSE POSITIVE,False Positive
10267121,K07609.01,FALSE POSITIVE,False Positive
10341777,K07610.01,FALSE POSITIVE,False Positive
10407271,K07611.01,FALSE POSITIVE,False Positive
10471167,K07612.01,FALSE POSITIVE,False Positive
10471174,K07613.01,FALSE POSITIVE,False Positive
10471345,K07614.01,FALSE POSITIVE,False Positive
11296798,K07615.01,FALSE POSITIVE,False Positive
11463950,K07616.01,FALSE POSITIVE,False Positive
11559304,K07617.01,CANDIDATE,Exoplanet Candidate
11621897,K07618.01,FALSE POSITIVE,False Positive
12253534,K07619.01,FALSE POSITIVE,False Positive
12304202,K07620.01,FALSE POSITIVE,False Positive
4735826,K03184.03,CANDIDATE,Exoplanet Candidate
9291039,K03230.02,FALSE POSITIVE,False Positive
10155321,K04422.02,FALSE POSITIVE,False Positive
5003670,K04524.03,CANDIDATE,Exoplanet Candidate
4953173,K04676.02,FALSE POSITIVE,False Positive
8973285,K04782.02,CANDIDATE,Exoplanet Candidate
2861126,K04957.02,CANDIDATE,Exoplanet Candidate
6363560,K05270.02,FALSE POSITIVE,False Positive
7539174,K05397.02,FALSE POSITIVE,False Positive
7935997,K05447.02,CONFIRMED,Exoplanet Candidate
8105398,K05475.02,CANDIDATE,Exoplanet Candidate
10535708,K05801.02,FALSE POSITIVE,False Positive
11453930,K05900.02,FALSE POSITIVE,False Positive
4737267,K06117.01,FALSE POSITIVE,False Positive
5955321,K06140.01,FALSE POSITIVE,False Positive
6182093,K06143.02,FALSE POSITIVE,False Positive
4758350,K06447.02,CANDIDATE,Exoplanet Candidate
4862625,K06464.03,CANDIDATE,Exoplanet Candidate
10621666,K01636.02,FALSE POSITIVE,False Positive
5211470,K06541.02,FALSE POSITIVE,False Positive
6665064,K06751.02,FALSE POSITIVE,False Positive
3123418,K07542.01,FALSE POSITIVE,False Positive
3458687,K07543.01,FALSE POSITIVE,False Positive
3749508,K07544.01,FALSE POSITIVE,False Positive
3955867,K07545.01,FALSE POSITIVE,False Positive
3965201,K07546.01,CANDIDATE,Exoplanet Candidate
4074294,K07547.01,FALSE POSITIVE,False Positive
4380560,K07548.01,FALSE POSITIVE,False Positive
4384652,K07549.01,FALSE POSITIVE,False Positive
7697568,K01829.02,FALSE POSITIVE,Exoplanet Candidate
4483235,K07550.01,FALSE POSITIVE,False Positive
4662363,K07551.01,FALSE POSITIVE,False Positive
4680745,K07552.01,FALSE POSITIVE,False Positive
4851195,K07553.01,FALSE POSITIVE,False Positive
4862924,K07554.01,CANDIDATE,Exoplanet Candidate
5024414,K07555.01,FALSE POSITIVE,False Positive
5177065,K07556.01,FALSE POSITIVE,False Positive
5268955,K07557.01,FALSE POSITIVE,False Positive
5271090,K07558.01,CANDIDATE,Exoplanet Candidate
5444276,K07559.01,CANDIDATE,False Positive
5598645,K07560.01,FALSE POSITIVE,False Positive
5696518,K07561.01,FALSE POSITIVE,False Positive
5878506,K07562.01,CANDIDATE,Exoplanet Candidate
5908086,K07563.01,FALSE POSITIVE,False Positive
6307243,K07564.01,FALSE POSITIVE,False Positive
6350522,K07565.01,FALSE POSITIVE,False Positive
6385302,K07566.01,FALSE POSITIVE,False Positive
6443274,K07567.01,CANDIDATE,False Positive
6508734,K07568.01,FALSE POSITIVE,False Positive
6527050,K07569.01,FALSE POSITIVE,False Positive
5602588,K02369.03,CANDIDATE,Exoplanet Candidate
6590362,K07570.01,FALSE POSITIVE,False Positive
6628740,K07571.01,FALSE POSITIVE,False Positive
6876575,K07572.01,CANDIDATE,Exoplanet Candidate
7031126,K07573.01,FALSE POSITIVE,False Positive
7031208,K07574.01,FALSE POSITIVE,False Positive
7031742,K07575.01,FALSE POSITIVE,False Positive
7032568,K07576.01,FALSE POSITIVE,False Positive
7032687,K07577.01,FALSE POSITIVE,False Positive
7115384,K07578.01,FALSE POSITIVE,False Positive
7116282,K07579.01,FALSE POSITIVE,False Positive
7116859,K07580.01,FALSE POSITIVE,False Positive
7133286,K07581.01,FALSE POSITIVE,False Positive
7186259,K07582.01,FALSE POSITIVE,False Positive
7214090,K07583.01,FALSE POSITIVE,False Positive
7281694,K07584.01,FALSE POSITIVE,False Positive
7362450,K07585.01,FALSE POSITIVE,False Positive
8007262,K07586.01,FALSE POSITIVE,False Positive
8096395,K07587.01,CANDIDATE,Exoplanet Candidate
8106973,K07588.01,FALSE POSITIVE,False Positive
8168509,K07589.01,CANDIDATE,Exoplanet Candidate
10397751,K02859.05,CANDIDATE,Exoplanet Candidate
8258103,K07590.01,FALSE POSITIVE,False Positive
8297319,K07591.01,CANDIDATE,Exoplanet Candidate
8423344,K07592.01,CANDIDATE,False Positive
8444868,K07593.01,CANDIDATE,Exoplanet Candidate
8579684,K07594.01,FALSE POSITIVE,False Positive
8649876,K07595.01,FALSE POSITIVE,False Positive
8682094,K07596.01,CANDIDATE,Exoplanet Candidate
8846809,K07597.01,FALSE POSITIVE,False Positive
8868686,K07598.01,FALSE POSITIVE,False Positive
9025662,K07599.01,FALSE POSITIVE,False Positive
8572936,K02459.01,FALSE POSITIVE,False Positive
9837578,K02937.01,FALSE POSITIVE,False Positive
7821010,K02938.01,FALSE POSITIVE,False Positive
5473556,K02939.01,FALSE POSITIVE,False Positive
6504534,K03152.01,FALSE POSITIVE,False Positive
6307062,K03153.01,FALSE POSITIVE,False Positive
5652983,K00371.02,FALSE POSITIVE,Exoplanet Candidate
9092897,K07600.01,FALSE POSITIVE,False Positive
9246715,K07601.01,FALSE POSITIVE,False Positive
9292130,K07602.01,FALSE POSITIVE,False Positive
9541144,K07603.01,FALSE POSITIVE,False Positive
8677057,K07903.01,CANDIDATE,Exoplanet Candidate
8702537,K07905.01,CANDIDATE,Exoplanet Candidate
8757213,K07911.01,FALSE POSITIVE,False Positive
8880003,K07914.01,FALSE POSITIVE,False Positive
8953296,K07916.01,FALSE POSITIVE,False Positive
8749844,K07909.01,FALSE POSITIVE,False Positive
8962007,K07917.01,FALSE POSITIVE,False Positive
8703491,K07906.01,FALSE POSITIVE,False Positive
9043947,K07920.01,CANDIDATE,Exoplanet Candidate
9079587,K07921.01,FALSE POSITIVE,False Positive
8703506,K07907.01,FALSE POSITIVE,False Positive
8590776,K07900.01,FALSE POSITIVE,False Positive
8761550,K07912.01,FALSE POSITIVE,False Positive
8686761,K07904.01,FALSE POSITIVE,False Positive
8873450,K07913.01,CONFIRMED,Exoplanet Candidate
8880317,K07915.01,CANDIDATE,Exoplanet Candidate
8750503,K07910.01,FALSE POSITIVE,Exoplanet Candidate
8639155,K07902.01,FALSE POSITIVE,False Positive
9021047,K07919.01,FALSE POSITIVE,False Positive
8587439,K07899.01,FALSE POSITIVE,Exoplanet Candidate
8712863,K07908.01,FALSE POSITIVE,False Positive
9079915,K07922.01,FALSE POSITIVE,False Positive
10208894,K08199.01,FALSE POSITIVE,False Positive
10214873,K08200.01,FALSE POSITIVE,Exoplanet Candidate
10253977,K08201.01,CANDIDATE,Exoplanet Candidate
10268714,K08202.01,FALSE POSITIVE,False Positive
10281311,K08203.01,FALSE POSITIVE,False Positive
10341876,K08204.01,FALSE POSITIVE,False Positive
10351947,K08205.01,CANDIDATE,Exoplanet Candidate
10160922,K07990.01,CANDIDATE,Exoplanet Candidate
10198225,K07991.01,CANDIDATE,Exoplanet Candidate
10214341,K07992.01,CANDIDATE,Exoplanet Candidate
10219288,K07993.01,FALSE POSITIVE,False Positive
10226343,K07994.01,FALSE POSITIVE,False Positive
10263598,K07995.01,FALSE POSITIVE,False Positive
10266860,K07996.01,FALSE POSITIVE,False Positive
4763020,K08097.01,FALSE POSITIVE,False Positive
5128966,K08098.01,FALSE POSITIVE,False Positive
5288744,K08099.01,FALSE POSITIVE,Exoplanet Candidate
5305225,K08100.01,FALSE POSITIVE,False Positive
5598216,K08101.01,FALSE POSITIVE,False Positive
5637036,K08102.01,FALSE POSITIVE,False Positive
5647008,K08103.01,FALSE POSITIVE,False Positive
10385708,K08206.01,FALSE POSITIVE,False Positive
10404545,K08207.01,FALSE POSITIVE,False Positive
10425070,K08208.01,FALSE POSITIVE,False Positive
10425070,K08208.02,FALSE POSITIVE,False Positive
10461045,K08209.01,FALSE POSITIVE,False Positive
10493253,K08210.01,FALSE POSITIVE,False Positive
10515564,K08211.01,CANDIDATE,Exoplanet Candidate
10321927,K07997.01,FALSE POSITIVE,False Positive
10321972,K07998.01,CANDIDATE,Exoplanet Candidate
10322797,K07999.01,FALSE POSITIVE,False Positive
10331279,K08000.01,CANDIDATE,Exoplanet Candidate
10338529,K08002.01,FALSE POSITIVE,False Positive
10340212,K08003.01,FALSE POSITIVE,False Positive
10383729,K08004.01,FALSE POSITIVE,False Positive
5709226,K08104.01,FALSE POSITIVE,False Positive
5775090,K08105.01,FALSE POSITIVE,False Positive
5791705,K08106.01,FALSE POSITIVE,False Positive
5802205,K08107.01,CANDIDATE,Exoplanet Candidate
5812648,K08108.01,FALSE POSITIVE,False Positive
5858919,K08109.01,CANDIDATE,False Positive
5872139,K08110.01,FALSE POSITIVE,False Positive
10519701,K08212.01,FALSE POSITIVE,False Positive
10664150,K08213.01,FALSE POSITIVE,False Positive
10735575,K08214.01,FALSE POSITIVE,False Positive
10753394,K08215.01,FALSE POSITIVE,False Positive
10875937,K08216.01,FALSE POSITIVE,False Positive
10907307,K08217.01,CANDIDATE,Exoplanet Candidate
11087662,K08218.01,FALSE POSITIVE,False Positive
10389280,K08005.01,FALSE POSITIVE,False Positive
10397315,K08006.01,FALSE POSITIVE,False Positive
10403228,K08007.01,CANDIDATE,Exoplanet Candidate
10405224,K08008.01,FALSE POSITIVE,False Positive
10405482,K08009.01,FALSE POSITIVE,False Positive
10405546,K08010.01,FALSE POSITIVE,False Positive
10407191,K08011.01,CANDIDATE,Exoplanet Candidate
5955197,K08111.01,CANDIDATE,Exoplanet Candidate
5955427,K08112.01,FALSE POSITIVE,False Positive
5956977,K08113.01,FALSE POSITIVE,False Positive
6043574,K08114.01,FALSE POSITIVE,False Positive
6049470,K08115.01,FALSE POSITIVE,False Positive
6105359,K08116.01,FALSE POSITIVE,False Positive
6114140,K08117.01,CANDIDATE,False Positive
11099109,K08219.01,FALSE POSITIVE,False Positive
11124353,K08220.01,FALSE POSITIVE,False Positive
11338091,K08221.01,CANDIDATE,Exoplanet Candidate
11400356,K08222.01,FALSE POSITIVE,False Positive
11446424,K08223.01,CANDIDATE,Exoplanet Candidate
11449696,K08224.01,FALSE POSITIVE,False Positive
11456839,K08225.01,FALSE POSITIVE,False Positive
10452252,K08012.01,CANDIDATE,Exoplanet Candidate
10462462,K08013.01,FALSE POSITIVE,False Positive
10470882,K08014.01,FALSE POSITIVE,False Positive
10470993,K08015.01,FALSE POSITIVE,False Positive
10471005,K08016.01,FALSE POSITIVE,False Positive
10471055,K08017.01,FALSE POSITIVE,False Positive
10471204,K08018.01,FALSE POSITIVE,False Positive
6119605,K08118.01,FALSE POSITIVE,False Positive
6230649,K08119.01,FALSE POSITIVE,False Positive
6286633,K08120.01,FALSE POSITIVE,False Positive
6451125,K08121.01,FALSE POSITIVE,False Positive
6507334,K08122.01,CANDIDATE,Exoplanet Candidate
6516529,K08123.01,FALSE POSITIVE,False Positive
6521526,K08124.01,FALSE POSITIVE,False Positive
11501492,K08226.01,FALSE POSITIVE,False Positive
11558217,K08227.01,FALSE POSITIVE,False Positive
11649292,K08228.01,FALSE POSITIVE,False Positive
11760931,K08229.01,FALSE POSITIVE,False Positive
11854061,K08230.01,FALSE POSITIVE,False Positive
11868122,K08231.01,FALSE POSITIVE,False Positive
11872364,K08232.01,CANDIDATE,Exoplanet Candidate
10471243,K08019.01,FALSE POSITIVE,False Positive
10471296,K08020.01,FALSE POSITIVE,False Positive
10535886,K08021.01,FALSE POSITIVE,False Positive
10535897,K08022.01,FALSE POSITIVE,False Positive
10535926,K08023.01,FALSE POSITIVE,False Positive
10535991,K08024.01,FALSE POSITIVE,False Positive
10536177,K08025.01,FALSE POSITIVE,False Positive
6600492,K08125.01,FALSE POSITIVE,False Positive
6685403,K08126.01,FALSE POSITIVE,False Positive
6846544,K08127.01,FALSE POSITIVE,False Positive
6848529,K08128.01,FALSE POSITIVE,False Positive
6887321,K08129.01,FALSE POSITIVE,False Positive
6953281,K08130.01,FALSE POSITIVE,False Positive
7020168,K08131.01,FALSE POSITIVE,False Positive
12012872,K08233.01,FALSE POSITIVE,False Positive
12069319,K08234.01,FALSE POSITIVE,False Positive
12121118,K08235.01,FALSE POSITIVE,False Positive
12252732,K08236.01,FALSE POSITIVE,False Positive
12554051,K08237.01,FALSE POSITIVE,False Positive
12554485,K08238.01,CANDIDATE,Exoplanet Candidate
12555140,K08239.01,FALSE POSITIVE,False Positive
10536241,K08026.01,CANDIDATE,Exoplanet Candidate
10614845,K08027.01,FALSE POSITIVE,False Positive
10616829,K08028.01,FALSE POSITIVE,False Positive
10686909,K08029.01,FALSE POSITIVE,False Positive
10730250,K08030.01,FALSE POSITIVE,False Positive
10790401,K08031.01,CANDIDATE,Exoplanet Candidate
10801951,K08032.01,FALSE POSITIVE,False Positive
7049771,K08132.01,FALSE POSITIVE,False Positive
7053328,K08133.01,FALSE POSITIVE,False Positive
7106437,K08134.01,FALSE POSITIVE,False Positive
7117050,K08135.01,FALSE POSITIVE,False Positive
7185710,K08136.01,FALSE POSITIVE,False Positive
7282872,K08137.01,FALSE POSITIVE,False Positive
7340624,K08138.01,FALSE POSITIVE,False Positive
12647110,K08240.01,FALSE POSITIVE,False Positive
12647757,K08241.01,CANDIDATE,Exoplanet Candidate
3629119,K08242.01,CANDIDATE,Exoplanet Candidate
3662635,K08243.01,FALSE POSITIVE,False Positive
3734501,K08244.01,FALSE POSITIVE,Exoplanet Candidate
4169315,K08245.01,FALSE POSITIVE,False Positive
4446859,K08246.01,CANDIDATE,Exoplanet Candidate
9084569,K07923.01,CANDIDATE,False Positive
9087580,K07924.01,CANDIDATE,Exoplanet Candidate
9099607,K07925.01,CANDIDATE,Exoplanet Candidate
10844823,K08033.01,CANDIDATE,Exoplanet Candidate
10862284,K08034.01,FALSE POSITIVE,False Positive
10862759,K08035.01,CANDIDATE,Exoplanet Candidate
10877024,K08036.01,FALSE POSITIVE,False Positive
10920281,K08037.01,CANDIDATE,Exoplanet Candidate
10920420,K08038.01,FALSE POSITIVE,False Positive
11032748,K08039.01,CANDIDATE,Exoplanet Candidate
7622473,K08139.01,FALSE POSITIVE,False Positive
7662744,K08140.01,FALSE POSITIVE,False Positive
7686191,K08141.01,FALSE POSITIVE,False Positive
7690521,K08142.01,FALSE POSITIVE,False Positive
7747835,K08143.01,FALSE POSITIVE,False Positive
7762886,K08144.01,FALSE POSITIVE,False Positive
7811537,K08145.01,FALSE POSITIVE,Exoplanet Candidate
4566999,K08247.01,FALSE POSITIVE,Exoplanet Candidate
4569942,K08248.01,FALSE POSITIVE,False Positive
4572728,K08249.01,CANDIDATE,Exoplanet Candidate
4772095,K08250.01,FALSE POSITIVE,False Positive
4847801,K08251.01,FALSE POSITIVE,False Positive
5026023,K08252.01,FALSE POSITIVE,False Positive
5098334,K08253.01,CANDIDATE,False Positive
9101271,K07926.01,FALSE POSITIVE,False Positive
9118340,K07927.01,FALSE POSITIVE,False Positive
9142714,K07928.01,CANDIDATE,Exoplanet Candidate
9159198,K07929.01,FALSE POSITIVE,False Positive
9210820,K07930.01,CANDIDATE,Exoplanet Candidate
9227215,K07931.01,CANDIDATE,False Positive
9278575,K07932.01,CANDIDATE,False Positive
11098004,K08041.01,FALSE POSITIVE,False Positive
11135119,K08042.01,FALSE POSITIVE,False Positive
11139682,K08043.01,CANDIDATE,Exoplanet Candidate
11145726,K08044.01,FALSE POSITIVE,False Positive
11152950,K08045.01,FALSE POSITIVE,False Positive
11182706,K08046.01,CANDIDATE,Exoplanet Candidate
11294822,K08047.01,CANDIDATE,Exoplanet Candidate
7811537,K08145.02,FALSE POSITIVE,False Positive
7874976,K08146.01,FALSE POSITIVE,False Positive
7888957,K08147.01,FALSE POSITIVE,False Positive
7900114,K08148.01,FALSE POSITIVE,False Positive
7936194,K08149.01,FALSE POSITIVE,Exoplanet Candidate
7959310,K08150.01,FALSE POSITIVE,False Positive
8012732,K08151.01,FALSE POSITIVE,False Positive
5391407,K08254.01,FALSE POSITIVE,False Positive
5468555,K08255.01,FALSE POSITIVE,False Positive
5638699,K08256.01,FALSE POSITIVE,False Positive
5683219,K08257.01,CANDIDATE,Exoplanet Candidate
5871116,K08258.01,FALSE POSITIVE,False Positive
5956171,K08259.01,CANDIDATE,Exoplanet Candidate
6032318,K08260.01,FALSE POSITIVE,False Positive
9347066,K07933.01,FALSE POSITIVE,False Positive
9390228,K07934.01,CANDIDATE,Exoplanet Candidate
9392016,K07935.01,FALSE POSITIVE,False Positive
9429631,K07937.01,FALSE POSITIVE,Exoplanet Candidate
9469494,K07938.01,CANDIDATE,Exoplanet Candidate
9518558,K07939.01,FALSE POSITIVE,False Positive
9521317,K07940.01,CANDIDATE,Exoplanet Candidate
11296205,K08048.01,CANDIDATE,Exoplanet Candidate
11348086,K08049.01,FALSE POSITIVE,False Positive
11350634,K08050.01,CANDIDATE,Exoplanet Candidate
11357185,K08051.01,FALSE POSITIVE,False Positive
11358305,K08052.01,CANDIDATE,Exoplanet Candidate
11392362,K08053.01,CANDIDATE,Exoplanet Candidate
11443757,K08054.01,CANDIDATE,Exoplanet Candidate
8028465,K08152.01,FALSE POSITIVE,False Positive
8129641,K08153.01,FALSE POSITIVE,False Positive
8226720,K08154.01,FALSE POSITIVE,False Positive
8307354,K08155.01,FALSE POSITIVE,False Positive
8439949,K08156.01,CANDIDATE,False Positive
8527297,K08157.01,CANDIDATE,False Positive
8588982,K08158.01,FALSE POSITIVE,False Positive
6182508,K08261.01,FALSE POSITIVE,False Positive
6195669,K08262.01,FALSE POSITIVE,False Positive
6356506,K08263.01,CANDIDATE,Exoplanet Candidate
6583107,K08264.01,FALSE POSITIVE,False Positive
6681618,K08265.01,FALSE POSITIVE,False Positive
6946985,K08266.01,FALSE POSITIVE,False Positive
7106438,K08267.01,FALSE POSITIVE,False Positive
9529148,K07942.01,FALSE POSITIVE,False Positive
9531850,K07943.01,FALSE POSITIVE,False Positive
9541094,K07944.01,FALSE POSITIVE,False Positive
9579753,K07945.01,FALSE POSITIVE,False Positive
9588880,K07946.01,FALSE POSITIVE,False Positive
9592831,K07947.01,FALSE POSITIVE,False Positive
9602658,K07948.01,FALSE POSITIVE,False Positive
11453349,K08055.01,CANDIDATE,Exoplanet Candidate
11560397,K08056.01,FALSE POSITIVE,False Positive
11565903,K08057.01,FALSE POSITIVE,False Positive
11601597,K08058.01,FALSE POSITIVE,False Positive
11612241,K08059.01,FALSE POSITIVE,False Positive
11661803,K08060.01,FALSE POSITIVE,False Positive
11661803,K08060.02,FALSE POSITIVE,False Positive
8608544,K08159.01,FALSE POSITIVE,False Positive
8608544,K08159.02,CANDIDATE,False Positive
8618147,K08160.01,FALSE POSITIVE,False Positive
8630840,K08161.01,FALSE POSITIVE,False Positive
8683144,K08162.01,FALSE POSITIVE,False Positive
8708961,K08163.01,CANDIDATE,Exoplanet Candidate
8740744,K08164.01,FALSE POSITIVE,False Positive
7451315,K08268.01,FALSE POSITIVE,False Positive
7751294,K08269.01,FALSE POSITIVE,False Positive
7832787,K08270.01,CANDIDATE,Exoplanet Candidate
8008913,K08271.01,FALSE POSITIVE,False Positive
8022520,K08272.01,CANDIDATE,Exoplanet Candidate
8108450,K08273.01,FALSE POSITIVE,False Positive
8293631,K08274.01,FALSE POSITIVE,False Positive
9604563,K07949.01,CANDIDATE,Exoplanet Candidate
9639021,K07950.01,FALSE POSITIVE,False Positive
9640649,K07951.01,CANDIDATE,Exoplanet Candidate
9643210,K07952.01,FALSE POSITIVE,Exoplanet Candidate
9650579,K07953.01,CANDIDATE,Exoplanet Candidate
9650762,K07954.01,CANDIDATE,False Positive
9651155,K07955.01,FALSE POSITIVE,False Positive
11709006,K08061.01,FALSE POSITIVE,False Positive
11714107,K08063.01,CANDIDATE,False Positive
11724094,K08064.01,FALSE POSITIVE,False Positive
11774383,K08065.01,FALSE POSITIVE,False Positive
11804952,K08066.01,FALSE POSITIVE,False Positive
11819135,K08067.01,FALSE POSITIVE,False Positive
11904835,K08068.01,CANDIDATE,Exoplanet Candidate
8742735,K08165.01,FALSE POSITIVE,False Positive
8743244,K08166.01,FALSE POSITIVE,False Positive
8743244,K08166.02,FALSE POSITIVE,False Positive
8748435,K08167.01,FALSE POSITIVE,False Positive
8766268,K08168.01,FALSE POSITIVE,False Positive
8808064,K08169.01,FALSE POSITIVE,False Positive
8813404,K08170.01,FALSE POSITIVE,False Positive
8329346,K08275.01,CANDIDATE,Exoplanet Candidate
8637903,K08276.01,CANDIDATE,False Positive
8673511,K08277.01,CANDIDATE,Exoplanet Candidate
8873674,K08278.01,FALSE POSITIVE,False Positive
9011955,K08279.01,CANDIDATE,False Positive
9159288,K08280.01,CANDIDATE,Exoplanet Candidate
9209808,K08281.01,FALSE POSITIVE,False Positive
9656547,K07956.01,FALSE POSITIVE,False Positive
9658192,K07957.01,FALSE POSITIVE,False Positive
9710611,K07958.01,FALSE POSITIVE,False Positive
9710626,K07959.01,FALSE POSITIVE,False Positive
9710792,K07960.01,FALSE POSITIVE,False Positive
9770983,K07961.01,FALSE POSITIVE,False Positive
9777089,K07962.01,FALSE POSITIVE,False Positive
11918793,K08069.01,FALSE POSITIVE,False Positive
11922290,K08070.01,FALSE POSITIVE,False Positive
11966668,K08071.01,FALSE POSITIVE,False Positive
11967872,K08072.01,FALSE POSITIVE,Exoplanet Candidate
12004656,K08073.01,FALSE POSITIVE,False Positive
12008916,K08074.01,FALSE POSITIVE,False Positive
12021943,K08075.01,FALSE POSITIVE,False Positive
8815031,K08171.01,FALSE POSITIVE,False Positive
8821936,K08172.01,FALSE POSITIVE,False Positive
8832676,K08173.01,FALSE POSITIVE,False Positive
8873873,K08174.01,CANDIDATE,Exoplanet Candidate
9075882,K08175.01,FALSE POSITIVE,False Positive
9084832,K08176.01,FALSE POSITIVE,False Positive
9093859,K08177.01,FALSE POSITIVE,False Positive
9239670,K08282.01,FALSE POSITIVE,False Positive
9388557,K08283.01,FALSE POSITIVE,False Positive
9532997,K08284.01,FALSE POSITIVE,False Positive
9536836,K08285.01,FALSE POSITIVE,False Positive
9592621,K08286.01,CANDIDATE,Exoplanet Candidate
10010452,K08287.01,FALSE POSITIVE,False Positive
10226420,K08288.01,FALSE POSITIVE,False Positive
9777990,K07963.01,FALSE POSITIVE,False Positive
9813678,K07964.01,FALSE POSITIVE,False Positive
9826551,K07965.01,FALSE POSITIVE,False Positive
9838537,K07966.01,FALSE POSITIVE,False Positive
9838761,K07967.01,FALSE POSITIVE,False Positive
9839062,K07968.01,FALSE POSITIVE,False Positive
9851983,K07969.01,FALSE POSITIVE,False Positive
12156930,K08076.01,CANDIDATE,Exoplanet Candidate
12266099,K08077.01,CANDIDATE,Exoplanet Candidate
12307496,K08078.01,CANDIDATE,Exoplanet Candidate
12419303,K08079.01,FALSE POSITIVE,False Positive
12453855,K08080.01,FALSE POSITIVE,False Positive
12459808,K08081.01,FALSE POSITIVE,False Positive
12602999,K08082.01,CANDIDATE,False Positive
9114508,K08178.01,FALSE POSITIVE,False Positive
9216810,K08179.01,FALSE POSITIVE,False Positive
9268159,K08180.01,CANDIDATE,False Positive
9340460,K08181.01,FALSE POSITIVE,False Positive
9409493,K08182.01,FALSE POSITIVE,False Positive
9468848,K08183.01,CANDIDATE,Exoplanet Candidate
9649205,K08184.01,FALSE POSITIVE,False Positive
10341781,K08289.01,FALSE POSITIVE,False Positive
10459805,K08290.01,FALSE POSITIVE,False Positive
10471090,K08291.01,FALSE POSITIVE,False Positive
10532751,K08292.01,FALSE POSITIVE,False Positive
10585887,K08293.01,FALSE POSITIVE,False Positive
11867733,K08294.01,FALSE POSITIVE,False Positive
11923074,K08295.01,FALSE POSITIVE,False Positive
9873004,K07970.01,CANDIDATE,Exoplanet Candidate
9899216,K07971.01,FALSE POSITIVE,False Positive
9899256,K07972.01,FALSE POSITIVE,False Positive
9899345,K07973.01,CANDIDATE,False Positive
9899621,K07974.01,FALSE POSITIVE,False Positive
9899623,K07975.01,FALSE POSITIVE,False Positive
9906688,K07976.01,CANDIDATE,Exoplanet Candidate
12644020,K08083.01,FALSE POSITIVE,False Positive
2010152,K08084.01,FALSE POSITIVE,False Positive
2284957,K08085.01,CANDIDATE,Exoplanet Candidate
2712825,K08086.01,FALSE POSITIVE,False Positive
3443582,K08087.01,FALSE POSITIVE,False Positive
3533483,K08088.01,FALSE POSITIVE,False Positive
3663850,K08089.01,CANDIDATE,False Positive
9771576,K08185.01,FALSE POSITIVE,False Positive
9827094,K08186.01,FALSE POSITIVE,False Positive
9837720,K08187.01,FALSE POSITIVE,False Positive
9873604,K08188.01,FALSE POSITIVE,False Positive
9874581,K08189.01,FALSE POSITIVE,False Positive
9899449,K08190.01,FALSE POSITIVE,False Positive
9962731,K08191.01,FALSE POSITIVE,False Positive
12117215,K08296.01,FALSE POSITIVE,False Positive
12168280,K08297.01,CANDIDATE,Exoplanet Candidate
9912977,K07977.01,FALSE POSITIVE,False Positive
9938836,K07978.01,CANDIDATE,Exoplanet Candidate
9941425,K07979.01,FALSE POSITIVE,False Positive
9959368,K07980.01,FALSE POSITIVE,False Positive
9959765,K07981.01,FALSE POSITIVE,False Positive
10011213,K07982.01,CANDIDATE,Exoplanet Candidate
10014875,K07983.01,FALSE POSITIVE,False Positive
3954211,K08090.01,FALSE POSITIVE,False Positive
4056579,K08091.01,FALSE POSITIVE,False Positive
4276445,K08092.01,FALSE POSITIVE,False Positive
4371172,K08093.01,FALSE POSITIVE,Exoplanet Candidate
4557341,K08094.01,FALSE POSITIVE,False Positive
4645492,K08095.01,FALSE POSITIVE,False Positive
4738095,K08096.01,FALSE POSITIVE,False Positive
10023069,K08192.01,FALSE POSITIVE,False Positive
10028127,K08193.01,CANDIDATE,Exoplanet Candidate
10079317,K08194.01,FALSE POSITIVE,False Positive
10079481,K08195.01,FALSE POSITIVE,False Positive
10081899,K08196.01,FALSE POSITIVE,False Positive
10199817,K08197.01,FALSE POSITIVE,False Positive
10205598,K08198.01,FALSE POSITIVE,False Positive
10031643,K07984.01,FALSE POSITIVE,False Positive
10090151,K07985.01,FALSE POSITIVE,False Positive
10128825,K07986.01,CANDIDATE,Exoplanet Candidate
10147276,K07987.01,FALSE POSITIVE,False Positive
10155286,K07988.01,CANDIDATE,Exoplanet Candidate
10156110,K07989.01,FALSE POSITIVE,False Positive
